parts,distinct_keys,read_hamt_ns,read_btree_ns,read_mvcc_ns,read_layers_ns,read_perpart_ns,read_perpart_pruned_ns,read_perpart_compacted_ns,submit_hamt_ns,submit_btree_ns,submit_mvcc_ns,submit_layers_ns,submit_perpart_ns,submit_perpart_compacted_ns
1,32,82,90,165,85,95,125,95,4564,4820,4480,2160,2140,2140
2,64,164,180,165,127.5,180,155,180,9108,9620,4480,2160,2140,2140
3,96,164,180,165,169.15,265,185,265,9108,9620,4480,2160,2140,2140
4,128,164,180,165,215.645,350,215,350,9108,9620,4480,2160,2140,2140
5,160,164,180,165,249.39,435,245,435,9108,9620,4480,2160,2140,2140
6,191,164,180,165,296.65,520.01,275.095,520.01,9108,9620,4480,2160,2140,2140
7,223,164,180,165,342.72,605.03,305.285,605.03,9108,9620,4480,2160,2140,2140
8,254,164,180,165,387.94,690.08,335.76,690.08,9108,9620,4480,2160,2140,2140
9,286,164,180,165,426.02,775.08,365.76,775.08,9108,9620,4480,2160,2140,2140
10,317,164,180,165,458.15,860.08,395.76,860.08,9108,9620,4480,2160,2140,2140
11,349,164,180,165,518.67,945.1,425.95,945.1,9108,9620,4480,2160,2140,2140
12,381,164,180,165,544.595,1030.17,456.615,1030.17,9108,9620,4480,2160,2140,2140
13,413,164,180,165,595,1115.07,485.665,1115.07,9108,9620,4480,2160,2140,2140
14,445,164,180,165,636.565,1200.11,516.045,1200.11,9108,9620,4480,2160,2140,2140
15,477,164,180,165,693.515,1285.1,545.95,1285.1,9108,9620,4480,2160,2140,2140
16,509,164,180,165,711.025,1370.06,575.57,1370.06,9108,9620,4480,2160,2140,2140
17,541,164,180,165,775.625,1455.06,605.57,1455.06,9108,9620,4480,2160,2140,2140
18,573,164,180,165,812.005,1540.09,635.855,1540.09,9108,9620,4480,2160,2140,2140
19,605,164,180,165,868.785,1625.01,665.095,1625.01,9108,9620,4480,2160,2140,2140
20,637,164,180,165,874.735,1710.05,695.475,1710.05,9108,9620,4480,2160,2140,2140
21,669,164,180,165,915.365,1795.04,725.38,1795.04,9108,9620,4480,2160,2140,2140
22,701,164,180,165,951.32,1880.06,755.57,1880.06,9108,9620,4480,2160,2140,2140
23,732,164,180,165,974.865,1965.04,785.38,1965.04,9108,9620,4480,2160,2140,2140
24,764,164,180,165,1023.74,2050.06,815.57,2050.06,9108,9620,4480,2160,2140,2140
25,796,164,180,165,1122.17,2135.07,845.665,2135.07,9108,9620,4480,2160,2140,2140
26,828,164,180,165,1154.73,2220.08,875.76,2220.08,9108,9620,4480,2160,2140,2140
27,860,164,180,165,1196.63,2305.05,905.475,2305.05,9108,9620,4480,2160,2140,2140
28,892,164,180,165,1252.31,2390.05,935.475,2390.05,9108,9620,4480,2160,2140,2140
29,924,164,180,165,1334.41,2475.02,965.19,2475.02,9108,9620,4480,2160,2140,2140
30,955,164,180,165,1352.35,2560.04,995.38,2560.04,9108,9620,4480,2160,2140,2140
31,987,164,180,165,1412.53,2645.01,1025.1,2645.01,9108,9620,4480,2160,2140,2140
32,1019,164,180,165,1397.66,2730.03,1055.29,2730.03,9108,9620,4480,2160,2140,2140
33,1050,246,270,165,1433.02,2815.07,1085.66,2815.07,13652,14420,4480,2160,2140,2140
34,1082,246,270,165,1521.41,2900.05,1115.47,2900.05,13652,14420,4480,2160,2140,2140
35,1114,246,270,165,1526.6,2985.05,1145.47,2985.05,13652,14420,4480,2160,2140,2140
36,1146,246,270,165,1511.47,3070.09,1175.85,3070.09,13652,14420,4480,2160,2140,2140
37,1178,246,270,165,1631.49,3155.09,1205.85,3155.09,13652,14420,4480,2160,2140,2140
38,1209,246,270,165,1693.62,3240.04,1235.38,3240.04,13652,14420,4480,2160,2140,2140
39,1239,246,270,165,1718.36,3325.06,1265.57,3325.06,13652,14420,4480,2160,2140,2140
40,1271,246,270,165,1731.45,3410.07,1295.66,3410.07,13652,14420,4480,2160,2140,2140
41,1303,246,270,165,1841.36,3495.08,1325.76,3495.08,13652,14420,4480,2160,2140,2140
42,1334,246,270,165,1787.89,3580.06,1355.57,3580.06,13652,14420,4480,2160,2140,2140
43,1366,246,270,165,1906.12,3665.16,1386.52,3665.16,13652,14420,4480,2160,2140,2140
44,1398,246,270,165,1924.74,3750.09,1415.85,3750.09,13652,14420,4480,2160,2140,2140
45,1430,246,270,165,2002.34,3835.07,1445.66,3835.07,13652,14420,4480,2160,2140,2140
46,1462,246,270,165,1997.33,3920.08,1475.76,3920.08,13652,14420,4480,2160,2140,2140
47,1494,246,270,165,2072.81,4005.07,1505.66,4005.07,13652,14420,4480,2160,2140,2140
48,1526,246,270,165,2056.15,4090.07,1535.66,4090.07,13652,14420,4480,2160,2140,2140
49,1557,246,270,165,2180.84,4175.08,1565.76,4175.08,13652,14420,4480,2160,2140,2140
50,1589,246,270,165,2156.45,4260.02,1595.19,4260.02,13652,14420,4480,2160,2140,2140
51,1621,246,270,165,2223.68,4345.07,1625.66,4345.07,13652,14420,4480,2160,2140,2140
52,1651,246,270,165,2102.73,4430.08,1655.76,4430.08,13652,14420,4480,2160,2140,2140
53,1682,246,270,165,2246.38,4515.1,1685.95,4515.1,13652,14420,4480,2160,2140,2140
54,1712,246,270,165,2326.11,4600.1,1715.95,4600.1,13652,14420,4480,2160,2140,2140
55,1744,246,270,165,2325.01,4685.05,1745.47,4685.05,13652,14420,4480,2160,2140,2140
56,1776,246,270,165,2424.2,4770.12,1776.14,4770.12,13652,14420,4480,2160,2140,2140
57,1807,246,270,165,2376.77,4855.09,1805.85,4855.09,13652,14420,4480,2160,2140,2140
58,1837,246,270,165,2533.09,4940.13,1836.24,4940.13,13652,14420,4480,2160,2140,2140
59,1869,246,270,165,2557.48,5025.12,1866.14,5025.12,13652,14420,4480,2160,2140,2140
60,1901,246,270,165,2561.9,5110.13,1896.24,5110.13,13652,14420,4480,2160,2140,2140
61,1933,246,270,165,2650.72,5195.08,1925.76,5195.08,13652,14420,4480,2160,2140,2140
62,1964,246,270,165,2581.28,5280.1,1955.95,5280.1,13652,14420,4480,2160,2140,2140
63,1994,246,270,165,2789.36,5365.05,1985.47,5365.05,13652,14420,4480,2160,2140,2140
64,2025,246,270,165,2769.81,5450.11,2016.04,5450.11,13652,14420,4480,2160,2140,2140
65,2056,246,270,165,2813.92,5535.16,2046.52,5450.16,13652,14420,4480,2160,2140,2187.87
66,2087,246,270,165,2949.84,5620.18,2076.71,5450.18,13652,14420,4480,2160,2140,2235
67,2118,246,270,165,2889.32,5705.16,2106.52,5450.16,13652,14420,4480,2160,2140,2281.43
68,2147,246,270,165,2978.23,5790.16,2136.52,5450.16,13652,14420,4480,2160,2140,2327.17
69,2179,246,270,165,2946.18,5875.11,2166.05,5450.11,13652,14420,4480,2160,2140,2372.24
70,2210,246,270,165,3006.79,5960.12,2196.14,5450.12,13652,14420,4480,2160,2140,2416.67
71,2242,246,270,165,2945.84,6045.17,2226.62,5450.17,13652,14420,4480,2160,2140,2460.46
72,2273,246,270,165,3064.5,6130.14,2256.33,5450.14,13652,14420,4480,2160,2140,2503.64
73,2305,246,270,165,3028.97,6215.22,2287.09,5450.22,13652,14420,4480,2160,2140,2546.22
74,2337,246,270,165,3153.5,6300.13,2316.24,5450.13,13652,14420,4480,2160,2140,2588.23
75,2368,246,270,165,3221.33,6385.08,2345.76,5450.08,13652,14420,4480,2160,2140,2629.67
76,2399,246,270,165,3261.19,6470.1,2375.95,5450.1,13652,14420,4480,2160,2140,2670.56
77,2431,246,270,165,3205.43,6555.09,2405.86,5450.09,13652,14420,4480,2160,2140,2710.92
78,2461,246,270,165,3402.47,6640.08,2435.76,5450.08,13652,14420,4480,2160,2140,2750.76
79,2491,246,270,165,3381.47,6725.14,2466.33,5450.14,13652,14420,4480,2160,2140,2790.09
80,2522,246,270,165,3491.46,6810.17,2496.62,5450.17,13652,14420,4480,2160,2140,2828.93
81,2554,246,270,165,3375.94,6895.18,2526.71,5450.18,13652,14420,4480,2160,2140,2867.28
82,2586,246,270,165,3525.12,6980.15,2556.43,5450.15,13652,14420,4480,2160,2140,2905.16
83,2617,246,270,165,3577.82,7065.17,2586.62,5450.17,13652,14420,4480,2160,2140,2942.58
84,2648,246,270,165,3649.99,7150.12,2616.14,5450.12,13652,14420,4480,2160,2140,2979.56
85,2680,246,270,165,3637.74,7235.16,2646.52,5450.16,13652,14420,4480,2160,2140,3016.1
86,2711,246,270,165,3833.07,7320.15,2676.43,5450.15,13652,14420,4480,2160,2140,3052.21
87,2742,246,270,165,3647.26,7405.09,2705.86,5450.09,13652,14420,4480,2160,2140,3087.9
88,2774,246,270,165,3761.93,7490.13,2736.24,5450.13,13652,14420,4480,2160,2140,3123.18
89,2804,246,270,165,3807.49,7575.11,2766.05,5450.11,13652,14420,4480,2160,2140,3158.07
90,2833,246,270,165,3829.25,7660.15,2796.43,5450.15,13652,14420,4480,2160,2140,3192.57
91,2865,246,270,165,4009.11,7745.18,2826.71,5450.18,13652,14420,4480,2160,2140,3226.68
92,2896,246,270,165,3892.23,7830.14,2856.33,5450.14,13652,14420,4480,2160,2140,3260.42
93,2927,246,270,165,4014.64,7915.2,2886.9,5450.2,13652,14420,4480,2160,2140,3293.8
94,2958,246,270,165,4006.9,8000.25,2917.38,5450.25,13652,14420,4480,2160,2140,3326.82
95,2990,246,270,165,4035.38,8085.1,2945.95,5450.1,13652,14420,4480,2160,2140,3359.49
96,3020,246,270,165,4128.96,8170.11,2976.05,5450.11,13652,14420,4480,2160,2140,3391.82
97,3050,246,270,165,4041.24,8255.24,3007.28,5450.24,13652,14420,4480,2160,2140,3423.81
98,3081,246,270,165,4167.89,8340.24,3037.28,5450.24,13652,14420,4480,2160,2140,3455.48
99,3113,246,270,165,4260.45,8425.12,3066.14,5450.12,13652,14420,4480,2160,2140,3486.82
100,3143,246,270,165,4157.18,8510.25,3097.38,5450.25,13652,14420,4480,2160,2140,3517.85
101,3172,246,270,165,4239.46,8595.23,3127.18,5450.23,13652,14420,4480,2160,2140,3548.57
102,3202,246,270,165,4268.95,8680.15,3156.43,5450.15,13652,14420,4480,2160,2140,3578.99
103,3234,246,270,165,4296.92,8765.25,3187.38,5450.25,13652,14420,4480,2160,2140,3609.11
104,3263,246,270,165,4310.78,8850.14,3216.33,5450.14,13652,14420,4480,2160,2140,3638.94
105,3295,246,270,165,4506.27,8935.18,3246.71,5450.18,13652,14420,4480,2160,2140,3668.49
106,3326,246,270,165,4450.77,9020.19,3276.8,5450.19,13652,14420,4480,2160,2140,3697.75
107,3358,246,270,165,4551.58,9105.22,3307.09,5450.22,13652,14420,4480,2160,2140,3726.74
108,3389,246,270,165,4616.77,9190.23,3337.18,5450.23,13652,14420,4480,2160,2140,3755.46
109,3418,246,270,165,4709.26,9275.24,3367.28,5450.24,13652,14420,4480,2160,2140,3783.91
110,3449,246,270,165,4605.3,9360.19,3396.8,5450.19,13652,14420,4480,2160,2140,3812.11
111,3478,246,270,165,4748.69,9445.17,3426.62,5450.17,13652,14420,4480,2160,2140,3840.05
112,3508,246,270,165,4823.07,9530.18,3456.71,5450.18,13652,14420,4480,2160,2140,3867.74
113,3539,246,270,165,4728.47,9615.27,3487.57,5450.27,13652,14420,4480,2160,2140,3895.18
114,3571,246,270,165,4698.38,9700.18,3516.71,5450.18,13652,14420,4480,2160,2140,3922.38
115,3600,246,270,165,4908.15,9785.16,3546.52,5450.16,13652,14420,4480,2160,2140,3949.35
116,3630,246,270,165,5048.4,9870.21,3576.99,5450.21,13652,14420,4480,2160,2140,3976.08
117,3662,246,270,165,4970.12,9955.22,3607.09,5450.22,13652,14420,4480,2160,2140,4002.58
118,3692,246,270,165,4975.14,10040.2,3636.9,5450.2,13652,14420,4480,2160,2140,4028.86
119,3724,246,270,165,5145.31,10125.2,3666.99,5450.21,13652,14420,4480,2160,2140,4054.91
120,3755,246,270,165,5052.31,10210.2,3697.09,5450.22,13652,14420,4480,2160,2140,4080.75
121,3786,246,270,165,5126.94,10295.1,3726.43,5450.15,13652,14420,4480,2160,2140,4106.37
122,3816,246,270,165,5269.49,10380.2,3756.99,5450.21,13652,14420,4480,2160,2140,4131.78
123,3847,246,270,165,5191.72,10465.2,3786.71,5450.18,13652,14420,4480,2160,2140,4156.98
124,3876,246,270,165,5389.17,10550.2,3816.8,5450.19,13652,14420,4480,2160,2140,4181.98
125,3908,246,270,165,5310.89,10635.3,3847.47,5450.26,13652,14420,4480,2160,2140,4206.78
126,3940,246,270,165,5324.15,10720.2,3876.99,5450.21,13652,14420,4480,2160,2140,4231.38
127,3972,246,270,165,5350.41,10805.2,3906.62,5450.17,13652,14420,4480,2160,2140,4255.79
128,4004,246,270,165,5381.18,10890.3,3937.66,5450.28,13652,14420,4480,2160,2140,4280
129,4033,246,270,165,5478.93,10975.3,3967.57,5450.27,13652,14420,4480,2160,2140,4304.03
130,4062,246,270,165,5416.11,11060.2,3996.8,5450.19,13652,14420,4480,2160,2140,4327.87
131,4092,246,270,165,5650.37,11145.3,4027.66,5450.28,13652,14420,4480,2160,2140,4351.53
132,4124,246,270,165,5514.12,11230.3,4057.66,5450.28,13652,14420,4480,2160,2140,4375
133,4154,246,270,165,5690.15,11315.2,4087.38,5450.25,13652,14420,4480,2160,2140,4398.3
134,4185,246,270,165,5736.9,11400.3,4117.66,5450.28,13652,14420,4480,2160,2140,4421.43
135,4216,246,270,165,5780.68,11485.3,4147.47,5450.26,13652,14420,4480,2160,2140,4444.39
136,4245,246,270,165,5812.55,11570.2,4177.18,5450.23,13652,14420,4480,2160,2140,4467.17
137,4275,246,270,165,5744.47,11655.3,4208.14,5450.33,13652,14420,4480,2160,2140,4489.79
138,4307,246,270,165,5916,11740.2,4236.52,5450.16,13652,14420,4480,2160,2140,4512.24
139,4339,246,270,165,6032.96,11825.2,4267.18,5450.23,13652,14420,4480,2160,2140,4534.53
140,4368,246,270,165,6011.03,11910.2,4296.61,5450.17,13652,14420,4480,2160,2140,4556.67
141,4397,246,270,165,5781.95,11995.2,4326.9,5450.2,13652,14420,4480,2160,2140,4578.64
142,4428,246,270,165,5880.98,12080.3,4357.47,5450.26,13652,14420,4480,2160,2140,4600.46
143,4460,246,270,165,6044.18,12165.3,4387.76,5450.29,13652,14420,4480,2160,2140,4622.12
144,4489,246,270,165,5992.84,12250.3,4418.23,5450.34,13652,14420,4480,2160,2140,4643.64
145,4521,246,270,165,6276.99,12335.2,4446.71,5450.18,13652,14420,4480,2160,2140,4665.01
146,4553,246,270,165,6350.52,12420.2,4476.9,5450.2,13652,14420,4480,2160,2140,4686.22
147,4584,246,270,165,6385.54,12505.3,4507.95,5450.31,13652,14420,4480,2160,2140,4707.3
148,4616,246,270,165,6189.95,12590.2,4536.8,5450.19,13652,14420,4480,2160,2140,4728.23
149,4647,246,270,165,6512.27,12675.2,4567.28,5450.24,13652,14420,4480,2160,2140,4749.02
150,4679,246,270,165,6234.58,12760.3,4597.76,5450.29,13652,14420,4480,2160,2140,4769.67
151,4710,246,270,165,6360.21,12845.4,4628.42,5450.36,13652,14420,4480,2160,2140,4790.19
152,4742,246,270,165,6466.97,12930.3,4657.66,5450.28,13652,14420,4480,2160,2140,4810.56
153,4774,246,270,165,6397.95,13015.4,4688.52,5450.37,13652,14420,4480,2160,2140,4830.81
154,4805,246,270,165,6329.78,13100.3,4717.95,5450.31,13652,14420,4480,2160,2140,4850.92
155,4837,246,270,165,6675.9,13185.3,4747.66,5450.28,13652,14420,4480,2160,2140,4870.91
156,4867,246,270,165,6677.43,13270.3,4777.47,5450.26,13652,14420,4480,2160,2140,4890.76
157,4897,246,270,165,6617.68,13355.2,4807.28,5450.24,13652,14420,4480,2160,2140,4910.49
158,4928,246,270,165,6456.52,13440.2,4837.28,5450.24,13652,14420,4480,2160,2140,4930.09
159,4959,246,270,165,6688.99,13525.2,4866.8,5450.19,13652,14420,4480,2160,2140,4949.57
160,4990,246,270,165,6833.49,13610.3,4897.57,5450.27,13652,14420,4480,2160,2140,4968.93
161,5018,246,270,165,6750.79,13695.3,4927.76,5450.29,13652,14420,4480,2160,2140,4988.16
162,5048,246,270,165,6857.04,13780.4,4958.52,5450.37,13652,14420,4480,2160,2140,5007.28
163,5078,246,270,165,6820.99,13865.2,4986.71,5450.18,13652,14420,4480,2160,2140,5026.28
164,5108,246,270,165,7012.5,13950.3,5017.76,5450.29,13652,14420,4480,2160,2140,5045.16
165,5136,246,270,165,7142.64,14035.3,5047.95,5450.31,13652,14420,4480,2160,2140,5063.93
166,5167,246,270,165,7023.98,14120.3,5077.57,5450.27,13652,14420,4480,2160,2140,5082.58
167,5197,246,270,165,7160.65,14205.2,5107.28,5450.24,13652,14420,4480,2160,2140,5101.13
168,5228,246,270,165,7109.91,14290.3,5138.23,5450.34,13652,14420,4480,2160,2140,5119.56
169,5257,246,270,165,7150.88,14375.3,5168.04,5450.32,13652,14420,4480,2160,2140,5137.88
170,5284,246,270,165,6938.12,14460.3,5197.95,5450.31,13652,14420,4480,2160,2140,5156.1
171,5315,246,270,165,7126.4,14545.3,5227.47,5450.26,13652,14420,4480,2160,2140,5174.2
172,5346,246,270,165,7460.7,14630.3,5257.76,5450.29,13652,14420,4480,2160,2140,5192.21
173,5375,246,270,165,7175.79,14715.3,5288.04,5450.32,13652,14420,4480,2160,2140,5210.1
174,5405,246,270,165,7586.25,14800.3,5317.95,5450.31,13652,14420,4480,2160,2140,5227.9
175,5434,246,270,165,7657.91,14885.3,5347.47,5450.26,13652,14420,4480,2160,2140,5245.59
176,5466,246,270,165,7343.4,14970.4,5378.42,5450.36,13652,14420,4480,2160,2140,5263.18
177,5498,246,270,165,7407.66,15055.3,5407.66,5450.28,13652,14420,4480,2160,2140,5280.68
178,5530,246,270,165,7519.53,15140.4,5438.52,5450.37,13652,14420,4480,2160,2140,5298.07
179,5560,246,270,165,7648.22,15225.3,5467.47,5450.26,13652,14420,4480,2160,2140,5315.37
180,5592,246,270,165,7725.65,15310.3,5497.66,5450.28,13652,14420,4480,2160,2140,5332.57
181,5622,246,270,165,7747.66,15395.4,5528.8,5450.4,13652,14420,4480,2160,2140,5349.67
182,5653,246,270,165,7914.01,15480.4,5558.52,5450.37,13652,14420,4480,2160,2140,5366.68
183,5684,246,270,165,7858.51,15565.2,5586.71,5450.18,13652,14420,4480,2160,2140,5383.6
184,5715,246,270,165,7543.24,15650.4,5618.33,5450.35,13652,14420,4480,2160,2140,5400.42
185,5745,246,270,165,7730.07,15735.3,5648.14,5450.33,13652,14420,4480,2160,2140,5417.16
186,5775,246,270,165,7845.07,15820.3,5678.14,5450.33,13652,14420,4480,2160,2140,5433.8
187,5806,246,270,165,7903.73,15905.4,5708.42,5450.36,13652,14420,4480,2160,2140,5450.35
188,5837,246,270,165,7800.62,15990.4,5738.33,5450.35,13652,14420,4480,2160,2140,5466.82
189,5867,246,270,165,8132.72,16075.3,5767.57,5450.27,13652,14420,4480,2160,2140,5483.2
190,5898,246,270,165,7901.34,16160.2,5797.18,5450.23,13652,14420,4480,2160,2140,5499.49
191,5925,246,270,165,8032.59,16245.3,5828.04,5450.32,13652,14420,4480,2160,2140,5515.7
192,5955,246,270,165,8118.86,16330.3,5857.95,5450.31,13652,14420,4480,2160,2140,5531.82
193,5985,246,270,165,8192.56,16415.4,5888.52,5450.37,13652,14420,4480,2160,2140,5547.86
194,6016,246,270,165,8260.05,16500.4,5918.7,5450.39,13652,14420,4480,2160,2140,5563.81
195,6047,246,270,165,8573.61,16585.3,5947.76,5450.29,13652,14420,4480,2160,2140,5579.69
196,6077,246,270,165,8319.29,16670.3,5978.04,5450.32,13652,14420,4480,2160,2140,5595.48
197,6106,246,270,165,8507.23,16755.3,6008.04,5450.32,13652,14420,4480,2160,2140,5611.19
198,6133,246,270,165,8185.24,16840.3,6038.23,5450.34,13652,14420,4480,2160,2140,5626.82
199,6161,246,270,165,8616.79,16925.4,6069.18,5450.44,13652,14420,4480,2160,2140,5642.38
200,6191,246,270,165,8529.49,17010.4,6098.89,5450.41,13652,14420,4480,2160,2140,5657.85
201,6220,246,270,165,8638.12,17095.3,6128.04,5450.32,13652,14420,4480,2160,2140,5673.25
202,6250,246,270,165,8806.76,17180.3,6158.23,5450.34,13652,14420,4480,2160,2140,5688.57
203,6282,246,270,165,8555.42,17265.3,6188.33,5450.35,13652,14420,4480,2160,2140,5703.82
204,6311,246,270,165,8292.09,17350.2,6217.18,5450.23,13652,14420,4480,2160,2140,5718.99
205,6343,246,270,165,8745.99,17435.3,6247.95,5450.31,13652,14420,4480,2160,2140,5734.09
206,6372,246,270,165,8849.43,17520.2,6277.09,5450.22,13652,14420,4480,2160,2140,5749.11
207,6402,246,270,165,9003.54,17605.4,6308.42,5450.36,13652,14420,4480,2160,2140,5764.06
208,6431,246,270,165,8916.16,17690.3,6338.23,5450.34,13652,14420,4480,2160,2140,5778.94
209,6460,246,270,165,9016.12,17775.3,6367.85,5450.3,13652,14420,4480,2160,2140,5793.75
210,6488,246,270,165,9038.48,17860.3,6398.33,5450.35,13652,14420,4480,2160,2140,5808.49
211,6520,246,270,165,9335.04,17945.3,6427.95,5450.31,13652,14420,4480,2160,2140,5823.15
212,6551,246,270,165,8645.43,18030.4,6458.8,5450.4,13652,14420,4480,2160,2140,5837.75
213,6583,246,270,165,9106.48,18115.3,6488.33,5450.35,13652,14420,4480,2160,2140,5852.28
214,6614,246,270,165,9144.81,18200.2,6517.18,5450.23,13652,14420,4480,2160,2140,5866.74
215,6639,246,270,165,9014.84,18285.4,6548.61,5450.38,13652,14420,4480,2160,2140,5881.13
216,6669,246,270,165,9055.14,18370.4,6578.7,5450.39,13652,14420,4480,2160,2140,5895.46
217,6697,246,270,165,8936.9,18455.3,6608.04,5450.32,13652,14420,4480,2160,2140,5909.72
218,6727,246,270,165,9084.2,18540.4,6638.8,5450.4,13652,14420,4480,2160,2140,5923.91
219,6758,246,270,165,9474.52,18625.4,6668.52,5450.37,13652,14420,4480,2160,2140,5938.04
220,6788,246,270,165,9147.02,18710.3,6698.14,5450.33,13652,14420,4480,2160,2140,5952.11
221,6819,246,270,165,9795.4,18795.4,6728.52,5450.37,13652,14420,4480,2160,2140,5966.11
222,6849,246,270,165,9299.51,18880.3,6757.85,5450.3,13652,14420,4480,2160,2140,5980.05
223,6880,246,270,165,9254.63,18965.5,6789.27,5450.45,13652,14420,4480,2160,2140,5993.93
224,6909,246,270,165,9146.25,19050.5,6819.37,5450.46,13652,14420,4480,2160,2140,6007.74
225,6941,246,270,165,9236.86,19135.3,6847.76,5450.29,13652,14420,4480,2160,2140,6021.49
226,6971,246,270,165,9739.98,19220.4,6879.09,5450.43,13652,14420,4480,2160,2140,6035.18
227,7003,246,270,165,9581.97,19305.3,6908.04,5450.32,13652,14420,4480,2160,2140,6048.81
228,7033,246,270,165,9366.66,19390.4,6938.8,5450.4,13652,14420,4480,2160,2140,6062.38
229,7063,246,270,165,9808.15,19475.4,6968.52,5450.37,13652,14420,4480,2160,2140,6075.9
230,7093,246,270,165,9577.29,19560.3,6997.95,5450.31,13652,14420,4480,2160,2140,6089.35
231,7123,246,270,165,10001.2,19645.4,7028.89,5450.41,13652,14420,4480,2160,2140,6102.74
232,7150,246,270,165,9638.75,19730.4,7058.52,5450.37,13652,14420,4480,2160,2140,6116.08
233,7180,246,270,165,9809.85,19815.4,7088.99,5450.42,13652,14420,4480,2160,2140,6129.36
234,7208,246,270,165,9880.74,19900.4,7118.99,5450.42,13652,14420,4480,2160,2140,6142.58
235,7239,246,270,165,9824.73,19985.3,7148.14,5450.33,13652,14420,4480,2160,2140,6155.75
236,7269,246,270,165,9906.49,20070.4,7178.52,5450.37,13652,14420,4480,2160,2140,6168.86
237,7297,246,270,165,10082.4,20155.3,7207.66,5450.28,13652,14420,4480,2160,2140,6181.91
238,7328,246,270,165,9962,20240.3,7237.76,5450.29,13652,14420,4480,2160,2140,6194.91
239,7356,246,270,165,9846.48,20325.4,7268.52,5450.37,13652,14420,4480,2160,2140,6207.85
240,7386,246,270,165,9982.82,20410.4,7298.61,5450.38,13652,14420,4480,2160,2140,6220.75
241,7415,246,270,165,9968.12,20495.6,7330.41,5450.57,13652,14420,4480,2160,2140,6233.58
242,7444,246,270,165,10142.6,20580.4,7358.42,5450.36,13652,14420,4480,2160,2140,6246.37
243,7476,246,270,165,10395.9,20665.4,7388.61,5450.38,13652,14420,4480,2160,2140,6259.1
244,7505,246,270,165,10519.4,20750.5,7419.65,5450.49,13652,14420,4480,2160,2140,6271.78
245,7537,246,270,165,10304.5,20835.3,7448.23,5450.34,13652,14420,4480,2160,2140,6284.41
246,7568,246,270,165,10115.7,20920.5,7479.27,5450.45,13652,14420,4480,2160,2140,6296.98
247,7597,246,270,165,10370.6,21005.3,7508.04,5450.32,13652,14420,4480,2160,2140,6309.51
248,7627,246,270,165,10595.1,21090.5,7539.56,5450.48,13652,14420,4480,2160,2140,6321.98
249,7656,246,270,165,10615,21175.4,7568.42,5450.36,13652,14420,4480,2160,2140,6334.4
250,7683,246,270,165,10752.7,21260.4,7598.52,5450.37,13652,14420,4480,2160,2140,6346.78
251,7712,246,270,165,10222.3,21345.4,7629.09,5450.43,13652,14420,4480,2160,2140,6359.1
252,7744,246,270,165,10380,21430.4,7658.8,5450.4,13652,14420,4480,2160,2140,6371.38
253,7770,246,270,165,10803.4,21515.5,7689.85,5450.51,13652,14420,4480,2160,2140,6383.61
254,7800,246,270,165,11118.9,21600.3,7718.33,5450.35,13652,14420,4480,2160,2140,6395.79
255,7830,246,270,165,10797.5,21685.4,7748.89,5450.41,13652,14420,4480,2160,2140,6407.92
256,7860,246,270,165,11161.5,21770.5,7779.94,5450.52,13652,14420,4480,2160,2140,6420
257,7889,246,270,165,10732.4,21855.4,7808.42,5450.36,13652,14420,4480,2160,2140,6432.04
258,7917,246,270,165,10830.4,21940.3,7838.33,5450.35,13652,14420,4480,2160,2140,6444.03
259,7947,246,270,165,10603.8,22025.4,7869.18,5450.44,13652,14420,4480,2160,2140,6455.97
260,7977,246,270,165,10975.1,22110.4,7898.61,5450.38,13652,14420,4480,2160,2140,6467.87
261,8008,246,270,165,11044.8,22195.4,7928.99,5450.42,13652,14420,4480,2160,2140,6479.72
262,8038,246,270,165,11131.8,22280.3,7957.95,5450.31,13652,14420,4480,2160,2140,6491.53
263,8066,246,270,165,10992.8,22365.4,7989.09,5450.43,13652,14420,4480,2160,2140,6503.29
264,8095,246,270,165,11195.6,22450.5,8019.37,5450.46,13652,14420,4480,2160,2140,6515
265,8124,246,270,165,11197.6,22535.5,8049.56,5450.48,13652,14420,4480,2160,2140,6526.68
266,8154,246,270,165,11073.1,22620.4,8079.09,5450.43,13652,14420,4480,2160,2140,6538.3
267,8184,246,270,165,11093,22705.4,8108.89,5450.41,13652,14420,4480,2160,2140,6549.89
268,8215,246,270,165,11132.2,22790.4,8139.09,5450.43,13652,14420,4480,2160,2140,6561.43
269,8244,246,270,165,11389.7,22875.4,8168.8,5450.4,13652,14420,4480,2160,2140,6572.93
270,8274,246,270,165,11430.5,22960.4,8198.7,5450.39,13652,14420,4480,2160,2140,6584.39
271,8304,246,270,165,11132.5,23045.4,8228.61,5450.38,13652,14420,4480,2160,2140,6595.8
272,8331,246,270,165,11469.9,23130.5,8260.03,5450.53,13652,14420,4480,2160,2140,6607.17
273,8360,246,270,165,11551.5,23215.5,8289.37,5450.46,13652,14420,4480,2160,2140,6618.5
274,8390,246,270,165,11822.5,23300.4,8319.18,5450.44,13652,14420,4480,2160,2140,6629.79
275,8419,246,270,165,11677.7,23385.3,8348.23,5450.34,13652,14420,4480,2160,2140,6641.04
276,8446,246,270,165,11587.5,23470.5,8380.03,5450.53,13652,14420,4480,2160,2140,6652.24
277,8477,246,270,165,11658.7,23555.4,8408.61,5450.38,13652,14420,4480,2160,2140,6663.41
278,8506,246,270,165,11252.5,23640.5,8440.03,5450.53,13652,14420,4480,2160,2140,6674.53
279,8535,246,270,165,11828.6,23725.5,8469.75,5450.5,13652,14420,4480,2160,2140,6685.62
280,8566,246,270,165,11832.9,23810.5,8499.47,5450.47,13652,14420,4480,2160,2140,6696.67
281,8594,246,270,165,11982.1,23895.6,8530.89,5450.62,13652,14420,4480,2160,2140,6707.67
282,8625,246,270,165,11767.3,23980.5,8560.03,5450.53,13652,14420,4480,2160,2140,6718.64
283,8656,246,270,165,12150.5,24065.4,8589.18,5450.44,13652,14420,4480,2160,2140,6729.57
284,8686,246,270,165,11958.4,24150.4,8618.52,5450.37,13652,14420,4480,2160,2140,6740.46
285,8718,246,270,165,12053.7,24235.5,8650.13,5450.54,13652,14420,4480,2160,2140,6751.31
286,8745,246,270,165,12381.9,24320.4,8678.52,5450.37,13652,14420,4480,2160,2140,6762.12
287,8774,246,270,165,11874.2,24405.5,8709.66,5450.49,13652,14420,4480,2160,2140,6772.9
288,8802,246,270,165,12116.8,24490.4,8738.61,5450.38,13652,14420,4480,2160,2140,6783.64
289,8829,246,270,165,12398.5,24575.4,8768.99,5450.42,13652,14420,4480,2160,2140,6794.34
290,8858,246,270,165,12179.2,24660.4,8798.8,5450.4,13652,14420,4480,2160,2140,6805.01
291,8886,246,270,165,12243.7,24745.5,8829.56,5450.48,13652,14420,4480,2160,2140,6815.63
292,8914,246,270,165,12153.7,24830.6,8860.41,5450.57,13652,14420,4480,2160,2140,6826.22
293,8943,246,270,165,12336.6,24915.5,8889.47,5450.47,13652,14420,4480,2160,2140,6836.78
294,8973,246,270,165,12642.8,25000.4,8918.61,5450.38,13652,14420,4480,2160,2140,6847.3
295,9000,246,270,165,12411.4,25085.6,8950.6,5450.59,13652,14420,4480,2160,2140,6857.78
296,9026,246,270,165,12392.2,25170.5,8979.66,5450.49,13652,14420,4480,2160,2140,6868.23
297,9058,246,270,165,12773.2,25255.5,9009.84,5450.51,13652,14420,4480,2160,2140,6878.64
298,9089,246,270,165,12658.6,25340.4,9039.09,5450.43,13652,14420,4480,2160,2140,6889.02
299,9117,246,270,165,12757.1,25425.4,9069.09,5450.43,13652,14420,4480,2160,2140,6899.36
300,9146,246,270,165,12678.5,25510.5,9099.28,5450.45,13652,14420,4480,2160,2140,6909.67
301,9176,246,270,165,12099.1,25595.5,9129.94,5450.52,13652,14420,4480,2160,2140,6919.95
302,9207,246,270,165,13218.8,25680.5,9159.47,5450.47,13652,14420,4480,2160,2140,6930.19
303,9237,246,270,165,13002.9,25765.4,9188.99,5450.42,13652,14420,4480,2160,2140,6940.39
304,9268,246,270,165,12635.7,25850.6,9221.08,5450.64,13652,14420,4480,2160,2140,6950.56
305,9298,246,270,165,12648.7,25935.5,9249.75,5450.5,13652,14420,4480,2160,2140,6960.7
306,9329,246,270,165,12655.6,26020.5,9279.47,5450.47,13652,14420,4480,2160,2140,6970.81
307,9360,246,270,165,12968.2,26105.4,9309.09,5450.43,13652,14420,4480,2160,2140,6980.88
308,9390,246,270,165,13288.4,26190.5,9339.28,5450.45,13652,14420,4480,2160,2140,6990.92
309,9421,246,270,165,13213.8,26275.4,9368.7,5450.39,13652,14420,4480,2160,2140,7000.93
310,9448,246,270,165,12902.5,26360.4,9399.09,5450.43,13652,14420,4480,2160,2140,7010.91
311,9473,246,270,165,12925.9,26445.4,9428.52,5450.37,13652,14420,4480,2160,2140,7020.85
312,9504,246,270,165,13075.2,26530.6,9461.08,5450.64,13652,14420,4480,2160,2140,7030.76
313,9531,246,270,165,12848.3,26615.5,9490.22,5450.55,13652,14420,4480,2160,2140,7040.64
314,9559,246,270,165,13040.6,26700.5,9519.37,5450.46,13652,14420,4480,2160,2140,7050.49
315,9589,246,270,165,12857.4,26785.5,9549.84,5450.51,13652,14420,4480,2160,2140,7060.31
316,9618,246,270,165,13067,26870.5,9580.03,5450.53,13652,14420,4480,2160,2140,7070.09
317,9647,246,270,165,13334.7,26955.5,9609.94,5450.52,13652,14420,4480,2160,2140,7079.85
318,9678,246,270,165,13751,27040.5,9639.28,5450.45,13652,14420,4480,2160,2140,7089.57
319,9707,246,270,165,13435.2,27125.5,9670.22,5450.55,13652,14420,4480,2160,2140,7099.26
320,9737,246,270,165,13446.7,27210.4,9698.99,5450.42,13652,14420,4480,2160,2140,7108.93
321,9767,246,270,165,13273.7,27295.5,9729.37,5450.46,13652,14420,4480,2160,2140,7118.56
322,9795,246,270,165,13260.7,27380.6,9760.6,5450.59,13652,14420,4480,2160,2140,7128.16
323,9826,246,270,165,13456.6,27465.6,9790.32,5450.56,13652,14420,4480,2160,2140,7137.74
324,9855,246,270,165,13645,27550.5,9819.84,5450.51,13652,14420,4480,2160,2140,7147.28
325,9887,246,270,165,13561.1,27635.5,9849.84,5450.51,13652,14420,4480,2160,2140,7156.79
326,9916,246,270,165,13666.5,27720.6,9880.51,5450.58,13652,14420,4480,2160,2140,7166.28
327,9946,246,270,165,13593.4,27805.7,9911.56,5450.69,13652,14420,4480,2160,2140,7175.73
328,9977,246,270,165,13791.3,27890.6,9940.32,5450.56,13652,14420,4480,2160,2140,7185.16
329,10008,246,270,165,13655.6,27975.5,9969.37,5450.46,13652,14420,4480,2160,2140,7194.56
330,10038,246,270,165,13942.8,28060.5,9999.37,5450.46,13652,14420,4480,2160,2140,7203.93
331,10067,246,270,165,13540.9,28145.6,10030.8,5450.61,13652,14420,4480,2160,2140,7213.27
332,10096,246,270,165,14391.9,28230.6,10060.3,5450.56,13652,14420,4480,2160,2140,7222.58
333,10124,246,270,165,13960.1,28315.5,10089.3,5450.45,13652,14420,4480,2160,2140,7231.87
334,10154,246,270,165,14264.4,28400.6,10120.3,5450.56,13652,14420,4480,2160,2140,7241.13
335,10184,246,270,165,14032,28485.6,10150.6,5450.59,13652,14420,4480,2160,2140,7250.36
336,10208,246,270,165,14109.7,28570.5,10179.8,5450.51,13652,14420,4480,2160,2140,7259.56
337,10239,246,270,165,14314.3,28655.4,10208.7,5450.39,13652,14420,4480,2160,2140,7268.73
338,10268,246,270,165,14135.3,28740.4,10239.2,5450.44,13652,14420,4480,2160,2140,7277.88
339,10290,246,270,165,14237.3,28825.6,10270.7,5450.6,13652,14420,4480,2160,2140,7287
340,10315,246,270,165,13899.9,28910.7,10301.5,5450.68,13652,14420,4480,2160,2140,7296.1
341,10343,246,270,165,13976.6,28995.5,10329.7,5450.49,13652,14420,4480,2160,2140,7305.16
342,10372,246,270,165,14416.8,29080.6,10360.5,5450.58,13652,14420,4480,2160,2140,7314.2
343,10401,246,270,165,14667.3,29165.5,10390,5450.53,13652,14420,4480,2160,2140,7323.22
344,10430,246,270,165,14636.7,29250.5,10419.4,5450.46,13652,14420,4480,2160,2140,7332.21
345,10458,246,270,165,14171.9,29335.6,10450.9,5450.62,13652,14420,4480,2160,2140,7341.17
346,10486,246,270,165,14638.2,29420.7,10481.2,5450.65,13652,14420,4480,2160,2140,7350.1
347,10516,246,270,165,14582.3,29505.6,10510.3,5450.56,13652,14420,4480,2160,2140,7359.01
348,10546,246,270,165,14696.8,29590.6,10541,5450.63,13652,14420,4480,2160,2140,7367.9
349,10578,246,270,165,14348.1,29675.7,10571.2,5450.65,13652,14420,4480,2160,2140,7376.76
350,10606,246,270,165,14508.6,29760.6,10600.6,5450.59,13652,14420,4480,2160,2140,7385.59
351,10637,246,270,165,14726.7,29845.6,10630.3,5450.56,13652,14420,4480,2160,2140,7394.4
352,10667,246,270,165,14196.6,29930.6,10660.6,5450.59,13652,14420,4480,2160,2140,7403.18
353,10696,246,270,165,14431.6,30015.5,10690.2,5450.55,13652,14420,4480,2160,2140,7411.94
354,10724,246,270,165,14470.3,30100.6,10720.3,5450.56,13652,14420,4480,2160,2140,7420.68
355,10755,246,270,165,14918.5,30185.6,10750.3,5450.56,13652,14420,4480,2160,2140,7429.38
356,10783,246,270,165,14644.3,30270.5,10779.7,5450.49,13652,14420,4480,2160,2140,7438.07
357,10812,246,270,165,14988.3,30355.7,10811.6,5450.69,13652,14420,4480,2160,2140,7446.73
358,10840,246,270,165,15258.4,30440.6,10841.1,5450.64,13652,14420,4480,2160,2140,7455.37
359,10871,246,270,165,15363.4,30525.5,10870.2,5450.55,13652,14420,4480,2160,2140,7463.98
360,10902,246,270,165,14684.9,30610.5,10899.7,5450.49,13652,14420,4480,2160,2140,7472.57
361,10932,246,270,165,15156,30695.3,10928.3,5450.35,13652,14420,4480,2160,2140,7481.13
362,10959,246,270,165,15773.5,30780.8,10962.7,5450.81,13652,14420,4480,2160,2140,7489.67
363,10987,246,270,165,14708.6,30865.7,10991.4,5450.67,13652,14420,4480,2160,2140,7498.19
364,11016,246,270,165,15213.7,30950.6,11020.8,5450.61,13652,14420,4480,2160,2140,7506.68
365,11047,246,270,165,15358.3,31035.6,11050.7,5450.6,13652,14420,4480,2160,2140,7515.15
366,11074,246,270,165,15422.1,31120.6,11080.8,5450.61,13652,14420,4480,2160,2140,7523.6
367,11101,246,270,165,14795.4,31205.5,11109.5,5450.47,13652,14420,4480,2160,2140,7532.02
368,11128,246,270,165,15536,31290.6,11140.3,5450.56,13652,14420,4480,2160,2140,7540.42
369,11157,246,270,165,15441.2,31375.6,11170.7,5450.6,13652,14420,4480,2160,2140,7548.8
370,11187,246,270,165,15479.7,31460.6,11200.4,5450.57,13652,14420,4480,2160,2140,7557.16
371,11216,246,270,165,15159.3,31545.6,11230.8,5450.61,13652,14420,4480,2160,2140,7565.49
372,11245,246,270,165,15771.6,31630.6,11260.5,5450.58,13652,14420,4480,2160,2140,7573.8
373,11274,246,270,165,15628.5,31715.7,11291.2,5450.65,13652,14420,4480,2160,2140,7582.09
374,11300,246,270,165,15714.5,31800.5,11319.8,5450.51,13652,14420,4480,2160,2140,7590.35
375,11330,246,270,165,14985,31885.5,11349.4,5450.46,13652,14420,4480,2160,2140,7598.6
376,11358,246,270,165,15654.8,31970.6,11380.9,5450.62,13652,14420,4480,2160,2140,7606.82
377,11387,246,270,165,16029.5,32055.6,11410.5,5450.58,13652,14420,4480,2160,2140,7615.02
378,11418,246,270,165,16348.9,32140.5,11439.3,5450.45,13652,14420,4480,2160,2140,7623.2
379,11447,246,270,165,15603.8,32225.7,11471.3,5450.66,13652,14420,4480,2160,2140,7631.36
380,11477,246,270,165,15565.2,32310.6,11500.7,5450.6,13652,14420,4480,2160,2140,7639.49
381,11506,246,270,165,15877.8,32395.8,11532.7,5450.81,13652,14420,4480,2160,2140,7647.6
382,11536,246,270,165,16067.7,32480.7,11561.2,5450.65,13652,14420,4480,2160,2140,7655.7
383,11565,246,270,165,15903.1,32565.5,11589.9,5450.52,13652,14420,4480,2160,2140,7663.77
384,11592,246,270,165,16391.8,32650.5,11619.4,5450.46,13652,14420,4480,2160,2140,7671.82
385,11622,246,270,165,15675.9,32735.6,11651,5450.63,13652,14420,4480,2160,2140,7679.85
386,11653,246,270,165,16278,32820.6,11680.9,5450.62,13652,14420,4480,2160,2140,7687.86
387,11682,246,270,165,16083.4,32905.7,11711.3,5450.66,13652,14420,4480,2160,2140,7695.85
388,11710,246,270,165,16553.8,32990.5,11740.1,5450.54,13652,14420,4480,2160,2140,7703.81
389,11739,246,270,165,15707.7,33075.6,11770.9,5450.62,13652,14420,4480,2160,2140,7711.76
390,11770,246,270,165,16456.7,33160.7,11801.2,5450.65,13652,14420,4480,2160,2140,7719.69
391,11799,246,270,165,16329.2,33245.6,11830.8,5450.61,13652,14420,4480,2160,2140,7727.59
392,11829,246,270,165,16417,33330.6,11861,5450.63,13652,14420,4480,2160,2140,7735.48
393,11859,246,270,165,16137.9,33415.8,11892.6,5450.8,13652,14420,4480,2160,2140,7743.34
394,11884,246,270,165,16085.7,33500.7,11922,5450.74,13652,14420,4480,2160,2140,7751.19
395,11911,246,270,165,16530.5,33585.4,11949,5450.42,13652,14420,4480,2160,2140,7759.02
396,11940,246,270,165,16314.8,33670.7,11982,5450.74,13652,14420,4480,2160,2140,7766.82
397,11967,246,270,165,16086,33755.7,12011.7,5450.7,13652,14420,4480,2160,2140,7774.61
398,11994,246,270,165,16852.1,33840.6,12040.7,5450.6,13652,14420,4480,2160,2140,7782.38
399,12021,246,270,165,16783.8,33925.5,12069.6,5450.48,13652,14420,4480,2160,2140,7790.12
400,12046,246,270,165,16305.5,34010.7,12101.4,5450.67,13652,14420,4480,2160,2140,7797.85
401,12073,246,270,165,16701.7,34095.7,12131.5,5450.68,13652,14420,4480,2160,2140,7805.56
402,12103,246,270,165,17129.6,34180.6,12160.7,5450.6,13652,14420,4480,2160,2140,7813.25
403,12132,246,270,165,16513.6,34265.6,12190.3,5450.56,13652,14420,4480,2160,2140,7820.92
404,12161,246,270,165,16877.9,34350.6,12220.7,5450.6,13652,14420,4480,2160,2140,7828.57
405,12189,246,270,165,17411.9,34435.6,12250.9,5450.62,13652,14420,4480,2160,2140,7836.21
406,12216,246,270,165,17015.4,34520.7,12281.7,5450.71,13652,14420,4480,2160,2140,7843.82
407,12244,246,270,165,17361.5,34605.7,12311.5,5450.68,13652,14420,4480,2160,2140,7851.41
408,12270,246,270,165,16671.1,34690.8,12342.2,5450.76,13652,14420,4480,2160,2140,7858.99
409,12300,246,270,165,17717.7,34775.6,12370.3,5450.56,13652,14420,4480,2160,2140,7866.55
410,12326,246,270,165,17090.5,34860.7,12401.6,5450.69,13652,14420,4480,2160,2140,7874.09
411,12352,246,270,165,17202.5,34945.8,12432.6,5450.8,13652,14420,4480,2160,2140,7881.61
412,12382,246,270,165,16917.5,35030.6,12460.2,5450.55,13652,14420,4480,2160,2140,7889.11
413,12410,246,270,165,16944.8,35115.6,12490.5,5450.58,13652,14420,4480,2160,2140,7896.6
414,12438,246,270,165,16754.5,35200.6,12520.5,5450.58,13652,14420,4480,2160,2140,7904.06
415,12463,246,270,165,16804,35285.8,12552.2,5450.76,13652,14420,4480,2160,2140,7911.51
416,12491,246,270,165,17392.4,35370.6,12580.7,5450.6,13652,14420,4480,2160,2140,7918.94
417,12520,246,270,165,17322.3,35455.8,12612.6,5450.8,13652,14420,4480,2160,2140,7926.35
418,12547,246,270,165,17653.1,35540.6,12640.8,5450.61,13652,14420,4480,2160,2140,7933.75
419,12575,246,270,165,17470.7,35625.7,12672,5450.74,13652,14420,4480,2160,2140,7941.13
420,12603,246,270,165,18133.4,35710.6,12700.8,5450.61,13652,14420,4480,2160,2140,7948.49
421,12630,246,270,165,16932.7,35795.8,12732.1,5450.75,13652,14420,4480,2160,2140,7955.83
422,12659,246,270,165,17545.1,35880.6,12760.8,5450.61,13652,14420,4480,2160,2140,7963.15
423,12685,246,270,165,17774.6,35965.8,12792.8,5450.82,13652,14420,4480,2160,2140,7970.46
424,12711,246,270,165,18095.1,36050.6,12820.7,5450.6,13652,14420,4480,2160,2140,7977.75
425,12739,246,270,165,17673.2,36135.7,12851.3,5450.66,13652,14420,4480,2160,2140,7985.02
426,12767,246,270,165,17791.3,36220.7,12881.9,5450.73,13652,14420,4480,2160,2140,7992.28
427,12795,246,270,165,17332.2,36305.7,12911.3,5450.66,13652,14420,4480,2160,2140,7999.52
428,12822,246,270,165,17468.3,36390.6,12940.3,5450.56,13652,14420,4480,2160,2140,8006.74
429,12850,246,270,165,17172.5,36475.9,12973.3,5450.87,13652,14420,4480,2160,2140,8013.94
430,12878,246,270,165,18048.8,36560.7,13001.7,5450.7,13652,14420,4480,2160,2140,8021.13
431,12907,246,270,165,17804,36645.6,13030.6,5450.59,13652,14420,4480,2160,2140,8028.3
432,12935,246,270,165,17927.4,36730.6,13060.3,5450.56,13652,14420,4480,2160,2140,8035.46
433,12965,246,270,165,18429.4,36815.6,13090.6,5450.59,13652,14420,4480,2160,2140,8042.6
434,12994,246,270,165,17842.4,36900.7,13121.4,5450.67,13652,14420,4480,2160,2140,8049.72
435,13025,246,270,165,18255.3,36985.6,13151,5450.63,13652,14420,4480,2160,2140,8056.83
436,13056,246,270,165,18351.2,37070.7,13181.4,5450.67,13652,14420,4480,2160,2140,8063.91
437,13082,246,270,165,17567.6,37155.7,13211.6,5450.69,13652,14420,4480,2160,2140,8070.99
438,13110,246,270,165,18185.4,37240.5,13240,5450.53,13652,14420,4480,2160,2140,8078.04
439,13139,246,270,165,18304.6,37325.8,13272.7,5450.81,13652,14420,4480,2160,2140,8085.09
440,13166,246,270,165,18415.2,37410.8,13302.6,5450.8,13652,14420,4480,2160,2140,8092.11
441,13196,246,270,165,18264.6,37495.7,13331.3,5450.66,13652,14420,4480,2160,2140,8099.12
442,13226,246,270,165,18329.4,37580.7,13361.9,5450.73,13652,14420,4480,2160,2140,8106.11
443,13252,246,270,165,18816.5,37665.7,13391.7,5450.7,13652,14420,4480,2160,2140,8113.09
444,13276,246,270,165,18559.2,37750.7,13421.8,5450.72,13652,14420,4480,2160,2140,8120.05
445,13302,246,270,165,18491.1,37835.7,13451.3,5450.66,13652,14420,4480,2160,2140,8127
446,13331,246,270,165,18580.9,37920.7,13481.2,5450.65,13652,14420,4480,2160,2140,8133.93
447,13361,246,270,165,19394.9,38005.6,13510.7,5450.6,13652,14420,4480,2160,2140,8140.84
448,13390,246,270,165,19727.1,38090.7,13541.7,5450.7,13652,14420,4480,2160,2140,8147.74
449,13415,246,270,165,18775.3,38175.7,13571.7,5450.71,13652,14420,4480,2160,2140,8154.62
450,13445,246,270,165,19169.7,38260.7,13601.6,5450.69,13652,14420,4480,2160,2140,8161.49
451,13475,246,270,165,18827.2,38345.6,13630.9,5450.62,13652,14420,4480,2160,2140,8168.34
452,13502,246,270,165,18304,38430.8,13662.7,5450.81,13652,14420,4480,2160,2140,8175.18
453,13529,246,270,165,19007.2,38515.8,13692.9,5450.83,13652,14420,4480,2160,2140,8182.01
454,13556,246,270,165,18749.2,38600.8,13722.4,5450.78,13652,14420,4480,2160,2140,8188.81
455,13586,246,270,165,18534.9,38685.6,13750.7,5450.6,13652,14420,4480,2160,2140,8195.61
456,13614,246,270,165,18777,38770.6,13780.4,5450.57,13652,14420,4480,2160,2140,8202.38
457,13641,246,270,165,18255.2,38855.7,13811.7,5450.7,13652,14420,4480,2160,2140,8209.15
458,13671,246,270,165,19369.9,38940.7,13841.7,5450.7,13652,14420,4480,2160,2140,8215.9
459,13698,246,270,165,19777.5,39025.7,13871.7,5450.7,13652,14420,4480,2160,2140,8222.63
460,13726,246,270,165,19146.9,39110.6,13900.5,5450.58,13652,14420,4480,2160,2140,8229.35
461,13755,246,270,165,19037.5,39195.7,13931.4,5450.67,13652,14420,4480,2160,2140,8236.05
462,13781,246,270,165,19882.7,39280.7,13961.4,5450.67,13652,14420,4480,2160,2140,8242.74
463,13809,246,270,165,19421.3,39365.8,13992.9,5450.83,13652,14420,4480,2160,2140,8249.42
464,13837,246,270,165,19413.2,39450.7,14022,5450.74,13652,14420,4480,2160,2140,8256.08
465,13868,246,270,165,19223.3,39535.7,14052,5450.74,13652,14420,4480,2160,2140,8262.73
466,13894,246,270,165,18969.7,39620.8,14082.3,5450.77,13652,14420,4480,2160,2140,8269.36
467,13921,246,270,165,19493.9,39705.7,14112,5450.74,13652,14420,4480,2160,2140,8275.98
468,13951,246,270,165,19171.5,39790.7,14141.8,5450.72,13652,14420,4480,2160,2140,8282.58
469,13981,246,270,165,19358.8,39875.6,14171,5450.63,13652,14420,4480,2160,2140,8289.17
470,14008,246,270,165,19408,39960.8,14203,5450.84,13652,14420,4480,2160,2140,8295.75
471,14035,246,270,165,20027,40045.8,14233.1,5450.85,13652,14420,4480,2160,2140,8302.31
472,14064,246,270,165,18921.8,40130.8,14262.6,5450.8,13652,14420,4480,2160,2140,8308.86
473,14094,246,270,165,19415.2,40215.8,14292.6,5450.8,13652,14420,4480,2160,2140,8315.39
474,14122,246,270,165,19382.5,40300.7,14321.2,5450.65,13652,14420,4480,2160,2140,8321.91
475,14148,246,270,165,19832.1,40385.7,14351.9,5450.73,13652,14420,4480,2160,2140,8328.42
476,14178,246,270,165,19449.6,40470.8,14382.1,5450.75,13652,14420,4480,2160,2140,8334.91
477,14207,246,270,165,19037.9,40556,14414.5,5451,13652,14420,4480,2160,2140,8341.39
478,14237,246,270,165,19822.5,40640.8,14442.7,5450.81,13652,14420,4480,2160,2140,8347.85
479,14264,246,270,165,20340.2,40725.6,14471.1,5450.64,13652,14420,4480,2160,2140,8354.31
480,14288,246,270,165,19862.6,40810.9,14503.5,5450.89,13652,14420,4480,2160,2140,8360.75
481,14315,246,270,165,20707.4,40895.7,14532,5450.74,13652,14420,4480,2160,2140,8367.17
482,14343,246,270,165,20303.7,40980.6,14560.4,5450.57,13652,14420,4480,2160,2140,8373.58
483,14372,246,270,165,19711.4,41065.7,14591.7,5450.7,13652,14420,4480,2160,2140,8379.98
484,14399,246,270,165,20551.6,41150.7,14621.7,5450.7,13652,14420,4480,2160,2140,8386.37
485,14428,246,270,165,20225.6,41235.7,14651.7,5450.71,13652,14420,4480,2160,2140,8392.74
486,14457,246,270,165,19901.4,41320.8,14682.2,5450.76,13652,14420,4480,2160,2140,8399.1
487,14487,246,270,165,20182.5,41405.7,14711.5,5450.68,13652,14420,4480,2160,2140,8405.44
488,14516,246,270,165,20377,41490.7,14741.8,5450.72,13652,14420,4480,2160,2140,8411.78
489,14544,246,270,165,20043.8,41575.8,14772.1,5450.75,13652,14420,4480,2160,2140,8418.1
490,14574,246,270,165,19089,41660.9,14803.2,5450.86,13652,14420,4480,2160,2140,8424.41
491,14605,246,270,165,20640.7,41745.8,14832.6,5450.8,13652,14420,4480,2160,2140,8430.7
492,14631,246,270,165,20191.8,41830.6,14860.9,5450.62,13652,14420,4480,2160,2140,8436.98
493,14659,246,270,165,21091.8,41915.7,14891.4,5450.67,13652,14420,4480,2160,2140,8443.25
494,14686,246,270,165,20272.9,42000.7,14921.4,5450.67,13652,14420,4480,2160,2140,8449.51
495,14714,246,270,165,20792.5,42085.8,14952.5,5450.79,13652,14420,4480,2160,2140,8455.75
496,14744,246,270,165,21242.3,42170.8,14983,5450.84,13652,14420,4480,2160,2140,8461.98
497,14773,246,270,165,20385.6,42255.9,15013.5,5450.9,13652,14420,4480,2160,2140,8468.2
498,14801,246,270,165,20214.4,42340.8,15042.5,5450.79,13652,14420,4480,2160,2140,8474.4
499,14828,246,270,165,20450.6,42425.8,15072.6,5450.8,13652,14420,4480,2160,2140,8480.6
500,14856,246,270,165,21161.8,42510.8,15102.3,5450.77,13652,14420,4480,2160,2140,8486.78
501,14881,246,270,165,20642.8,42595.8,15132.1,5450.75,13652,14420,4480,2160,2140,8492.95
502,14908,246,270,165,20849,42680.8,15162.2,5450.76,13652,14420,4480,2160,2140,8499.1
503,14936,246,270,165,20734.6,42765.8,15192.7,5450.81,13652,14420,4480,2160,2140,8505.25
504,14960,246,270,165,20968.6,42850.7,15221.6,5450.69,13652,14420,4480,2160,2140,8511.38
505,14986,246,270,165,20799.8,42935.8,15252.1,5450.75,13652,14420,4480,2160,2140,8517.5
506,15009,246,270,165,21249,43020.7,15281.7,5450.7,13652,14420,4480,2160,2140,8523.61
507,15037,246,270,165,20909.9,43105.8,15312.1,5450.75,13652,14420,4480,2160,2140,8529.7
508,15065,246,270,165,21349.5,43190.9,15343.6,5450.91,13652,14420,4480,2160,2140,8535.79
509,15090,246,270,165,20823.1,43275.9,15373.5,5450.9,13652,14420,4480,2160,2140,8541.86
510,15119,246,270,165,20997.6,43360.8,15402.1,5450.75,13652,14420,4480,2160,2140,8547.92
511,15145,246,270,165,21190.6,43445.7,15431.6,5450.69,13652,14420,4480,2160,2140,8553.96
512,15172,246,270,165,21146.3,43531,15464.7,5451.02,13652,14420,4480,2160,2140,8560
513,15202,246,270,165,21143.8,43615.8,15492.1,5450.75,13652,14420,4480,2160,2140,8566.02
514,15226,246,270,165,20256.9,43700.8,15522.5,5450.79,13652,14420,4480,2160,2140,8572.04
515,15255,246,270,165,21111.9,43785.9,15553.5,5450.9,13652,14420,4480,2160,2140,8578.04
516,15285,246,270,165,21300.1,43870.8,15582.6,5450.8,13652,14420,4480,2160,2140,8584.03
517,15313,246,270,165,21403.9,43955.7,15611.7,5450.7,13652,14420,4480,2160,2140,8590
518,15340,246,270,165,21626.7,44040.8,15642.6,5450.8,13652,14420,4480,2160,2140,8595.97
519,15368,246,270,165,22042.1,44125.9,15673.6,5450.91,13652,14420,4480,2160,2140,8601.92
520,15396,246,270,165,20911.5,44211,15704.1,5450.96,13652,14420,4480,2160,2140,8607.87
521,15423,246,270,165,21933.1,44295.9,15733.5,5450.89,13652,14420,4480,2160,2140,8613.8
522,15449,246,270,165,21534.9,44380.8,15763.1,5450.85,13652,14420,4480,2160,2140,8619.72
523,15478,246,270,165,21241.3,44465.8,15792.6,5450.8,13652,14420,4480,2160,2140,8625.63
524,15503,246,270,165,22612.2,44550.8,15822.7,5450.81,13652,14420,4480,2160,2140,8631.53
525,15532,246,270,165,22203.3,44635.8,15853.1,5450.85,13652,14420,4480,2160,2140,8637.41
526,15559,246,270,165,21780.5,44720.8,15883.1,5450.85,13652,14420,4480,2160,2140,8643.29
527,15586,246,270,165,22687,44805.7,15911.7,5450.71,13652,14420,4480,2160,2140,8649.15
528,15613,246,270,165,22235.8,44890.7,15941.9,5450.73,13652,14420,4480,2160,2140,8655
529,15637,246,270,165,21683.3,44976,15974.4,5450.99,13652,14420,4480,2160,2140,8660.85
530,15662,246,270,165,22204.6,45060.9,16003.4,5450.88,13652,14420,4480,2160,2140,8666.68
531,15689,246,270,165,21201,45145.8,16032.8,5450.82,13652,14420,4480,2160,2140,8672.5
532,15717,246,270,165,22019,45230.8,16062.2,5450.76,13652,14420,4480,2160,2140,8678.3
533,15738,246,270,165,21813,45315.6,16090.9,5450.62,13652,14420,4480,2160,2140,8684.1
534,15766,246,270,165,23281.5,45400.7,16121.3,5450.66,13652,14420,4480,2160,2140,8689.89
535,15793,246,270,165,21677.4,45485.8,16152.8,5450.82,13652,14420,4480,2160,2140,8695.67
536,15822,246,270,165,21844.7,45571,16184.7,5451.02,13652,14420,4480,2160,2140,8701.43
537,15851,246,270,165,22344.9,45656.1,16215,5451.05,13652,14420,4480,2160,2140,8707.19
538,15878,246,270,165,22506.1,45740.7,16241.3,5450.66,13652,14420,4480,2160,2140,8712.93
539,15904,246,270,165,21938.5,45825.8,16272.7,5450.81,13652,14420,4480,2160,2140,8718.66
540,15933,246,270,165,22561.1,45910.9,16303.5,5450.89,13652,14420,4480,2160,2140,8724.39
541,15959,246,270,165,22636.3,45996.1,16335.1,5451.06,13652,14420,4480,2160,2140,8730.1
542,15985,246,270,165,22357.4,46080.7,16361.3,5450.66,13652,14420,4480,2160,2140,8735.8
543,16013,246,270,165,22822.3,46166,16394.2,5450.97,13652,14420,4480,2160,2140,8741.49
544,16041,246,270,165,22733.7,46250.9,16423.9,5450.94,13652,14420,4480,2160,2140,8747.17
545,16067,246,270,165,22887.3,46335.9,16453.6,5450.91,13652,14420,4480,2160,2140,8752.84
546,16097,246,270,165,22552.9,46420.9,16483.6,5450.9,13652,14420,4480,2160,2140,8758.5
547,16124,246,270,165,22539.7,46505.9,16513.6,5450.91,13652,14420,4480,2160,2140,8764.15
548,16153,246,270,165,22601.3,46590.8,16542.2,5450.76,13652,14420,4480,2160,2140,8769.79
549,16182,246,270,165,22751.1,46676,16574.4,5450.99,13652,14420,4480,2160,2140,8775.42
550,16210,246,270,165,22690.8,46760.9,16604,5450.95,13652,14420,4480,2160,2140,8781.04
551,16235,246,270,165,23098.2,46845.9,16633.8,5450.93,13652,14420,4480,2160,2140,8786.64
552,16263,246,270,165,22213.1,46930.8,16662.8,5450.82,13652,14420,4480,2160,2140,8792.24
553,16288,246,270,165,23440.6,47015.9,16693.7,5450.92,13652,14420,4480,2160,2140,8797.83
554,16314,246,270,165,23081.8,47100.9,16723.3,5450.87,13652,14420,4480,2160,2140,8803.41
555,16342,246,270,165,23389.2,47185.9,16753.2,5450.86,13652,14420,4480,2160,2140,8808.98
556,16369,246,270,165,23050.2,47270.8,16782.5,5450.79,13652,14420,4480,2160,2140,8814.53
557,16392,246,270,165,22813.2,47355.9,16813.7,5450.92,13652,14420,4480,2160,2140,8820.08
558,16422,246,270,165,23096.7,47440.8,16842.3,5450.77,13652,14420,4480,2160,2140,8825.62
559,16451,246,270,165,22381.2,47525.9,16873.6,5450.9,13652,14420,4480,2160,2140,8831.15
560,16480,246,270,165,23666.5,47610.8,16902.1,5450.75,13652,14420,4480,2160,2140,8836.67
561,16504,246,270,165,23216.7,47695.7,16931.2,5450.65,13652,14420,4480,2160,2140,8842.17
562,16526,246,270,165,23633.2,47781,16964.7,5451.02,13652,14420,4480,2160,2140,8847.67
563,16552,246,270,165,23498.6,47865.9,16993.5,5450.89,13652,14420,4480,2160,2140,8853.16
564,16579,246,270,165,23325.2,47950.9,17023.2,5450.86,13652,14420,4480,2160,2140,8858.64
565,16604,246,270,165,23368.4,48035.9,17053.3,5450.87,13652,14420,4480,2160,2140,8864.11
566,16631,246,270,165,22967.4,48120.8,17083,5450.84,13652,14420,4480,2160,2140,8869.57
567,16654,246,270,165,23325.6,48205.8,17112.6,5450.8,13652,14420,4480,2160,2140,8875.02
568,16680,246,270,165,23834,48290.7,17142,5450.74,13652,14420,4480,2160,2140,8880.46
569,16708,246,270,165,23477.2,48375.9,17173.3,5450.87,13652,14420,4480,2160,2140,8885.89
570,16735,246,270,165,23488,48460.8,17202.5,5450.79,13652,14420,4480,2160,2140,8891.31
571,16759,246,270,165,23897.9,48546.1,17235.3,5451.08,13652,14420,4480,2160,2140,8896.72
572,16785,246,270,165,22932.2,48630.9,17263.3,5450.87,13652,14420,4480,2160,2140,8902.12
573,16808,246,270,165,23588.9,48715.8,17293,5450.84,13652,14420,4480,2160,2140,8907.52
574,16834,246,270,165,24479.7,48800.8,17322.5,5450.79,13652,14420,4480,2160,2140,8912.9
575,16856,246,270,165,23517.2,48885.9,17353.4,5450.88,13652,14420,4480,2160,2140,8918.27
576,16878,246,270,165,24693.3,48970.9,17383.7,5450.92,13652,14420,4480,2160,2140,8923.64
577,16905,246,270,165,23888.9,49055.8,17412.5,5450.79,13652,14420,4480,2160,2140,8928.99
578,16930,246,270,165,23299.4,49141,17444.5,5451,13652,14420,4480,2160,2140,8934.34
579,16956,246,270,165,23974.3,49225.9,17473.7,5450.92,13652,14420,4480,2160,2140,8939.68
580,16986,246,270,165,23829.2,49310.9,17503.5,5450.89,13652,14420,4480,2160,2140,8945.01
581,17017,246,270,165,23906,49395.9,17534,5450.95,13652,14420,4480,2160,2140,8950.32
582,17045,246,270,165,23622,49481,17564.9,5451.04,13652,14420,4480,2160,2140,8955.63
583,17073,246,270,165,24102.7,49565.9,17593.6,5450.91,13652,14420,4480,2160,2140,8960.93
584,17099,246,270,165,24407.7,49650.9,17623.6,5450.91,13652,14420,4480,2160,2140,8966.22
585,17128,246,270,165,24718.9,49736,17654.9,5451.04,13652,14420,4480,2160,2140,8971.51
586,17154,246,270,165,24069.3,49820.9,17683.6,5450.9,13652,14420,4480,2160,2140,8976.78
587,17179,246,270,165,24307.9,49905.9,17713.4,5450.88,13652,14420,4480,2160,2140,8982.04
588,17208,246,270,165,24551.7,49990.9,17744,5450.95,13652,14420,4480,2160,2140,8987.3
589,17234,246,270,165,24440,50075.9,17773.5,5450.89,13652,14420,4480,2160,2140,8992.54
590,17257,246,270,165,24597.7,50161,17804.1,5450.96,13652,14420,4480,2160,2140,8997.78
591,17283,246,270,165,24709.6,50246,17834.5,5451,13652,14420,4480,2160,2140,9003.01
592,17310,246,270,165,25421.5,50330.7,17862,5450.74,13652,14420,4480,2160,2140,9008.23
593,17338,246,270,165,24377.8,50416,17894.7,5451.02,13652,14420,4480,2160,2140,9013.44
594,17360,246,270,165,25367.7,50500.9,17923.2,5450.86,13652,14420,4480,2160,2140,9018.64
595,17390,246,270,165,24966,50586,17954.4,5450.99,13652,14420,4480,2160,2140,9023.84
596,17417,246,270,165,24861.5,50670.8,17982.6,5450.8,13652,14420,4480,2160,2140,9029.02
597,17443,246,270,165,24046.8,50755.9,18013.3,5450.87,13652,14420,4480,2160,2140,9034.2
598,17471,246,270,165,24441.4,50840.9,18043.8,5450.93,13652,14420,4480,2160,2140,9039.36
599,17496,246,270,165,25205,50925.9,18073.6,5450.9,13652,14420,4480,2160,2140,9044.52
600,17523,246,270,165,25310.1,51011.1,18105.6,5451.12,13652,14420,4480,2160,2140,9049.67
601,17545,246,270,165,23659.7,51095.9,18134,5450.95,13652,14420,4480,2160,2140,9054.81
602,17570,246,270,165,25271.3,51180.8,18162.8,5450.82,13652,14420,4480,2160,2140,9059.95
603,17597,246,270,165,24788.2,51266,18194.8,5451.03,13652,14420,4480,2160,2140,9065.07
604,17621,246,270,165,24961.8,51350.9,18223.6,5450.91,13652,14420,4480,2160,2140,9070.19
605,17651,246,270,165,25175.9,51435.8,18253.1,5450.85,13652,14420,4480,2160,2140,9075.29
606,17670,246,270,165,25810.8,51521,18284.1,5450.96,13652,14420,4480,2160,2140,9080.39
607,17698,246,270,165,24725.1,51605.9,18313.6,5450.9,13652,14420,4480,2160,2140,9085.48
608,17725,246,270,165,24925.1,51690.9,18343.6,5450.91,13652,14420,4480,2160,2140,9090.56
609,17749,246,270,165,25527.1,51775.9,18373.6,5450.9,13652,14420,4480,2160,2140,9095.64
610,17775,246,270,165,25141.1,51861.1,18405.2,5451.07,13652,14420,4480,2160,2140,9100.7
611,17800,246,270,165,24767,51945.9,18434,5450.95,13652,14420,4480,2160,2140,9105.76
612,17825,246,270,165,24931.2,52030.8,18462.9,5450.83,13652,14420,4480,2160,2140,9110.81
613,17852,246,270,165,24766.7,52116,18494.2,5450.97,13652,14420,4480,2160,2140,9115.85
614,17879,246,270,165,25503.2,52200.9,18523.6,5450.91,13652,14420,4480,2160,2140,9120.88
615,17904,246,270,165,25256.9,52286.1,18555.1,5451.06,13652,14420,4480,2160,2140,9125.91
616,17931,246,270,165,25450.6,52371,18584.3,5450.98,13652,14420,4480,2160,2140,9130.92
617,17954,246,270,165,26133.2,52456.1,18615.6,5451.12,13652,14420,4480,2160,2140,9135.93
618,17984,246,270,165,25639.5,52541,18644.8,5451.03,13652,14420,4480,2160,2140,9140.93
619,18010,246,270,165,26053.6,52626.2,18676,5451.16,13652,14420,4480,2160,2140,9145.92
620,18040,246,270,165,25875.1,52710.8,18702.9,5450.83,13652,14420,4480,2160,2140,9150.91
621,18069,246,270,165,25588.1,52795.8,18733.1,5450.85,13652,14420,4480,2160,2140,9155.88
622,18095,246,270,165,25543,52881,18764.1,5450.96,13652,14420,4480,2160,2140,9160.85
623,18120,246,270,165,26102.1,52965.9,18793.8,5450.93,13652,14420,4480,2160,2140,9165.81
624,18143,246,270,165,25637.9,53051,18824.1,5450.96,13652,14420,4480,2160,2140,9170.76
625,18173,246,270,165,26382.3,53135.9,18854,5450.95,13652,14420,4480,2160,2140,9175.7
626,18199,246,270,165,25841.4,53220.9,18883.3,5450.87,13652,14420,4480,2160,2140,9180.64
627,18219,246,270,165,25558.4,53306.1,18915.6,5451.12,13652,14420,4480,2160,2140,9185.57
628,18244,246,270,165,25668.4,53391.1,18945.3,5451.08,13652,14420,4480,2160,2140,9190.49
629,18269,246,270,165,25345.6,53476,18974.5,5451,13652,14420,4480,2160,2140,9195.4
630,18299,246,270,165,26304.1,53561.1,19005.7,5451.13,13652,14420,4480,2160,2140,9200.31
631,18327,246,270,165,26222.6,53646,19034.3,5450.98,13652,14420,4480,2160,2140,9205.2
632,18356,246,270,165,25889.9,53731,19064.1,5450.96,13652,14420,4480,2160,2140,9210.09
633,18382,246,270,165,25919.6,53816.1,19095.4,5451.09,13652,14420,4480,2160,2140,9214.97
634,18409,246,270,165,26429.3,53900.8,19122.4,5450.78,13652,14420,4480,2160,2140,9219.85
635,18436,246,270,165,26800.3,53986.2,19156,5451.16,13652,14420,4480,2160,2140,9224.71
636,18460,246,270,165,25525.1,54070.9,19183.6,5450.91,13652,14420,4480,2160,2140,9229.57
637,18485,246,270,165,26493.7,54156,19214.8,5451.03,13652,14420,4480,2160,2140,9234.42
638,18513,246,270,165,26451.6,54240.8,19242.8,5450.82,13652,14420,4480,2160,2140,9239.26
639,18542,246,270,165,25891.3,54325.9,19273.8,5450.93,13652,14420,4480,2160,2140,9244.1
640,18568,246,270,165,24714.3,54411.1,19305.1,5451.06,13652,14420,4480,2160,2140,9248.93
641,18595,246,270,165,25663.9,54496.2,19336.2,5451.18,13652,14420,4480,2160,2140,9253.75
642,18622,246,270,165,26924.6,54581.1,19365.5,5451.11,13652,14420,4480,2160,2140,9258.56
643,18645,246,270,165,26793.3,54666,19394.1,5450.96,13652,14420,4480,2160,2140,9263.36
644,18670,246,270,165,25817.8,54751.1,19425.3,5451.08,13652,14420,4480,2160,2140,9268.16
645,18698,246,270,165,27033.9,54836.2,19456,5451.16,13652,14420,4480,2160,2140,9272.95
646,18726,246,270,165,26819.8,54921.2,19485.9,5451.15,13652,14420,4480,2160,2140,9277.74
647,18752,246,270,165,26244.2,55005.8,19512.9,5450.83,13652,14420,4480,2160,2140,9282.51
648,18781,246,270,165,26555.9,55091,19544.3,5450.98,13652,14420,4480,2160,2140,9287.28
649,18806,246,270,165,26770.6,55176.1,19575.2,5451.07,13652,14420,4480,2160,2140,9292.04
650,18833,246,270,165,26214.1,55261.2,19606,5451.16,13652,14420,4480,2160,2140,9296.79
651,18858,246,270,165,26419,55346,19634.6,5451.01,13652,14420,4480,2160,2140,9301.54
652,18887,246,270,165,26608,55431.1,19665.2,5451.07,13652,14420,4480,2160,2140,9306.28
653,18914,246,270,165,26228.4,55516.1,19695.2,5451.07,13652,14420,4480,2160,2140,9311.01
654,18936,246,270,165,26719.5,55601.3,19727.3,5451.3,13652,14420,4480,2160,2140,9315.73
655,18963,246,270,165,26563.9,55685.9,19753.6,5450.9,13652,14420,4480,2160,2140,9320.45
656,18991,246,270,165,26616.4,55770.9,19783.6,5450.91,13652,14420,4480,2160,2140,9325.16
657,19020,246,270,165,27399,55856.1,19815.4,5451.09,13652,14420,4480,2160,2140,9329.86
658,19043,246,270,165,26568.6,55941.1,19845.2,5451.07,13652,14420,4480,2160,2140,9334.56
659,19067,246,270,165,26349.3,56026.2,19876.2,5451.18,13652,14420,4480,2160,2140,9339.25
660,19095,246,270,165,27023.7,56111,19904.8,5451.03,13652,14420,4480,2160,2140,9343.93
661,19119,246,270,165,27396.2,56195.8,19932.9,5450.83,13652,14420,4480,2160,2140,9348.6
662,19145,246,270,165,27147.4,56281,19964.5,5451,13652,14420,4480,2160,2140,9353.27
663,19170,246,270,165,26835.1,56366.2,19996.3,5451.19,13652,14420,4480,2160,2140,9357.93
664,19199,246,270,165,27745.3,56451,20024.5,5451,13652,14420,4480,2160,2140,9362.58
665,19228,246,270,165,27185.1,56536,20054.7,5451.02,13652,14420,4480,2160,2140,9367.23
666,19253,246,270,165,27224.1,56621,20084.7,5451.02,13652,14420,4480,2160,2140,9371.87
667,19281,246,270,165,27549,56706.1,20115,5451.05,13652,14420,4480,2160,2140,9376.5
668,19307,246,270,165,26606.9,56791,20144.5,5451,13652,14420,4480,2160,2140,9381.13
669,19333,246,270,165,27363.4,56876.1,20175.4,5451.09,13652,14420,4480,2160,2140,9385.75
670,19362,246,270,165,26767.1,56961.2,20206.5,5451.21,13652,14420,4480,2160,2140,9390.36
671,19390,246,270,165,27979.1,57046.1,20235.6,5451.12,13652,14420,4480,2160,2140,9394.96
672,19414,246,270,165,28612.1,57131.1,20265.2,5451.07,13652,14420,4480,2160,2140,9399.56
673,19443,246,270,165,27284.9,57216.2,20296.4,5451.2,13652,14420,4480,2160,2140,9404.15
674,19471,246,270,165,26914.2,57301.1,20325.6,5451.12,13652,14420,4480,2160,2140,9408.73
675,19495,246,270,165,27590,57385.9,20353.8,5450.93,13652,14420,4480,2160,2140,9413.31
676,19519,246,270,165,27037.2,57471.2,20386.4,5451.2,13652,14420,4480,2160,2140,9417.88
677,19544,246,270,165,27958.9,57556.2,20416,5451.16,13652,14420,4480,2160,2140,9422.45
678,19568,246,270,165,28487.2,57641,20444.8,5451.03,13652,14420,4480,2160,2140,9427
679,19592,246,270,165,27669.3,57726.2,20475.9,5451.15,13652,14420,4480,2160,2140,9431.55
680,19621,246,270,165,27766.5,57811.1,20505.4,5451.1,13652,14420,4480,2160,2140,9436.1
681,19649,246,270,165,28821.3,57896,20534.1,5450.96,13652,14420,4480,2160,2140,9440.63
682,19675,246,270,165,27766.8,57980.9,20563.7,5450.92,13652,14420,4480,2160,2140,9445.16
683,19701,246,270,165,28459.1,58066.2,20596.2,5451.18,13652,14420,4480,2160,2140,9449.69
684,19729,246,270,165,28425.4,58151,20624.4,5450.99,13652,14420,4480,2160,2140,9454.2
685,19752,246,270,165,26687.5,58236.2,20656.3,5451.19,13652,14420,4480,2160,2140,9458.71
686,19776,246,270,165,27428.1,58321,20684.5,5451,13652,14420,4480,2160,2140,9463.22
687,19805,246,270,165,28249.7,58406,20714.9,5451.04,13652,14420,4480,2160,2140,9467.72
688,19830,246,270,165,28099.3,58491.1,20745.6,5451.12,13652,14420,4480,2160,2140,9472.21
689,19855,246,270,165,27942.1,58576.1,20775.1,5451.06,13652,14420,4480,2160,2140,9476.69
690,19878,246,270,165,28415.8,58660.9,20803.9,5450.94,13652,14420,4480,2160,2140,9481.17
691,19899,246,270,165,29092.3,58746.4,20837.9,5451.36,13652,14420,4480,2160,2140,9485.64
692,19926,246,270,165,28892.2,58831,20864.4,5450.99,13652,14420,4480,2160,2140,9490.1
693,19952,246,270,165,28619.2,58916.1,20895.8,5451.14,13652,14420,4480,2160,2140,9494.56
694,19979,246,270,165,28806.1,59001.2,20925.9,5451.15,13652,14420,4480,2160,2140,9499.01
695,20003,246,270,165,27723.5,59086.1,20955.1,5451.06,13652,14420,4480,2160,2140,9503.46
696,20027,246,270,165,28097.3,59171.1,20985.2,5451.07,13652,14420,4480,2160,2140,9507.9
697,20048,246,270,165,28457,59256.1,21015.3,5451.08,13652,14420,4480,2160,2140,9512.33
698,20077,246,270,165,28438.3,59341.2,21046.4,5451.2,13652,14420,4480,2160,2140,9516.76
699,20101,246,270,165,28419.3,59426.1,21075,5451.05,13652,14420,4480,2160,2140,9521.18
700,20124,246,270,165,28945.1,59511,21104.8,5451.03,13652,14420,4480,2160,2140,9525.59
701,20151,246,270,165,28664.6,59596.3,21137.3,5451.29,13652,14420,4480,2160,2140,9530
702,20172,246,270,165,29736.3,59680.8,21163.1,5450.85,13652,14420,4480,2160,2140,9534.4
703,20200,246,270,165,28279.6,59766.1,21195.6,5451.12,13652,14420,4480,2160,2140,9538.8
704,20225,246,270,165,29103.6,59851.2,21226.9,5451.25,13652,14420,4480,2160,2140,9543.18
705,20256,246,270,165,28853.2,59936.2,21255.9,5451.15,13652,14420,4480,2160,2140,9547.57
706,20282,246,270,165,28908.2,60021.1,21285.7,5451.13,13652,14420,4480,2160,2140,9551.94
707,20307,246,270,165,28790,60106.2,21316.7,5451.23,13652,14420,4480,2160,2140,9556.31
708,20331,246,270,165,29540.9,60191.1,21345.2,5451.07,13652,14420,4480,2160,2140,9560.68
709,20357,246,270,165,27653.1,60276.1,21375.3,5451.08,13652,14420,4480,2160,2140,9565.03
710,20383,246,270,165,27832.5,60361.2,21406.9,5451.25,13652,14420,4480,2160,2140,9569.38
711,20412,246,270,165,29301.6,60446,21434.3,5450.98,13652,14420,4480,2160,2140,9573.73
712,20436,246,270,165,29499.4,60531.2,21466.4,5451.2,13652,14420,4480,2160,2140,9578.07
713,20462,246,270,165,29700.1,60616.2,21496,5451.16,13652,14420,4480,2160,2140,9582.4
714,20483,246,270,165,28773.3,60701.1,21525.7,5451.13,13652,14420,4480,2160,2140,9586.73
715,20511,246,270,165,29625.9,60786.2,21556.6,5451.22,13652,14420,4480,2160,2140,9591.05
716,20536,246,270,165,29894.2,60871.3,21587.4,5451.31,13652,14420,4480,2160,2140,9595.37
717,20561,246,270,165,28937.2,60956.2,21616.9,5451.25,13652,14420,4480,2160,2140,9599.67
718,20583,246,270,165,30220.8,61041.1,21645.4,5451.09,13652,14420,4480,2160,2140,9603.98
719,20605,246,270,165,29071.5,61126.1,21675.4,5451.1,13652,14420,4480,2160,2140,9608.27
720,20626,246,270,165,29871.4,61211.1,21705.1,5451.06,13652,14420,4480,2160,2140,9612.57
721,20653,246,270,165,29218.9,61295.9,21733.9,5450.94,13652,14420,4480,2160,2140,9616.85
722,20677,246,270,165,29180.6,61381.2,21766.7,5451.23,13652,14420,4480,2160,2140,9621.13
723,20701,246,270,165,29218.8,61466.2,21796.8,5451.24,13652,14420,4480,2160,2140,9625.4
724,20728,246,270,165,30987.1,61551.2,21826.7,5451.23,13652,14420,4480,2160,2140,9629.67
725,20753,246,270,165,29241.6,61636.3,21857.7,5451.34,13652,14420,4480,2160,2140,9633.93
726,20777,246,270,165,29565.6,61721.2,21886.9,5451.25,13652,14420,4480,2160,2140,9638.19
727,20803,246,270,165,30929.6,61806.1,21915.4,5451.1,13652,14420,4480,2160,2140,9642.44
728,20834,246,270,165,29404.9,61891.2,21945.9,5451.15,13652,14420,4480,2160,2140,9646.68
729,20861,246,270,165,30701.2,61976.1,21975.8,5451.14,13652,14420,4480,2160,2140,9650.92
730,20882,246,270,165,29540,62061.2,22005.9,5451.15,13652,14420,4480,2160,2140,9655.15
731,20905,246,270,165,30919.2,62146.2,22036.1,5451.17,13652,14420,4480,2160,2140,9659.38
732,20929,246,270,165,29808.6,62231.2,22066.8,5451.24,13652,14420,4480,2160,2140,9663.6
733,20958,246,270,165,30051.8,62316.1,22095.4,5451.1,13652,14420,4480,2160,2140,9667.81
734,20988,246,270,165,29311.7,62401.3,22127.3,5451.29,13652,14420,4480,2160,2140,9672.02
735,21012,246,270,165,30705.4,62486.1,22155.6,5451.12,13652,14420,4480,2160,2140,9676.22
736,21040,246,270,165,31273.6,62571.2,22186.3,5451.19,13652,14420,4480,2160,2140,9680.42
737,21066,246,270,165,29926,62656.1,22215.3,5451.08,13652,14420,4480,2160,2140,9684.61
738,21093,246,270,165,29160.8,62741.3,22247.3,5451.3,13652,14420,4480,2160,2140,9688.8
739,21118,246,270,165,30312.4,62826.2,22276.4,5451.2,13652,14420,4480,2160,2140,9692.98
740,21145,246,270,165,31748.2,62911.1,22305.4,5451.1,13652,14420,4480,2160,2140,9697.16
741,21173,246,270,165,29780.3,62996.3,22337.3,5451.3,13652,14420,4480,2160,2140,9701.33
742,21198,246,270,165,30830.2,63081.1,22365.6,5451.12,13652,14420,4480,2160,2140,9705.49
743,21224,246,270,165,30360.5,63166.2,22396.7,5451.23,13652,14420,4480,2160,2140,9709.65
744,21249,246,270,165,30184.2,63251.3,22427.2,5451.28,13652,14420,4480,2160,2140,9713.8
745,21276,246,270,165,30634.4,63336.2,22455.9,5451.15,13652,14420,4480,2160,2140,9717.95
746,21298,246,270,165,30665.3,63421,22484.1,5450.96,13652,14420,4480,2160,2140,9722.09
747,21322,246,270,165,30759.5,63506.3,22517.4,5451.31,13652,14420,4480,2160,2140,9726.22
748,21344,246,270,165,29831.3,63591.4,22548.3,5451.4,13652,14420,4480,2160,2140,9730.35
749,21366,246,270,165,30392,63676.2,22576.1,5451.17,13652,14420,4480,2160,2140,9734.48
750,21391,246,270,165,30960.1,63761.2,22606.1,5451.17,13652,14420,4480,2160,2140,9738.6
751,21417,246,270,165,30206.9,63846.2,22636.8,5451.24,13652,14420,4480,2160,2140,9742.71
752,21443,246,270,165,32196.9,63931.2,22666.2,5451.18,13652,14420,4480,2160,2140,9746.82
753,21469,246,270,165,31196.7,64016.3,22697.7,5451.34,13652,14420,4480,2160,2140,9750.92
754,21497,246,270,165,30852.1,64101.2,22726.8,5451.24,13652,14420,4480,2160,2140,9755.02
755,21527,246,270,165,30636.5,64186.4,22757.9,5451.36,13652,14420,4480,2160,2140,9759.11
756,21549,246,270,165,30566.7,64271.2,22785.9,5451.15,13652,14420,4480,2160,2140,9763.2
757,21577,246,270,165,31890.5,64356.2,22816.6,5451.22,13652,14420,4480,2160,2140,9767.28
758,21601,246,270,165,31082,64441.2,22846.7,5451.23,13652,14420,4480,2160,2140,9771.36
759,21625,246,270,165,30795.7,64526.2,22876.9,5451.25,13652,14420,4480,2160,2140,9775.43
760,21653,246,270,165,31171.1,64611.3,22907.3,5451.29,13652,14420,4480,2160,2140,9779.49
761,21680,246,270,165,30674.6,64696.1,22935.5,5451.11,13652,14420,4480,2160,2140,9783.55
762,21705,246,270,165,30655.6,64781.3,22967.2,5451.28,13652,14420,4480,2160,2140,9787.6
763,21730,246,270,165,31345.7,64866.1,22995,5451.05,13652,14420,4480,2160,2140,9791.65
764,21757,246,270,165,31110.3,64951.1,23025.6,5451.12,13652,14420,4480,2160,2140,9795.7
765,21786,246,270,165,31109.5,65036.3,23057.6,5451.33,13652,14420,4480,2160,2140,9799.74
766,21808,246,270,165,31057.2,65121.1,23085.8,5451.14,13652,14420,4480,2160,2140,9803.77
767,21829,246,270,165,30989.4,65206.1,23115.5,5451.11,13652,14420,4480,2160,2140,9807.8
768,21853,246,270,165,31596,65291.1,23145.7,5451.13,13652,14420,4480,2160,2140,9811.82
769,21881,246,270,165,31702.5,65376.1,23175.7,5451.13,13652,14420,4480,2160,2140,9815.84
770,21907,246,270,165,32146.2,65461.3,23207.1,5451.27,13652,14420,4480,2160,2140,9819.85
771,21934,246,270,165,31083.5,65546.3,23237.4,5451.31,13652,14420,4480,2160,2140,9823.86
772,21958,246,270,165,31548.7,65631.2,23266.6,5451.22,13652,14420,4480,2160,2140,9827.86
773,21980,246,270,165,32538.8,65716.2,23296.4,5451.2,13652,14420,4480,2160,2140,9831.85
774,22005,246,270,165,32223,65801,23324.9,5451.04,13652,14420,4480,2160,2140,9835.85
775,22030,246,270,165,32009.9,65885.9,23353.9,5450.94,13652,14420,4480,2160,2140,9839.83
776,22056,246,270,165,31025.8,65971.3,23387.3,5451.3,13652,14420,4480,2160,2140,9843.81
777,22082,246,270,165,31930.1,66056.3,23417.3,5451.3,13652,14420,4480,2160,2140,9847.79
778,22105,246,270,165,31182.6,66141.3,23447.3,5451.3,13652,14420,4480,2160,2140,9851.76
779,22131,246,270,165,32042.5,66226.4,23478.3,5451.4,13652,14420,4480,2160,2140,9855.73
780,22157,246,270,165,31904.4,66311.3,23507.2,5451.28,13652,14420,4480,2160,2140,9859.69
781,22180,246,270,165,31672.8,66396.3,23537.6,5451.33,13652,14420,4480,2160,2140,9863.64
782,22208,246,270,165,31687.5,66481.2,23566.1,5451.17,13652,14420,4480,2160,2140,9867.59
783,22231,246,270,165,32685.8,66566.3,23597.1,5451.27,13652,14420,4480,2160,2140,9871.54
784,22257,246,270,165,32518.4,66650.9,23623.8,5450.93,13652,14420,4480,2160,2140,9875.48
785,22283,246,270,165,31774.4,66736.3,23657.3,5451.3,13652,14420,4480,2160,2140,9879.41
786,22308,246,270,165,31717.7,66821.3,23687.4,5451.31,13652,14420,4480,2160,2140,9883.34
787,22336,246,270,165,32639.8,66906.2,23716.9,5451.25,13652,14420,4480,2160,2140,9887.27
788,22360,246,270,165,31916.6,66991.2,23746.6,5451.22,13652,14420,4480,2160,2140,9891.19
789,22385,246,270,165,32368.8,67076.4,23778.2,5451.39,13652,14420,4480,2160,2140,9895.11
790,22408,246,270,165,31846.8,67161.1,23805.5,5451.11,13652,14420,4480,2160,2140,9899.02
791,22430,246,270,165,32794.3,67246.4,23838,5451.37,13652,14420,4480,2160,2140,9902.92
792,22449,246,270,165,33851.6,67331.2,23866.5,5451.21,13652,14420,4480,2160,2140,9906.82
793,22473,246,270,165,30992.1,67416.1,23895.8,5451.14,13652,14420,4480,2160,2140,9910.72
794,22498,246,270,165,32940.3,67501.4,23928.2,5451.39,13652,14420,4480,2160,2140,9914.61
795,22521,246,270,165,32778.1,67586.3,23957.3,5451.29,13652,14420,4480,2160,2140,9918.5
796,22543,246,270,165,32926.1,67671.3,23987.1,5451.27,13652,14420,4480,2160,2140,9922.38
797,22568,246,270,165,32229.7,67756.4,24018.7,5451.44,13652,14420,4480,2160,2140,9926.25
798,22595,246,270,165,32660.6,67841.1,24045.7,5451.13,13652,14420,4480,2160,2140,9930.12
799,22618,246,270,165,32778.7,67926.3,24077.6,5451.33,13652,14420,4480,2160,2140,9933.99
800,22642,246,270,165,31963.9,68011.2,24106,5451.16,13652,14420,4480,2160,2140,9937.85
801,22665,246,270,165,32190.3,68096.3,24137.4,5451.31,13652,14420,4480,2160,2140,9941.71
802,22686,246,270,165,33382.8,68181.4,24168,5451.37,13652,14420,4480,2160,2140,9945.56
803,22712,246,270,165,33720.8,68266.3,24197.2,5451.28,13652,14420,4480,2160,2140,9949.41
804,22741,246,270,165,32251.9,68351.3,24227.1,5451.27,13652,14420,4480,2160,2140,9953.25
805,22767,246,270,165,32743.6,68436.3,24257.5,5451.32,13652,14420,4480,2160,2140,9957.09
806,22794,246,270,165,33215.5,68521.4,24287.9,5451.36,13652,14420,4480,2160,2140,9960.92
807,22819,246,270,165,32611.4,68606.4,24318.6,5451.43,13652,14420,4480,2160,2140,9964.75
808,22844,246,270,165,32770.9,68691.4,24348.5,5451.42,13652,14420,4480,2160,2140,9968.57
809,22863,246,270,165,32452.8,68776.3,24377.6,5451.33,13652,14420,4480,2160,2140,9972.39
810,22888,246,270,165,33158.6,68861.4,24408.6,5451.43,13652,14420,4480,2160,2140,9976.21
811,22908,246,270,165,33542.8,68946.3,24437.3,5451.3,13652,14420,4480,2160,2140,9980.01
812,22933,246,270,165,33647.7,69031.2,24466.7,5451.23,13652,14420,4480,2160,2140,9983.82
813,22954,246,270,165,33574.7,69116.3,24497.1,5451.27,13652,14420,4480,2160,2140,9987.62
814,22980,246,270,165,33456.6,69201.2,24526.6,5451.22,13652,14420,4480,2160,2140,9991.41
815,23000,246,270,165,33027.4,69286.2,24556,5451.16,13652,14420,4480,2160,2140,9995.2
816,23021,246,270,165,32773.7,69371.3,24587.2,5451.28,13652,14420,4480,2160,2140,9998.99
817,23046,246,270,165,34162.8,69456.2,24616.7,5451.23,13652,14420,4480,2160,2140,10002.8
818,23068,246,270,165,34177.7,69541.4,24648.2,5451.39,13652,14420,4480,2160,2140,10006.5
819,23095,246,270,165,32851.5,69626.4,24678.2,5451.39,13652,14420,4480,2160,2140,10010.3
820,23121,246,270,165,32231.6,69711.2,24706.5,5451.21,13652,14420,4480,2160,2140,10014.1
821,23146,246,270,165,32854.6,69796.2,24736.9,5451.25,13652,14420,4480,2160,2140,10017.9
822,23172,246,270,165,33447.1,69881.5,24769.1,5451.48,13652,14420,4480,2160,2140,10021.6
823,23197,246,270,165,32261.5,69966.4,24798.8,5451.45,13652,14420,4480,2160,2140,10025.4
824,23220,246,270,165,32777.4,70051.5,24829.3,5451.51,13652,14420,4480,2160,2140,10029.1
825,23248,246,270,165,34443.3,70136.5,24859.3,5451.51,13652,14420,4480,2160,2140,10032.9
826,23275,246,270,165,34150.4,70221.3,24887.3,5451.29,13652,14420,4480,2160,2140,10036.6
827,23293,246,270,165,33055.1,70306.4,24918.7,5451.44,13652,14420,4480,2160,2140,10040.3
828,23312,246,270,165,34023.9,70391.3,24947.3,5451.3,13652,14420,4480,2160,2140,10044.1
829,23339,246,270,165,33136.6,70476.2,24976.7,5451.23,13652,14420,4480,2160,2140,10047.8
830,23365,246,270,165,32567,70561.2,25006.7,5451.23,13652,14420,4480,2160,2140,10051.5
831,23392,246,270,165,34309.7,70646.3,25037.6,5451.33,13652,14420,4480,2160,2140,10055.2
832,23417,246,270,165,34012.9,70731.3,25067.4,5451.31,13652,14420,4480,2160,2140,10058.9
833,23441,246,270,165,34645.5,70816.5,25099.3,5451.51,13652,14420,4480,2160,2140,10062.6
834,23468,246,270,165,34739.6,70901.3,25127.7,5451.34,13652,14420,4480,2160,2140,10066.4
835,23494,246,270,165,34546.4,70986.3,25157.6,5451.33,13652,14420,4480,2160,2140,10070.1
836,23518,246,270,165,32974.1,71071.5,25189,5451.47,13652,14420,4480,2160,2140,10073.7
837,23543,246,270,165,34227,71156,25214.6,5451.01,13652,14420,4480,2160,2140,10077.4
838,23563,246,270,165,34010.9,71241.3,25247.2,5451.28,13652,14420,4480,2160,2140,10081.1
839,23588,246,270,165,35365.9,71326.3,25277.3,5451.3,13652,14420,4480,2160,2140,10084.8
840,23613,246,270,165,34703,71411.4,25308.3,5451.4,13652,14420,4480,2160,2140,10088.5
841,23635,246,270,165,34902.4,71496.4,25337.9,5451.36,13652,14420,4480,2160,2140,10092.2
842,23659,246,270,165,33690.3,71581.3,25367.6,5451.33,13652,14420,4480,2160,2140,10095.8
843,23681,246,270,165,34942.4,71666.2,25396.8,5451.24,13652,14420,4480,2160,2140,10099.5
844,23705,246,270,165,34458.7,71751.3,25427.2,5451.28,13652,14420,4480,2160,2140,10103.2
845,23729,246,270,165,35732.6,71836.5,25459.2,5451.49,13652,14420,4480,2160,2140,10106.8
846,23750,246,270,165,33942.5,71921.5,25489.2,5451.5,13652,14420,4480,2160,2140,10110.5
847,23771,246,270,165,34155.4,72006.3,25517.4,5451.31,13652,14420,4480,2160,2140,10114.1
848,23798,246,270,165,34521.4,72091.2,25546.6,5451.22,13652,14420,4480,2160,2140,10117.7
849,23820,246,270,165,33844.3,72176.5,25578.9,5451.46,13652,14420,4480,2160,2140,10121.4
850,23844,246,270,165,34462.5,72261.5,25609.6,5451.54,13652,14420,4480,2160,2140,10125
851,23868,246,270,165,35106.4,72346.4,25638,5451.37,13652,14420,4480,2160,2140,10128.7
852,23891,246,270,165,35121,72431.8,25671.8,5451.77,13652,14420,4480,2160,2140,10132.3
853,23911,246,270,165,35408.4,72516.3,25697.3,5451.29,13652,14420,4480,2160,2140,10135.9
854,23937,246,270,165,34528.3,72601.4,25728,5451.37,13652,14420,4480,2160,2140,10139.5
855,23962,246,270,165,34352.5,72686.1,25755.5,5451.11,13652,14420,4480,2160,2140,10143.1
856,23989,246,270,165,35445.9,72771.4,25788.5,5451.42,13652,14420,4480,2160,2140,10146.7
857,24016,246,270,165,34968.6,72856.3,25817.3,5451.29,13652,14420,4480,2160,2140,10150.3
858,24043,246,270,165,34979,72941.5,25849.2,5451.49,13652,14420,4480,2160,2140,10153.9
859,24066,246,270,165,34649.5,73026.3,25877.3,5451.3,13652,14420,4480,2160,2140,10157.5
860,24091,246,270,165,35858.8,73111.3,25907.3,5451.29,13652,14420,4480,2160,2140,10161.1
861,24116,246,270,165,35645.9,73196.6,25940.5,5451.63,13652,14420,4480,2160,2140,10164.7
862,24139,246,270,165,34487.6,73281.4,25967.9,5451.36,13652,14420,4480,2160,2140,10168.3
863,24166,246,270,165,35638.8,73366.6,26000.3,5451.61,13652,14420,4480,2160,2140,10171.9
864,24186,246,270,165,35152.2,73451.4,26028.7,5451.44,13652,14420,4480,2160,2140,10175.5
865,24212,246,270,165,35486.6,73536.5,26059.1,5451.48,13652,14420,4480,2160,2140,10179
866,24236,246,270,165,35588.3,73621.2,26086.7,5451.23,13652,14420,4480,2160,2140,10182.6
867,24262,246,270,165,35032.8,73706.6,26120,5451.58,13652,14420,4480,2160,2140,10186.2
868,24287,246,270,165,34741.5,73791.4,26148.1,5451.38,13652,14420,4480,2160,2140,10189.7
869,24314,246,270,165,35415.3,73876.4,26178.6,5451.43,13652,14420,4480,2160,2140,10193.3
870,24339,246,270,165,34847.3,73961.4,26208.4,5451.41,13652,14420,4480,2160,2140,10196.8
871,24366,246,270,165,36480.5,74046.5,26239.5,5451.53,13652,14420,4480,2160,2140,10200.4
872,24387,246,270,165,36220.8,74131.3,26267.1,5451.27,13652,14420,4480,2160,2140,10203.9
873,24413,246,270,165,34943.7,74216.6,26300.2,5451.6,13652,14420,4480,2160,2140,10207.5
874,24438,246,270,165,36267.3,74301.4,26328.5,5451.42,13652,14420,4480,2160,2140,10211
875,24463,246,270,165,35922.7,74386.5,26359.2,5451.5,13652,14420,4480,2160,2140,10214.5
876,24488,246,270,165,35598.9,74471.4,26387.8,5451.35,13652,14420,4480,2160,2140,10218
877,24514,246,270,165,36892.6,74556.5,26419.2,5451.49,13652,14420,4480,2160,2140,10221.6
878,24537,246,270,165,35531.2,74641.4,26447.8,5451.35,13652,14420,4480,2160,2140,10225.1
879,24566,246,270,165,35561.8,74726.4,26478.8,5451.45,13652,14420,4480,2160,2140,10228.6
880,24591,246,270,165,35514.1,74811.5,26509.1,5451.48,13652,14420,4480,2160,2140,10232.1
881,24614,246,270,165,35450.2,74896.3,26537.1,5451.27,13652,14420,4480,2160,2140,10235.6
882,24636,246,270,165,36273.2,74981.5,26569.2,5451.49,13652,14420,4480,2160,2140,10239.1
883,24660,246,270,165,35361.3,75066.5,26599.2,5451.49,13652,14420,4480,2160,2140,10242.6
884,24683,246,270,165,35989.5,75151.2,26626.7,5451.23,13652,14420,4480,2160,2140,10246.1
885,24704,246,270,165,37197.5,75236.5,26659.5,5451.53,13652,14420,4480,2160,2140,10249.6
886,24721,246,270,165,34857.6,75321.4,26687.9,5451.36,13652,14420,4480,2160,2140,10253.1
887,24746,246,270,165,36618.6,75406.6,26720.1,5451.59,13652,14420,4480,2160,2140,10256.6
888,24766,246,270,165,37317.8,75491.3,26747.7,5451.34,13652,14420,4480,2160,2140,10260
889,24791,246,270,165,35440.4,75576.5,26779.2,5451.5,13652,14420,4480,2160,2140,10263.5
890,24817,246,270,165,35878.6,75661.4,26808.1,5451.38,13652,14420,4480,2160,2140,10267
891,24840,246,270,165,36380.6,75746.5,26839.1,5451.48,13652,14420,4480,2160,2140,10270.5
892,24866,246,270,165,36685.3,75831.3,26867.7,5451.34,13652,14420,4480,2160,2140,10273.9
893,24888,246,270,165,36219,75916.4,26898.8,5451.45,13652,14420,4480,2160,2140,10277.4
894,24909,246,270,165,36932.4,76001.4,26927.8,5451.35,13652,14420,4480,2160,2140,10280.8
895,24932,246,270,165,35411.6,76086.6,26959.8,5451.56,13652,14420,4480,2160,2140,10284.3
896,24959,246,270,165,36459.3,76171.5,26989.1,5451.48,13652,14420,4480,2160,2140,10287.7
897,24984,246,270,165,36896.4,76256.5,27019.2,5451.49,13652,14420,4480,2160,2140,10291.2
898,25013,246,270,165,36177.4,76341.4,27048.4,5451.41,13652,14420,4480,2160,2140,10294.6
899,25037,246,270,165,34603.3,76426.5,27079.6,5451.54,13652,14420,4480,2160,2140,10298.1
900,25063,246,270,165,36867,76511.6,27109.9,5451.57,13652,14420,4480,2160,2140,10301.5
901,25083,246,270,165,35777.9,76596.4,27138.7,5451.44,13652,14420,4480,2160,2140,10304.9
902,25099,246,270,165,36901.8,76681.5,27168.9,5451.46,13652,14420,4480,2160,2140,10308.3
903,25129,246,270,165,36848.3,76766.5,27198.9,5451.46,13652,14420,4480,2160,2140,10311.8
904,25154,246,270,165,37282.4,76851.6,27230.4,5451.62,13652,14420,4480,2160,2140,10315.2
905,25176,246,270,165,37679.9,76936.4,27258.8,5451.45,13652,14420,4480,2160,2140,10318.6
906,25203,246,270,165,36247.4,77021.5,27288.9,5451.46,13652,14420,4480,2160,2140,10322
907,25231,246,270,165,36979.2,77106.7,27321.5,5451.74,13652,14420,4480,2160,2140,10325.4
908,25258,246,270,165,37158.7,77191.4,27348.6,5451.43,13652,14420,4480,2160,2140,10328.8
909,25283,246,270,165,38423.5,77276.7,27380.9,5451.67,13652,14420,4480,2160,2140,10332.2
910,25303,246,270,165,36806.7,77361.6,27410.7,5451.65,13652,14420,4480,2160,2140,10335.6
911,25330,246,270,165,35945.1,77446.6,27440.6,5451.64,13652,14420,4480,2160,2140,10339
912,25354,246,270,165,36643.7,77531.6,27470,5451.58,13652,14420,4480,2160,2140,10342.4
913,25375,246,270,165,38505.3,77616.4,27498.6,5451.43,13652,14420,4480,2160,2140,10345.8
914,25398,246,270,165,37233.5,77701.7,27531.2,5451.71,13652,14420,4480,2160,2140,10349.1
915,25420,246,270,165,38518,77786.5,27559.4,5451.52,13652,14420,4480,2160,2140,10352.5
916,25442,246,270,165,37979,77871.1,27585.9,5451.15,13652,14420,4480,2160,2140,10355.9
917,25466,246,270,165,37381,77956.6,27619.9,5451.57,13652,14420,4480,2160,2140,10359.3
918,25486,246,270,165,37074.2,78041.5,27649.3,5451.51,13652,14420,4480,2160,2140,10362.6
919,25511,246,270,165,37500.2,78126.5,27679,5451.47,13652,14420,4480,2160,2140,10366
920,25536,246,270,165,37199.8,78211.5,27709.1,5451.48,13652,14420,4480,2160,2140,10369.3
921,25558,246,270,165,37597.8,78296.6,27740,5451.58,13652,14420,4480,2160,2140,10372.7
922,25578,246,270,165,37515.3,78381.6,27770.7,5451.65,13652,14420,4480,2160,2140,10376.1
923,25604,246,270,165,38194.2,78466.5,27798.9,5451.46,13652,14420,4480,2160,2140,10379.4
924,25628,246,270,165,38739.7,78551.4,27828.5,5451.42,13652,14420,4480,2160,2140,10382.7
925,25650,246,270,165,36956.5,78636.5,27859.5,5451.53,13652,14420,4480,2160,2140,10386.1
926,25670,246,270,165,38296.2,78721.4,27888.7,5451.44,13652,14420,4480,2160,2140,10389.4
927,25691,246,270,165,37106.2,78806.7,27921.2,5451.7,13652,14420,4480,2160,2140,10392.8
928,25715,246,270,165,36975,78891.6,27949.8,5451.56,13652,14420,4480,2160,2140,10396.1
929,25738,246,270,165,36966.3,78976.6,27979.8,5451.56,13652,14420,4480,2160,2140,10399.4
930,25764,246,270,165,36837.5,79061.6,28010.5,5451.63,13652,14420,4480,2160,2140,10402.7
931,25787,246,270,165,37986,79146.5,28038.9,5451.46,13652,14420,4480,2160,2140,10406
932,25802,246,270,165,36589.9,79231.7,28070.9,5451.67,13652,14420,4480,2160,2140,10409.4
933,25823,246,270,165,37960.7,79316.6,28100.3,5451.61,13652,14420,4480,2160,2140,10412.7
934,25843,246,270,165,37631.3,79401.5,28129.1,5451.48,13652,14420,4480,2160,2140,10416
935,25869,246,270,165,37513.1,79486.7,28161,5451.68,13652,14420,4480,2160,2140,10419.3
936,25891,246,270,165,38194.4,79571.5,28189.1,5451.48,13652,14420,4480,2160,2140,10422.6
937,25914,246,270,165,38602.6,79656.5,28219.6,5451.54,13652,14420,4480,2160,2140,10425.9
938,25937,246,270,165,39335,79741.8,28251.7,5451.76,13652,14420,4480,2160,2140,10429.2
939,25957,246,270,165,39621.3,79826.8,28281.6,5451.75,13652,14420,4480,2160,2140,10432.5
940,25984,246,270,165,38849.7,79911.5,28309.2,5451.5,13652,14420,4480,2160,2140,10435.7
941,26008,246,270,165,37245.6,79996.5,28339.3,5451.51,13652,14420,4480,2160,2140,10439
942,26031,246,270,165,37796.6,80081.5,28369.1,5451.48,13652,14420,4480,2160,2140,10442.3
943,26057,246,270,165,38352.7,80166.5,28399.6,5451.54,13652,14420,4480,2160,2140,10445.6
944,26078,246,270,165,38988.3,80251.5,28429.2,5451.5,13652,14420,4480,2160,2140,10448.9
945,26104,246,270,165,38429,80336.6,28460.6,5451.64,13652,14420,4480,2160,2140,10452.1
946,26125,246,270,165,37636.3,80421.9,28493.1,5451.9,13652,14420,4480,2160,2140,10455.4
947,26149,246,270,165,36998.9,80506.8,28521.6,5451.75,13652,14420,4480,2160,2140,10458.7
948,26169,246,270,165,39926.5,80591.6,28550.3,5451.61,13652,14420,4480,2160,2140,10461.9
949,26195,246,270,165,39504.3,80676.6,28579.8,5451.56,13652,14420,4480,2160,2140,10465.2
950,26216,246,270,165,37468.6,80761.5,28609.4,5451.52,13652,14420,4480,2160,2140,10468.4
951,26243,246,270,165,38283.6,80846.6,28640.4,5451.62,13652,14420,4480,2160,2140,10471.7
952,26268,246,270,165,38117.9,80931.4,28667.9,5451.36,13652,14420,4480,2160,2140,10474.9
953,26294,246,270,165,38018.1,81016.6,28700,5451.58,13652,14420,4480,2160,2140,10478.2
954,26318,246,270,165,38678.5,81101.7,28731.2,5451.7,13652,14420,4480,2160,2140,10481.4
955,26346,246,270,165,38713.6,81186.8,28762.1,5451.8,13652,14420,4480,2160,2140,10484.6
956,26368,246,270,165,39523,81271.6,28790.5,5451.63,13652,14420,4480,2160,2140,10487.9
957,26394,246,270,165,39038,81356.5,28819.1,5451.48,13652,14420,4480,2160,2140,10491.1
958,26417,246,270,165,38678.7,81441.4,28848.6,5451.43,13652,14420,4480,2160,2140,10494.3
959,26446,246,270,165,38437.6,81526.7,28880.9,5451.67,13652,14420,4480,2160,2140,10497.5
960,26469,246,270,165,39540.4,81611.5,28909,5451.47,13652,14420,4480,2160,2140,10500.7
961,26494,246,270,165,40129.5,81696.7,28941.2,5451.71,13652,14420,4480,2160,2140,10504
962,26517,246,270,165,38291.3,81781.6,28970.5,5451.63,13652,14420,4480,2160,2140,10507.2
963,26539,246,270,165,39505.7,81866.4,28997.9,5451.36,13652,14420,4480,2160,2140,10510.4
964,26563,246,270,165,38527.4,81951.7,29030.8,5451.66,13652,14420,4480,2160,2140,10513.6
965,26587,246,270,165,38908.8,82036.7,29060.8,5451.66,13652,14420,4480,2160,2140,10516.8
966,26610,246,270,165,39446.6,82121.5,29089.4,5451.52,13652,14420,4480,2160,2140,10520
967,26635,246,270,165,39104.1,82206.7,29121.4,5451.73,13652,14420,4480,2160,2140,10523.2
968,26660,246,270,165,39827.9,82291.5,29149.2,5451.49,13652,14420,4480,2160,2140,10526.4
969,26680,246,270,165,40129.5,82376.5,29179,5451.47,13652,14420,4480,2160,2140,10529.6
970,26705,246,270,165,40431.2,82461.6,29210,5451.58,13652,14420,4480,2160,2140,10532.7
971,26726,246,270,165,39129.8,82546.4,29238.3,5451.4,13652,14420,4480,2160,2140,10535.9
972,26749,246,270,165,38958.1,82631.8,29271.6,5451.75,13652,14420,4480,2160,2140,10539.1
973,26766,246,270,165,39138.8,82716.6,29300.2,5451.6,13652,14420,4480,2160,2140,10542.3
974,26792,246,270,165,39141.9,82801.6,29330.6,5451.64,13652,14420,4480,2160,2140,10545.4
975,26815,246,270,165,39644.8,82886.6,29359.8,5451.56,13652,14420,4480,2160,2140,10548.6
976,26841,246,270,165,39139.6,82971.5,29389.6,5451.54,13652,14420,4480,2160,2140,10551.8
977,26866,246,270,165,40135.3,83056.7,29421.3,5451.72,13652,14420,4480,2160,2140,10554.9
978,26891,246,270,165,39570.3,83141.8,29451.6,5451.75,13652,14420,4480,2160,2140,10558.1
979,26920,246,270,165,39740.7,83226.6,29479.8,5451.56,13652,14420,4480,2160,2140,10561.3
980,26943,246,270,165,40375.1,83311.8,29511.7,5451.76,13652,14420,4480,2160,2140,10564.4
981,26967,246,270,165,39118.9,83396.8,29542.2,5451.81,13652,14420,4480,2160,2140,10567.6
982,26992,246,270,165,39531.7,83481.8,29572.5,5451.84,13652,14420,4480,2160,2140,10570.7
983,27010,246,270,165,40000,83566.6,29600.1,5451.59,13652,14420,4480,2160,2140,10573.8
984,27030,246,270,165,39962.8,83651.7,29630.8,5451.66,13652,14420,4480,2160,2140,10577
985,27051,246,270,165,40131.4,83736.4,29658.3,5451.4,13652,14420,4480,2160,2140,10580.1
986,27077,246,270,165,39953.4,83821.7,29691.4,5451.73,13652,14420,4480,2160,2140,10583.2
987,27101,246,270,165,40796.6,83906.7,29721.2,5451.7,13652,14420,4480,2160,2140,10586.4
988,27126,246,270,165,40187.3,83991.5,29749.2,5451.49,13652,14420,4480,2160,2140,10589.5
989,27152,246,270,165,40497.9,84076.5,29779.2,5451.5,13652,14420,4480,2160,2140,10592.6
990,27177,246,270,165,39590.6,84161.4,29808.5,5451.42,13652,14420,4480,2160,2140,10595.7
991,27198,246,270,165,40701.5,84246.7,29841.2,5451.7,13652,14420,4480,2160,2140,10598.9
992,27224,246,270,165,39577.6,84331.7,29871.1,5451.69,13652,14420,4480,2160,2140,10602
993,27250,246,270,165,40367.9,84416.8,29902.1,5451.8,13652,14420,4480,2160,2140,10605.1
994,27271,246,270,165,39570.2,84501.6,29930.2,5451.6,13652,14420,4480,2160,2140,10608.2
995,27293,246,270,165,40120.5,84586.6,29959.8,5451.56,13652,14420,4480,2160,2140,10611.3
996,27314,246,270,165,40297.3,84671.8,29991.9,5451.78,13652,14420,4480,2160,2140,10614.4
997,27338,246,270,165,41507.7,84756.6,30020.3,5451.61,13652,14420,4480,2160,2140,10617.5
998,27361,246,270,165,39081,84841.8,30051.8,5451.77,13652,14420,4480,2160,2140,10620.6
999,27382,246,270,165,38747.3,84926.6,30080.4,5451.62,13652,14420,4480,2160,2140,10623.7
1000,27404,246,270,165,39837.5,85011.7,30110.8,5451.66,13652,14420,4480,2160,2140,10626.8
1001,27425,246,270,165,39782.5,85096.8,30142.3,5451.82,13652,14420,4480,2160,2140,10629.9
1002,27448,246,270,165,40478.4,85181.7,30170.8,5451.66,13652,14420,4480,2160,2140,10632.9
1003,27472,246,270,165,40185.8,85266.7,30200.9,5451.67,13652,14420,4480,2160,2140,10636
1004,27493,246,270,165,40502.4,85351.7,30231.3,5451.72,13652,14420,4480,2160,2140,10639.1
1005,27517,246,270,165,40400.2,85436.7,30261.4,5451.73,13652,14420,4480,2160,2140,10642.2
1006,27540,246,270,165,40253.7,85521.8,30291.7,5451.76,13652,14420,4480,2160,2140,10645.2
1007,27561,246,270,165,40525.9,85606.6,30320,5451.58,13652,14420,4480,2160,2140,10648.3
1008,27585,246,270,165,41119.8,85691.6,30350.3,5451.61,13652,14420,4480,2160,2140,10651.4
1009,27608,246,270,165,39566.1,85776.7,30381.5,5451.74,13652,14420,4480,2160,2140,10654.4
1010,27631,246,270,165,39581,85861.9,30413.1,5451.91,13652,14420,4480,2160,2140,10657.5
1011,27655,246,270,165,40001,85946.8,30441.9,5451.78,13652,14420,4480,2160,2140,10660.6
1012,27678,246,270,165,41352.7,86031.5,30468.9,5451.46,13652,14420,4480,2160,2140,10663.6
1013,27694,246,270,165,40524.5,86116.6,30500.1,5451.59,13652,14420,4480,2160,2140,10666.7
1014,27712,246,270,165,41168.7,86201.8,30532.2,5451.81,13652,14420,4480,2160,2140,10669.7
1015,27733,246,270,165,41523.3,86286.6,30560.2,5451.6,13652,14420,4480,2160,2140,10672.7
1016,27756,246,270,165,41574.4,86371.8,30591.7,5451.76,13652,14420,4480,2160,2140,10675.8
1017,27780,246,270,165,40664.3,86457,30623.6,5451.96,13652,14420,4480,2160,2140,10678.8
1018,27800,246,270,165,41377.9,86541.6,30650.4,5451.62,13652,14420,4480,2160,2140,10681.9
1019,27818,246,270,165,41504.6,86626.7,30680.8,5451.66,13652,14420,4480,2160,2140,10684.9
1020,27838,246,270,165,40755,86711.8,30711.7,5451.76,13652,14420,4480,2160,2140,10687.9
1021,27858,246,270,165,40641.2,86796.9,30743.1,5451.9,13652,14420,4480,2160,2140,10690.9
1022,27879,246,270,165,41138.7,86881.5,30768.9,5451.46,13652,14420,4480,2160,2140,10694
1023,27903,246,270,165,41276.3,86966.8,30801.6,5451.75,13652,14420,4480,2160,2140,10697
1024,27926,246,270,165,39698.1,87051.9,30833.5,5451.95,13652,14420,4480,2160,2140,10700
1025,27948,246,270,165,39949,87136.8,30861.8,5451.77,13652,14420,4480,2160,2140,10703
1026,27969,246,270,165,41230.9,87221.9,30892.6,5451.85,13652,14420,4480,2160,2140,10706
1027,27996,246,270,165,41147.5,87306.9,30922.6,5451.85,13652,14420,4480,2160,2140,10709
1028,28017,246,270,165,41305.6,87391.7,30951.3,5451.72,13652,14420,4480,2160,2140,10712
1029,28042,246,270,165,41120.4,87476.7,30981.5,5451.74,13652,14420,4480,2160,2140,10715
1030,28065,246,270,165,40305.5,87561.8,31012.2,5451.81,13652,14420,4480,2160,2140,10718
1031,28089,246,270,165,42574.2,87646.6,31040.1,5451.59,13652,14420,4480,2160,2140,10721
1032,28111,246,270,165,42085.9,87731.6,31070.6,5451.64,13652,14420,4480,2160,2140,10724
1033,28136,246,270,165,41095.5,87817,31103.8,5451.98,13652,14420,4480,2160,2140,10727
1034,28159,246,270,165,42113.4,87901.7,31131.2,5451.7,13652,14420,4480,2160,2140,10730
1035,28183,246,270,165,41596.8,87986.8,31161.8,5451.77,13652,14420,4480,2160,2140,10733
1036,28209,246,270,165,42496.4,88071.7,31190.9,5451.67,13652,14420,4480,2160,2140,10736
1037,28233,246,270,165,42554.1,88156.5,31219.2,5451.49,13652,14420,4480,2160,2140,10738.9
1038,28258,246,270,165,41451.3,88241.7,31251.5,5451.74,13652,14420,4480,2160,2140,10741.9
1039,28279,246,270,165,41779.8,88326.9,31283.4,5451.94,13652,14420,4480,2160,2140,10744.9
1040,28305,246,270,165,42579.7,88411.8,31311.6,5451.75,13652,14420,4480,2160,2140,10747.9
1041,28329,246,270,165,41936.4,88496.6,31340.1,5451.59,13652,14420,4480,2160,2140,10750.8
1042,28350,246,270,165,42063.2,88581.7,31370.9,5451.67,13652,14420,4480,2160,2140,10753.8
1043,28371,246,270,165,44042.7,88666.9,31402.7,5451.86,13652,14420,4480,2160,2140,10756.8
1044,28389,246,270,165,42038.4,88751.7,31431.2,5451.71,13652,14420,4480,2160,2140,10759.7
1045,28412,246,270,165,42380.4,88836.9,31462.6,5451.85,13652,14420,4480,2160,2140,10762.7
1046,28433,246,270,165,42226,88921.6,31490.5,5451.63,13652,14420,4480,2160,2140,10765.6
1047,28458,246,270,165,40976,89006.7,31521.3,5451.72,13652,14420,4480,2160,2140,10768.6
1048,28482,246,270,165,42917,89091.6,31549.7,5451.55,13652,14420,4480,2160,2140,10771.5
1049,28507,246,270,165,42169.9,89176.7,31581.3,5451.72,13652,14420,4480,2160,2140,10774.5
1050,28532,246,270,165,42601.1,89261.8,31611.9,5451.78,13652,14420,4480,2160,2140,10777.4
1051,28557,246,270,165,42345.1,89346.7,31640.9,5451.67,13652,14420,4480,2160,2140,10780.4
1052,28579,246,270,165,41466.7,89431.9,31672.8,5451.87,13652,14420,4480,2160,2140,10783.3
1053,28606,246,270,165,42772.3,89516.8,31702.5,5451.84,13652,14420,4480,2160,2140,10786.2
1054,28623,246,270,165,42954.3,89601.6,31729.7,5451.55,13652,14420,4480,2160,2140,10789.2
1055,28645,246,270,165,42678,89686.7,31761.3,5451.72,13652,14420,4480,2160,2140,10792.1
1056,28667,246,270,165,41800.7,89771.8,31791.8,5451.77,13652,14420,4480,2160,2140,10795
1057,28685,246,270,165,43861,89856.6,31820.6,5451.64,13652,14420,4480,2160,2140,10797.9
1058,28705,246,270,165,42388.8,89941.8,31851.9,5451.78,13652,14420,4480,2160,2140,10800.8
1059,28726,246,270,165,42311.6,90027.2,31885.6,5452.17,13652,14420,4480,2160,2140,10803.8
1060,28750,246,270,165,40730.2,90112.1,31915.3,5452.14,13652,14420,4480,2160,2140,10806.7
1061,28772,246,270,165,41916.7,90196.8,31942.5,5451.84,13652,14420,4480,2160,2140,10809.6
1062,28797,246,270,165,42567.2,90281.8,31971.6,5451.75,13652,14420,4480,2160,2140,10812.5
1063,28824,246,270,165,43150.3,90366.9,32002.8,5451.87,13652,14420,4480,2160,2140,10815.4
1064,28848,246,270,165,42320.7,90451.9,32033,5451.89,13652,14420,4480,2160,2140,10818.3
1065,28874,246,270,165,43035.2,90536.8,32062.2,5451.81,13652,14420,4480,2160,2140,10821.2
1066,28897,246,270,165,43698.8,90621.7,32090.8,5451.66,13652,14420,4480,2160,2140,10824.1
1067,28916,246,270,165,43651.8,90707.1,32124.8,5452.08,13652,14420,4480,2160,2140,10827
1068,28936,246,270,165,42261.7,90791.9,32153.1,5451.9,13652,14420,4480,2160,2140,10829.9
1069,28962,246,270,165,41919.5,90876.9,32183.1,5451.9,13652,14420,4480,2160,2140,10832.8
1070,28983,246,270,165,42211.3,90961.9,32213.1,5451.91,13652,14420,4480,2160,2140,10835.7
1071,29000,246,270,165,42692,91046.8,32242.4,5451.83,13652,14420,4480,2160,2140,10838.5
1072,29024,246,270,165,43330.8,91131.8,32272.4,5451.83,13652,14420,4480,2160,2140,10841.4
1073,29048,246,270,165,42700.3,91216.9,32302.9,5451.88,13652,14420,4480,2160,2140,10844.3
1074,29069,246,270,165,41651.2,91302.4,32337.6,5452.38,13652,14420,4480,2160,2140,10847.2
1075,29093,246,270,165,43614.9,91386.8,32362.5,5451.84,13652,14420,4480,2160,2140,10850.1
1076,29117,246,270,165,44168.7,91471.8,32392.4,5451.83,13652,14420,4480,2160,2140,10852.9
1077,29142,246,270,165,43447.2,91557,32423.8,5451.98,13652,14420,4480,2160,2140,10855.8
1078,29160,246,270,165,42839.3,91641.6,32450.7,5451.65,13652,14420,4480,2160,2140,10858.7
1079,29180,246,270,165,43326,91726.7,32481.4,5451.73,13652,14420,4480,2160,2140,10861.5
1080,29200,246,270,165,43325.7,91811.8,32512.1,5451.8,13652,14420,4480,2160,2140,10864.4
1081,29219,246,270,165,44417.5,91896.8,32541.8,5451.77,13652,14420,4480,2160,2140,10867.2
1082,29242,246,270,165,43479.2,91981.8,32572.4,5451.83,13652,14420,4480,2160,2140,10870.1
1083,29266,246,270,165,42023.6,92067,32603.8,5451.98,13652,14420,4480,2160,2140,10872.9
1084,29282,246,270,165,41590.2,92151.9,32633.1,5451.9,13652,14420,4480,2160,2140,10875.8
1085,29307,246,270,165,44147.1,92236.7,32661.4,5451.73,13652,14420,4480,2160,2140,10878.6
1086,29333,246,270,165,44247,92321.8,32691.6,5451.75,13652,14420,4480,2160,2140,10881.5
1087,29355,246,270,165,45878.6,92406.5,32719.2,5451.49,13652,14420,4480,2160,2140,10884.3
1088,29379,246,270,165,43047.7,92491.8,32752.2,5451.81,13652,14420,4480,2160,2140,10887.2
1089,29396,246,270,165,44066.3,92576.8,32782.1,5451.8,13652,14420,4480,2160,2140,10890
1090,29418,246,270,165,43153.7,92661.9,32812.6,5451.85,13652,14420,4480,2160,2140,10892.8
1091,29444,246,270,165,43358.6,92747,32844,5452,13652,14420,4480,2160,2140,10895.7
1092,29467,246,270,165,44003.1,92832.1,32874.6,5452.06,13652,14420,4480,2160,2140,10898.5
1093,29488,246,270,165,43263.9,92917.1,32904.9,5452.1,13652,14420,4480,2160,2140,10901.3
1094,29509,246,270,165,44638.6,93001.9,32932.6,5451.85,13652,14420,4480,2160,2140,10904.1
1095,29531,246,270,165,43925.8,93087,32964,5452,13652,14420,4480,2160,2140,10907
1096,29555,246,270,165,43405.1,93172,32994.3,5452.03,13652,14420,4480,2160,2140,10909.8
1097,29574,246,270,165,43753,93256.7,33021.1,5451.69,13652,14420,4480,2160,2140,10912.6
1098,29600,246,270,165,43888.9,93341.9,33053,5451.89,13652,14420,4480,2160,2140,10915.4
1099,29622,246,270,165,43160.8,93427.1,33084.6,5452.06,13652,14420,4480,2160,2140,10918.2
1100,29644,246,270,165,43619.3,93511.9,33113.3,5451.93,13652,14420,4480,2160,2140,10921
1101,29670,246,270,165,45115.2,93596.8,33142.4,5451.83,13652,14420,4480,2160,2140,10923.8
1102,29688,246,270,165,45129.5,93682.1,33175,5452.11,13652,14420,4480,2160,2140,10926.6
1103,29710,246,270,165,44642.3,93766.7,33201.1,5451.69,13652,14420,4480,2160,2140,10929.4
1104,29731,246,270,165,45321.4,93851.7,33231.5,5451.74,13652,14420,4480,2160,2140,10932.2
1105,29747,246,270,165,44919,93936.9,33262.6,5451.85,13652,14420,4480,2160,2140,10935
1106,29769,246,270,165,45036.3,94022,33293.6,5451.96,13652,14420,4480,2160,2140,10937.8
1107,29796,246,270,165,43832.9,94106.8,33322.3,5451.82,13652,14420,4480,2160,2140,10940.6
1108,29817,246,270,165,44360.6,94191.8,33351.7,5451.76,13652,14420,4480,2160,2140,10943.4
1109,29842,246,270,165,42937.1,94276.8,33381.6,5451.75,13652,14420,4480,2160,2140,10946.2
1110,29868,246,270,165,44211.8,94361.9,33413,5451.89,13652,14420,4480,2160,2140,10949
1111,29892,246,270,165,45108.7,94446.7,33441.3,5451.72,13652,14420,4480,2160,2140,10951.8
1112,29913,246,270,165,45320,94531.9,33472.6,5451.85,13652,14420,4480,2160,2140,10954.5
1113,29935,246,270,165,45817.2,94616.9,33502.9,5451.88,13652,14420,4480,2160,2140,10957.3
1114,29956,246,270,165,45563.1,94702.1,33534.5,5452.05,13652,14420,4480,2160,2140,10960.1
1115,29980,246,270,165,46233.8,94786.7,33561.1,5451.69,13652,14420,4480,2160,2140,10962.9
1116,30000,246,270,165,43065.2,94871.8,33592.3,5451.82,13652,14420,4480,2160,2140,10965.6
1117,30019,246,270,165,45183.1,94957,33624,5452,13652,14420,4480,2160,2140,10968.4
1118,30043,246,270,165,44317.4,95041.8,33652.3,5451.82,13652,14420,4480,2160,2140,10971.1
1119,30065,246,270,165,45210.4,95126.9,33683.2,5451.92,13652,14420,4480,2160,2140,10973.9
1120,30089,246,270,165,45589.2,95212.1,33714.5,5452.05,13652,14420,4480,2160,2140,10976.7
1121,30110,246,270,165,44995.9,95296.7,33741.1,5451.7,13652,14420,4480,2160,2140,10979.4
1122,30131,246,270,165,45055.9,95381.8,33771.6,5451.75,13652,14420,4480,2160,2140,10982.2
1123,30154,246,270,165,45002,95467,33804.1,5452.01,13652,14420,4480,2160,2140,10984.9
1124,30175,246,270,165,44428.6,95551.9,33833,5451.89,13652,14420,4480,2160,2140,10987.7
1125,30201,246,270,165,44305.1,95637.1,33864.8,5452.08,13652,14420,4480,2160,2140,10990.4
1126,30221,246,270,165,45480.7,95721.8,33892,5451.79,13652,14420,4480,2160,2140,10993.2
1127,30243,246,270,165,45004.9,95807,33923.9,5451.99,13652,14420,4480,2160,2140,10995.9
1128,30271,246,270,165,46054,95891.8,33952.4,5451.83,13652,14420,4480,2160,2140,10998.6
1129,30293,246,270,165,44059.8,95976.8,33982.5,5451.84,13652,14420,4480,2160,2140,11001.4
1130,30320,246,270,165,45867.8,96061.9,34013.1,5451.9,13652,14420,4480,2160,2140,11004.1
1131,30342,246,270,165,43982.7,96146.9,34042.8,5451.87,13652,14420,4480,2160,2140,11006.8
1132,30365,246,270,165,46653.3,96231.7,34071.5,5451.74,13652,14420,4480,2160,2140,11009.6
1133,30385,246,270,165,46649.7,96316.9,34102.6,5451.85,13652,14420,4480,2160,2140,11012.3
1134,30406,246,270,165,46774.6,96401.9,34132.7,5451.86,13652,14420,4480,2160,2140,11015
1135,30431,246,270,165,45058.2,96486.7,34161.2,5451.71,13652,14420,4480,2160,2140,11017.7
1136,30454,246,270,165,44904.6,96571.9,34193.3,5451.93,13652,14420,4480,2160,2140,11020.5
1137,30477,246,270,165,46482.8,96657.2,34225.5,5452.16,13652,14420,4480,2160,2140,11023.2
1138,30502,246,270,165,46393.5,96742,34253.7,5451.97,13652,14420,4480,2160,2140,11025.9
1139,30526,246,270,165,45917.4,96826.9,34283.5,5451.95,13652,14420,4480,2160,2140,11028.6
1140,30542,246,270,165,45115,96911.8,34312.3,5451.82,13652,14420,4480,2160,2140,11031.3
1141,30566,246,270,165,45032.9,96996.9,34343.1,5451.9,13652,14420,4480,2160,2140,11034
1142,30588,246,270,165,46102,97082.1,34374.9,5452.1,13652,14420,4480,2160,2140,11036.7
1143,30611,246,270,165,45906.3,97166.8,34402.4,5451.83,13652,14420,4480,2160,2140,11039.4
1144,30635,246,270,165,46320,97252,34433.6,5451.96,13652,14420,4480,2160,2140,11042.1
1145,30661,246,270,165,46665.8,97336.9,34463,5451.89,13652,14420,4480,2160,2140,11044.8
1146,30684,246,270,165,44798.6,97421.9,34493.4,5451.94,13652,14420,4480,2160,2140,11047.5
1147,30706,246,270,165,45117.7,97507,34523.9,5451.99,13652,14420,4480,2160,2140,11050.2
1148,30722,246,270,165,46736.4,97591.9,34553.4,5451.94,13652,14420,4480,2160,2140,11052.9
1149,30745,246,270,165,45370.9,97676.6,34580.2,5451.6,13652,14420,4480,2160,2140,11055.6
1150,30763,246,270,165,44977.7,97762,34614.1,5452.01,13652,14420,4480,2160,2140,11058.3
1151,30784,246,270,165,46696.3,97847,34643.6,5451.96,13652,14420,4480,2160,2140,11061
1152,30807,246,270,165,46202,97932.3,34676.6,5452.27,13652,14420,4480,2160,2140,11063.6
1153,30832,246,270,165,46291.1,98017.1,34704.8,5452.08,13652,14420,4480,2160,2140,11066.3
1154,30851,246,270,165,46347.9,98101.7,34731.3,5451.72,13652,14420,4480,2160,2140,11069
1155,30876,246,270,165,47394,98187.1,34765.3,5452.14,13652,14420,4480,2160,2140,11071.7
1156,30890,246,270,165,46830.6,98272.1,34794.9,5452.09,13652,14420,4480,2160,2140,11074.3
1157,30914,246,270,165,45511.5,98356.9,34823.5,5451.95,13652,14420,4480,2160,2140,11077
1158,30935,246,270,165,46159.2,98441.9,34853.4,5451.94,13652,14420,4480,2160,2140,11079.7
1159,30959,246,270,165,46264.6,98527.2,34885.8,5452.19,13652,14420,4480,2160,2140,11082.3
1160,30980,246,270,165,46316.8,98611.9,34913.1,5451.9,13652,14420,4480,2160,2140,11085
1161,31005,246,270,165,47041.4,98696.9,34943.2,5451.92,13652,14420,4480,2160,2140,11087.7
1162,31028,246,270,165,45719,98782.1,34975.2,5452.13,13652,14420,4480,2160,2140,11090.3
1163,31051,246,270,165,46218.4,98866.9,35003.1,5451.91,13652,14420,4480,2160,2140,11093
1164,31076,246,270,165,45879.8,98952.1,35035.4,5452.15,13652,14420,4480,2160,2140,11095.6
1165,31097,246,270,165,46311.9,99036.9,35063,5451.89,13652,14420,4480,2160,2140,11098.3
1166,31116,246,270,165,47116.3,99121.8,35091.9,5451.78,13652,14420,4480,2160,2140,11100.9
1167,31145,246,270,165,45597.5,99207,35124.3,5452.03,13652,14420,4480,2160,2140,11103.6
1168,31170,246,270,165,48323.4,99291.9,35153.1,5451.9,13652,14420,4480,2160,2140,11106.2
1169,31193,246,270,165,45656.3,99377,35184.4,5452.04,13652,14420,4480,2160,2140,11108.9
1170,31217,246,270,165,47265.6,99461.9,35213,5451.89,13652,14420,4480,2160,2140,11111.5
1171,31237,246,270,165,45418.6,99547.2,35245.7,5452.18,13652,14420,4480,2160,2140,11114.1
1172,31262,246,270,165,46516.5,99632.1,35274.9,5452.09,13652,14420,4480,2160,2140,11116.8
1173,31284,246,270,165,45853.3,99717.2,35305.9,5452.2,13652,14420,4480,2160,2140,11119.4
1174,31301,246,270,165,47247.6,99802.2,35335.5,5452.16,13652,14420,4480,2160,2140,11122
1175,31321,246,270,165,46697.5,99887,35364.4,5452.04,13652,14420,4480,2160,2140,11124.7
1176,31341,246,270,165,47146.6,99971.9,35393.4,5451.94,13652,14420,4480,2160,2140,11127.3
1177,31360,246,270,165,46927.7,100057,35421.2,5451.71,13652,14420,4480,2160,2140,11129.9
1178,31380,246,270,165,46185.7,100142,35455.4,5452.15,13652,14420,4480,2160,2140,11132.5
1179,31405,246,270,165,45141.7,100227,35486.3,5452.24,13652,14420,4480,2160,2140,11135.2
1180,31425,246,270,165,47774.5,100312,35513.7,5451.97,13652,14420,4480,2160,2140,11137.8
1181,31448,246,270,165,46285.2,100397,35543.4,5451.94,13652,14420,4480,2160,2140,11140.4
1182,31464,246,270,165,47093.1,100482,35574.1,5452.01,13652,14420,4480,2160,2140,11143
1183,31483,246,270,165,46861.4,100567,35600.2,5451.6,13652,14420,4480,2160,2140,11145.6
1184,31505,246,270,165,46714.8,100652,35635.5,5452.16,13652,14420,4480,2160,2140,11148.2
1185,31527,246,270,165,47921,100737,35664.1,5452.01,13652,14420,4480,2160,2140,11150.8
1186,31550,246,270,165,48205.4,100822,35696,5452.21,13652,14420,4480,2160,2140,11153.4
1187,31569,246,270,165,48205.2,100907,35725.3,5452.14,13652,14420,4480,2160,2140,11156
1188,31591,246,270,165,48266.2,100992,35754.9,5452.1,13652,14420,4480,2160,2140,11158.6
1189,31614,246,270,165,47064.5,101077,35785.5,5452.16,13652,14420,4480,2160,2140,11161.2
1190,31631,246,270,165,47629.8,101162,35813.5,5451.95,13652,14420,4480,2160,2140,11163.8
1191,31649,246,270,165,47786.6,101247,35843.3,5451.93,13652,14420,4480,2160,2140,11166.4
1192,31673,246,270,165,46886.2,101332,35874.2,5452.02,13652,14420,4480,2160,2140,11169
1193,31694,246,270,165,46542,101417,35902.2,5451.81,13652,14420,4480,2160,2140,11171.6
1194,31715,246,270,165,47910.2,101502,35934.3,5452.03,13652,14420,4480,2160,2140,11174.2
1195,31741,246,270,165,46627.7,101587,35965.5,5452.16,13652,14420,4480,2160,2140,11176.8
1196,31759,246,270,165,47550.3,101672,35994.8,5452.08,13652,14420,4480,2160,2140,11179.4
1197,31779,246,270,165,48320.6,101757,36023.9,5451.99,13652,14420,4480,2160,2140,11181.9
1198,31801,246,270,165,47465.5,101842,36055.6,5452.17,13652,14420,4480,2160,2140,11184.5
1199,31818,246,270,165,50239.3,101927,36084.5,5452.05,13652,14420,4480,2160,2140,11187.1
1200,31843,246,270,165,48041.1,102012,36115.3,5452.14,13652,14420,4480,2160,2140,11189.7
1201,31863,246,270,165,49360.4,102097,36144,5452,13652,14420,4480,2160,2140,11192.2
1202,31889,246,270,165,48311.9,102182,36174.5,5452.05,13652,14420,4480,2160,2140,11194.8
1203,31908,246,270,165,48124,102267,36204.1,5452.01,13652,14420,4480,2160,2140,11197.4
1204,31930,246,270,165,48322.1,102352,36233.7,5451.97,13652,14420,4480,2160,2140,11199.9
1205,31957,246,270,165,47369.4,102437,36265.4,5452.15,13652,14420,4480,2160,2140,11202.5
1206,31979,246,270,165,46494.7,102522,36295.1,5452.12,13652,14420,4480,2160,2140,11205.1
1207,32005,246,270,165,46781.8,102607,36325.3,5452.14,13652,14420,4480,2160,2140,11207.6
1208,32028,246,270,165,46785.6,102692,36354.2,5452.02,13652,14420,4480,2160,2140,11210.2
1209,32048,246,270,165,48722.3,102777,36382.7,5451.86,13652,14420,4480,2160,2140,11212.7
1210,32073,246,270,165,48260,102862,36412.6,5451.85,13652,14420,4480,2160,2140,11215.3
1211,32094,246,270,165,47945.6,102947,36444.6,5452.06,13652,14420,4480,2160,2140,11217.8
1212,32118,246,270,165,49305.3,103032,36473.4,5451.94,13652,14420,4480,2160,2140,11220.4
1213,32144,246,270,165,48464,103117,36507.1,5452.33,13652,14420,4480,2160,2140,11222.9
1214,32168,246,270,165,47870.3,103202,36536,5452.21,13652,14420,4480,2160,2140,11225.5
1215,32188,246,270,165,48395.2,103287,36565.8,5452.19,13652,14420,4480,2160,2140,11228
1216,32210,246,270,165,47409.3,103372,36593.9,5451.99,13652,14420,4480,2160,2140,11230.6
1217,32228,246,270,165,49737.9,103457,36624.2,5452.02,13652,14420,4480,2160,2140,11233.1
1218,32256,246,270,165,47494.1,103542,36658.1,5452.43,13652,14420,4480,2160,2140,11235.6
1219,32280,246,270,165,46785.6,103627,36686.5,5452.26,13652,14420,4480,2160,2140,11238.2
1220,32301,246,270,165,48285.9,103712,36713.3,5451.93,13652,14420,4480,2160,2140,11240.7
1221,32327,246,270,165,48693.9,103797,36744.1,5452.01,13652,14420,4480,2160,2140,11243.2
1222,32347,246,270,165,49324.7,103882,36774.4,5452.04,13652,14420,4480,2160,2140,11245.8
1223,32371,246,270,165,50581.4,103967,36805.8,5452.19,13652,14420,4480,2160,2140,11248.3
1224,32393,246,270,165,49589.3,104052,36834.3,5452.03,13652,14420,4480,2160,2140,11250.8
1225,32418,246,270,165,47330.5,104137,36865.1,5452.12,13652,14420,4480,2160,2140,11253.3
1226,32438,246,270,165,49329.9,104222,36894.6,5452.06,13652,14420,4480,2160,2140,11255.9
1227,32458,246,270,165,47310.2,104307,36923.1,5451.91,13652,14420,4480,2160,2140,11258.4
1228,32481,246,270,165,47915.9,104392,36955,5452.11,13652,14420,4480,2160,2140,11260.9
1229,32506,246,270,165,50220,104477,36984.8,5452.08,13652,14420,4480,2160,2140,11263.4
1230,32530,246,270,165,49900.5,104562,37013.6,5451.96,13652,14420,4480,2160,2140,11265.9
1231,32550,246,270,165,49524.4,104647,37042.8,5451.87,13652,14420,4480,2160,2140,11268.4
1232,32572,246,270,165,48620.7,104732,37075,5452.11,13652,14420,4480,2160,2140,11270.9
1233,32595,246,270,165,48669.9,104817,37104.2,5452.02,13652,14420,4480,2160,2140,11273.4
1234,32618,246,270,165,47866.1,104902,37135,5452.11,13652,14420,4480,2160,2140,11275.9
1235,32641,246,270,165,49326,104987,37163.8,5451.98,13652,14420,4480,2160,2140,11278.4
1236,32661,246,270,165,49517.1,105072,37196.5,5452.26,13652,14420,4480,2160,2140,11280.9
1237,32681,246,270,165,48857,105157,37223.1,5451.91,13652,14420,4480,2160,2140,11283.4
1238,32706,246,270,165,48966.8,105242,37256.8,5452.29,13652,14420,4480,2160,2140,11285.9
1239,32726,246,270,165,49101.7,105327,37287.4,5452.36,13652,14420,4480,2160,2140,11288.4
1240,32751,246,270,165,48493.1,105412,37315.3,5452.14,13652,14420,4480,2160,2140,11290.9
1241,32774,328,360,165,49720.2,105497,37347.1,5452.33,18196,19220,4480,2160,2140,11293.4
1242,32795,328,360,165,48002.1,105582,37374.9,5452.09,18196,19220,4480,2160,2140,11295.9
1243,32820,328,360,165,48544.5,105667,37406.1,5452.22,18196,19220,4480,2160,2140,11298.4
1244,32841,328,360,165,51024.6,105752,37433.3,5451.93,18196,19220,4480,2160,2140,11300.8
1245,32860,328,360,165,48972.8,105837,37464.8,5452.08,18196,19220,4480,2160,2140,11303.3
1246,32879,328,360,165,48067.8,105922,37494.6,5452.06,18196,19220,4480,2160,2140,11305.8
1247,32904,328,360,165,47865.7,106007,37525.8,5452.19,18196,19220,4480,2160,2140,11308.3
1248,32927,328,360,165,50095.5,106092,37556.9,5452.31,18196,19220,4480,2160,2140,11310.8
1249,32945,328,360,165,51226.1,106177,37584.7,5452.07,18196,19220,4480,2160,2140,11313.2
1250,32965,328,360,165,49523,106262,37617.9,5452.41,18196,19220,4480,2160,2140,11315.7
1251,32991,328,360,165,48867,106347,37644.4,5452.04,18196,19220,4480,2160,2140,11318.2
1252,33012,328,360,165,47488.4,106432,37675.2,5452.13,18196,19220,4480,2160,2140,11320.6
1253,33036,328,360,165,49386.3,106517,37705.1,5452.12,18196,19220,4480,2160,2140,11323.1
1254,33056,328,360,165,50937.1,106602,37735.2,5452.13,18196,19220,4480,2160,2140,11325.6
1255,33084,328,360,165,51794.8,106687,37763.4,5451.94,18196,19220,4480,2160,2140,11328
1256,33103,328,360,165,51151.1,106772,37793.8,5451.98,18196,19220,4480,2160,2140,11330.5
1257,33121,328,360,165,50909.4,106857,37820.1,5451.59,18196,19220,4480,2160,2140,11332.9
1258,33146,328,360,165,51118.2,106942,37854.7,5452.07,18196,19220,4480,2160,2140,11335.4
1259,33168,328,360,165,48832.4,107027,37885.8,5452.19,18196,19220,4480,2160,2140,11337.9
1260,33188,328,360,165,51109.6,107112,37914.8,5452.08,18196,19220,4480,2160,2140,11340.3
1261,33209,328,360,165,49369.3,107197,37945.7,5452.18,18196,19220,4480,2160,2140,11342.8
1262,33231,328,360,165,50302.7,107282,37974.3,5452.03,18196,19220,4480,2160,2140,11345.2
1263,33259,328,360,165,51826.9,107367,38007.9,5452.41,18196,19220,4480,2160,2140,11347.6
1264,33281,328,360,165,49095.3,107453,38039,5452.53,18196,19220,4480,2160,2140,11350.1
1265,33302,328,360,165,51043,107537,38067.1,5452.33,18196,19220,4480,2160,2140,11352.5
1266,33331,328,360,165,50355.8,107622,38094.5,5452.05,18196,19220,4480,2160,2140,11355
1267,33352,328,360,165,49464.7,107707,38126.1,5452.22,18196,19220,4480,2160,2140,11357.4
1268,33378,328,360,165,49584.4,107792,38156.3,5452.24,18196,19220,4480,2160,2140,11359.8
1269,33398,328,360,165,50371.7,107877,38186.5,5452.26,18196,19220,4480,2160,2140,11362.3
1270,33419,328,360,165,50864.2,107962,38214.1,5452.01,18196,19220,4480,2160,2140,11364.7
1271,33439,328,360,165,50369.4,108047,38245.5,5452.16,18196,19220,4480,2160,2140,11367.1
1272,33460,328,360,165,51196.6,108132,38272.7,5451.86,18196,19220,4480,2160,2140,11369.6
1273,33478,328,360,165,49823.3,108217,38305.1,5452.12,18196,19220,4480,2160,2140,11372
1274,33498,328,360,165,49233.4,108302,38336.5,5452.26,18196,19220,4480,2160,2140,11374.4
1275,33522,328,360,165,51111.3,108387,38366.4,5452.25,18196,19220,4480,2160,2140,11376.8
1276,33547,328,360,165,48798.3,108472,38397.7,5452.39,18196,19220,4480,2160,2140,11379.3
1277,33571,328,360,165,50034.7,108557,38423.8,5451.98,18196,19220,4480,2160,2140,11381.7
1278,33591,328,360,165,49848.3,108642,38455.6,5452.17,18196,19220,4480,2160,2140,11384.1
1279,33612,328,360,165,51156,108727,38484.8,5452.08,18196,19220,4480,2160,2140,11386.5
1280,33639,328,360,165,50675.4,108812,38514.9,5452.09,18196,19220,4480,2160,2140,11388.9
1281,33663,328,360,165,51802.3,108897,38544.1,5452.01,18196,19220,4480,2160,2140,11391.3
1282,33684,328,360,165,50965.2,108982,38576.5,5452.26,18196,19220,4480,2160,2140,11393.7
1283,33703,328,360,165,51627.1,109067,38606.1,5452.22,18196,19220,4480,2160,2140,11396.2
1284,33727,328,360,165,51529.8,109152,38633.3,5451.93,18196,19220,4480,2160,2140,11398.6
1285,33748,328,360,165,51903.3,109237,38662.9,5451.88,18196,19220,4480,2160,2140,11401
1286,33768,328,360,165,50255.5,109322,38695.5,5452.16,18196,19220,4480,2160,2140,11403.4
1287,33792,328,360,165,51693.7,109407,38724.4,5452.04,18196,19220,4480,2160,2140,11405.8
1288,33814,328,360,165,49743.6,109492,38754.8,5452.08,18196,19220,4480,2160,2140,11408.2
1289,33830,328,360,165,51781.8,109577,38786.9,5452.31,18196,19220,4480,2160,2140,11410.6
1290,33848,328,360,165,50420.9,109662,38815.5,5452.16,18196,19220,4480,2160,2140,11413
1291,33868,328,360,165,51437.8,109747,38846.9,5452.3,18196,19220,4480,2160,2140,11415.3
1292,33892,328,360,165,53457.7,109832,38873.9,5451.99,18196,19220,4480,2160,2140,11417.7
1293,33914,328,360,165,51631.4,109917,38906.6,5452.27,18196,19220,4480,2160,2140,11420.1
1294,33938,328,360,165,51122.9,110002,38935.1,5452.12,18196,19220,4480,2160,2140,11422.5
1295,33962,328,360,165,51393.7,110087,38966.9,5452.31,18196,19220,4480,2160,2140,11424.9
1296,33985,328,360,165,51522.7,110172,38994.3,5452.03,18196,19220,4480,2160,2140,11427.3
1297,34009,328,360,165,52037.5,110257,39025.9,5452.2,18196,19220,4480,2160,2140,11429.7
1298,34025,328,360,165,52845.1,110342,39056.7,5452.28,18196,19220,4480,2160,2140,11432
1299,34046,328,360,165,50551,110427,39085.8,5452.19,18196,19220,4480,2160,2140,11434.4
1300,34070,328,360,165,50537.3,110512,39114.9,5452.09,18196,19220,4480,2160,2140,11436.8
1301,34087,328,360,165,51110.2,110597,39144.4,5452.04,18196,19220,4480,2160,2140,11439.2
1302,34111,328,360,165,51395.2,110682,39178,5452.42,18196,19220,4480,2160,2140,11441.5
1303,34135,328,360,165,51466.7,110767,39208.1,5452.43,18196,19220,4480,2160,2140,11443.9
1304,34161,328,360,165,51506.3,110852,39237.9,5452.41,18196,19220,4480,2160,2140,11446.3
1305,34181,328,360,165,52735.4,110937,39265.7,5452.18,18196,19220,4480,2160,2140,11448.6
1306,34198,328,360,165,50867.4,111022,39294.4,5452.04,18196,19220,4480,2160,2140,11451
1307,34218,328,360,165,52068.1,111107,39327.4,5452.36,18196,19220,4480,2160,2140,11453.4
1308,34234,328,360,165,51258.5,111192,39358.4,5452.46,18196,19220,4480,2160,2140,11455.7
1309,34253,328,360,165,54946.6,111277,39385.9,5452.2,18196,19220,4480,2160,2140,11458.1
1310,34277,328,360,165,51616.6,111362,39414.6,5452.06,18196,19220,4480,2160,2140,11460.5
1311,34297,328,360,165,53046.9,111447,39445.2,5452.13,18196,19220,4480,2160,2140,11462.8
1312,34314,328,360,165,51975.3,111532,39477.2,5452.34,18196,19220,4480,2160,2140,11465.2
1313,34335,328,360,165,51734.7,111617,39504.9,5452.1,18196,19220,4480,2160,2140,11467.5
1314,34355,328,360,165,51612.9,111702,39537.1,5452.33,18196,19220,4480,2160,2140,11469.9
1315,34373,328,360,165,51426.2,111787,39565.7,5452.18,18196,19220,4480,2160,2140,11472.2
1316,34396,328,360,165,53068.6,111872,39596.1,5452.22,18196,19220,4480,2160,2140,11474.6
1317,34418,328,360,165,51591.6,111957,39622.6,5451.85,18196,19220,4480,2160,2140,11476.9
1318,34438,328,360,165,53831,112042,39653.9,5451.99,18196,19220,4480,2160,2140,11479.2
1319,34460,328,360,165,53651.7,112127,39684.4,5452.04,18196,19220,4480,2160,2140,11481.6
1320,34483,328,360,165,52387.2,112212,39713.1,5451.91,18196,19220,4480,2160,2140,11483.9
1321,34506,328,360,165,52006.8,112297,39747.3,5452.35,18196,19220,4480,2160,2140,11486.3
1322,34526,328,360,165,53386.1,112382,39777.5,5452.37,18196,19220,4480,2160,2140,11488.6
1323,34545,328,360,165,51214.3,112467,39803.1,5451.91,18196,19220,4480,2160,2140,11490.9
1324,34567,328,360,165,52107.6,112552,39834.8,5452.08,18196,19220,4480,2160,2140,11493.3
1325,34588,328,360,165,53045.4,112637,39865.9,5452.2,18196,19220,4480,2160,2140,11495.6
1326,34603,328,360,165,52549.9,112722,39898.6,5452.48,18196,19220,4480,2160,2140,11497.9
1327,34625,328,360,165,51487.6,112807,39926.3,5452.24,18196,19220,4480,2160,2140,11500.3
1328,34653,328,360,165,52507.2,112892,39955.9,5452.2,18196,19220,4480,2160,2140,11502.6
1329,34672,328,360,165,51370.1,112977,39987.8,5452.4,18196,19220,4480,2160,2140,11504.9
1330,34692,328,360,165,52384.9,113063,40019,5452.53,18196,19220,4480,2160,2140,11507.2
1331,34708,328,360,165,51456.9,113147,40048.4,5452.46,18196,19220,4480,2160,2140,11509.6
1332,34720,328,360,165,52172.4,113232,40078,5452.42,18196,19220,4480,2160,2140,11511.9
1333,34744,328,360,165,52756,113317,40106.3,5452.24,18196,19220,4480,2160,2140,11514.2
1334,34764,328,360,165,52662.7,113402,40135.4,5452.15,18196,19220,4480,2160,2140,11516.5
1335,34786,328,360,165,52082.9,113487,40168,5452.42,18196,19220,4480,2160,2140,11518.8
1336,34809,328,360,165,53511.5,113572,40195.9,5452.2,18196,19220,4480,2160,2140,11521.1
1337,34826,328,360,165,52903,113658,40228.8,5452.5,18196,19220,4480,2160,2140,11523.4
1338,34843,328,360,165,50698,113742,40257.1,5452.33,18196,19220,4480,2160,2140,11525.7
1339,34862,328,360,165,51721.3,113827,40285.7,5452.18,18196,19220,4480,2160,2140,11528.1
1340,34879,328,360,165,50678.1,113912,40317.2,5452.34,18196,19220,4480,2160,2140,11530.4
1341,34899,328,360,165,52276.6,113997,40346.7,5452.28,18196,19220,4480,2160,2140,11532.7
1342,34919,328,360,165,53252.8,114082,40377,5452.32,18196,19220,4480,2160,2140,11535
1343,34939,328,360,165,53302,114168,40409.7,5452.6,18196,19220,4480,2160,2140,11537.3
1344,34963,328,360,165,51189,114253,40439.4,5452.57,18196,19220,4480,2160,2140,11539.6
1345,34982,328,360,165,52666.7,114337,40465.9,5452.2,18196,19220,4480,2160,2140,11541.9
1346,35001,328,360,165,51957.4,114423,40500.4,5452.67,18196,19220,4480,2160,2140,11544.2
1347,35023,328,360,165,53321,114507,40526.9,5452.3,18196,19220,4480,2160,2140,11546.4
1348,35042,328,360,165,54946.6,114592,40558,5452.42,18196,19220,4480,2160,2140,11548.7
1349,35059,328,360,165,52065.6,114677,40587.7,5452.39,18196,19220,4480,2160,2140,11551
1350,35078,328,360,165,53915.5,114762,40614,5452,18196,19220,4480,2160,2140,11553.3
1351,35099,328,360,165,53722,114847,40643.7,5451.97,18196,19220,4480,2160,2140,11555.6
1352,35118,328,360,165,53736.5,114932,40677.1,5452.33,18196,19220,4480,2160,2140,11557.9
1353,35138,328,360,165,54053.1,115017,40704.9,5452.1,18196,19220,4480,2160,2140,11560.2
1354,35159,328,360,165,54699.7,115103,40738.8,5452.51,18196,19220,4480,2160,2140,11562.4
1355,35180,328,360,165,51967.3,115187,40765.4,5452.15,18196,19220,4480,2160,2140,11564.7
1356,35198,328,360,165,52789.3,115272,40797.1,5452.33,18196,19220,4480,2160,2140,11567
1357,35218,328,360,165,54550.5,115358,40828.8,5452.51,18196,19220,4480,2160,2140,11569.3
1358,35235,328,360,165,52783.6,115442,40857.3,5452.35,18196,19220,4480,2160,2140,11571.6
1359,35260,328,360,165,51263.5,115528,40889.3,5452.56,18196,19220,4480,2160,2140,11573.8
1360,35276,328,360,165,55083.1,115612,40918.8,5452.5,18196,19220,4480,2160,2140,11576.1
1361,35297,328,360,165,53562.9,115698,40948.8,5452.51,18196,19220,4480,2160,2140,11578.4
1362,35320,328,360,165,54875.6,115782,40976.8,5452.29,18196,19220,4480,2160,2140,11580.6
1363,35343,328,360,165,53434.7,115867,41007.9,5452.41,18196,19220,4480,2160,2140,11582.9
1364,35367,328,360,165,53229.8,115952,41037.7,5452.39,18196,19220,4480,2160,2140,11585.2
1365,35389,328,360,165,54391.4,116037,41068,5452.42,18196,19220,4480,2160,2140,11587.4
1366,35407,328,360,165,53627.1,116123,41099.9,5452.62,18196,19220,4480,2160,2140,11589.7
1367,35429,328,360,165,53557.9,116207,41128.2,5452.44,18196,19220,4480,2160,2140,11591.9
1368,35448,328,360,165,51879.2,116292,41158,5452.42,18196,19220,4480,2160,2140,11594.2
1369,35471,328,360,165,53510.3,116378,41188.8,5452.5,18196,19220,4480,2160,2140,11596.5
1370,35492,328,360,165,53575.8,116462,41216.9,5452.3,18196,19220,4480,2160,2140,11598.7
1371,35513,328,360,165,55037.1,116547,41247.1,5452.33,18196,19220,4480,2160,2140,11601
1372,35537,328,360,165,52410.7,116632,41276.7,5452.28,18196,19220,4480,2160,2140,11603.2
1373,35554,328,360,165,54435.7,116717,41305.4,5452.15,18196,19220,4480,2160,2140,11605.5
1374,35575,328,360,165,54896.8,116802,41336,5452.21,18196,19220,4480,2160,2140,11607.7
1375,35598,328,360,165,51985.2,116888,41369.4,5452.57,18196,19220,4480,2160,2140,11610
1376,35619,328,360,165,54550.3,116972,41397.7,5452.39,18196,19220,4480,2160,2140,11612.2
1377,35638,328,360,165,53918.8,117057,41426.8,5452.29,18196,19220,4480,2160,2140,11614.4
1378,35656,328,360,165,53374.3,117143,41459.1,5452.54,18196,19220,4480,2160,2140,11616.7
1379,35674,328,360,165,54486.8,117227,41487,5452.32,18196,19220,4480,2160,2140,11618.9
1380,35696,328,360,165,53281.1,117312,41515.9,5452.2,18196,19220,4480,2160,2140,11621.2
1381,35715,328,360,165,55121.6,117397,41547.4,5452.36,18196,19220,4480,2160,2140,11623.4
1382,35734,328,360,165,53740.9,117482,41577.2,5452.34,18196,19220,4480,2160,2140,11625.6
1383,35750,328,360,165,53720.1,117567,41605.6,5452.17,18196,19220,4480,2160,2140,11627.9
1384,35772,328,360,165,54272.8,117653,41638.8,5452.51,18196,19220,4480,2160,2140,11630.1
1385,35789,328,360,165,56040.3,117737,41667.7,5452.39,18196,19220,4480,2160,2140,11632.3
1386,35803,328,360,165,55558.6,117822,41697,5452.32,18196,19220,4480,2160,2140,11634.6
1387,35822,328,360,165,54594.7,117907,41727.5,5452.37,18196,19220,4480,2160,2140,11636.8
1388,35840,328,360,165,55857.8,117992,41755.4,5452.15,18196,19220,4480,2160,2140,11639
1389,35862,328,360,165,54518.7,118078,41790.5,5452.68,18196,19220,4480,2160,2140,11641.2
1390,35883,328,360,165,53779.5,118163,41819.4,5452.57,18196,19220,4480,2160,2140,11643.5
1391,35902,328,360,165,54015.7,118247,41847.8,5452.4,18196,19220,4480,2160,2140,11645.7
1392,35923,328,360,165,53764.4,118332,41876.3,5452.24,18196,19220,4480,2160,2140,11647.9
1393,35948,328,360,165,55379.5,118417,41908.4,5452.46,18196,19220,4480,2160,2140,11650.1
1394,35965,328,360,165,55796.7,118502,41938,5452.42,18196,19220,4480,2160,2140,11652.3
1395,35985,328,360,165,54130.6,118587,41968.4,5452.46,18196,19220,4480,2160,2140,11654.5
1396,36007,328,360,165,54598.6,118672,41997.4,5452.36,18196,19220,4480,2160,2140,11656.8
1397,36030,328,360,165,57655.8,118757,42026.5,5452.26,18196,19220,4480,2160,2140,11659
1398,36048,328,360,165,57010.7,118843,42059.4,5452.57,18196,19220,4480,2160,2140,11661.2
1399,36071,328,360,165,55656.9,118928,42088.9,5452.52,18196,19220,4480,2160,2140,11663.4
1400,36093,328,360,165,54606.5,119013,42121.5,5452.79,18196,19220,4480,2160,2140,11665.6
1401,36114,328,360,165,53126.5,119098,42149.8,5452.61,18196,19220,4480,2160,2140,11667.8
1402,36137,328,360,165,55614.2,119182,42177.3,5452.35,18196,19220,4480,2160,2140,11670
1403,36161,328,360,165,54222.5,119268,42210.5,5452.68,18196,19220,4480,2160,2140,11672.2
1404,36180,328,360,165,53997.4,119352,42237.9,5452.41,18196,19220,4480,2160,2140,11674.4
1405,36202,328,360,165,55914.2,119437,42264.7,5452.07,18196,19220,4480,2160,2140,11676.6
1406,36217,328,360,165,55447.4,119523,42298.9,5452.52,18196,19220,4480,2160,2140,11678.8
1407,36234,328,360,165,56184.9,119607,42325.3,5452.14,18196,19220,4480,2160,2140,11681
1408,36255,328,360,165,55735.2,119692,42357,5452.32,18196,19220,4480,2160,2140,11683.2
1409,36276,328,360,165,55868.8,119777,42385.5,5452.16,18196,19220,4480,2160,2140,11685.4
1410,36292,328,360,165,56498,119862,42417.7,5452.39,18196,19220,4480,2160,2140,11687.6
1411,36312,328,360,165,55842.2,119948,42448.8,5452.51,18196,19220,4480,2160,2140,11689.8
1412,36333,328,360,165,54356,120033,42479.9,5452.62,18196,19220,4480,2160,2140,11691.9
1413,36355,328,360,165,54681.7,120117,42508.3,5452.45,18196,19220,4480,2160,2140,11694.1
1414,36379,328,360,165,54760.2,120202,42538,5452.42,18196,19220,4480,2160,2140,11696.3
1415,36402,328,360,165,56373.1,120287,42566.9,5452.31,18196,19220,4480,2160,2140,11698.5
1416,36423,328,360,165,57206.2,120372,42596.4,5452.25,18196,19220,4480,2160,2140,11700.7
1417,36442,328,360,165,55706.2,120457,42628.5,5452.47,18196,19220,4480,2160,2140,11702.9
1418,36467,328,360,165,57022.8,120543,42659.6,5452.59,18196,19220,4480,2160,2140,11705
1419,36490,328,360,165,55166.6,120627,42686.3,5452.24,18196,19220,4480,2160,2140,11707.2
1420,36509,328,360,165,56394.4,120713,42718.8,5452.51,18196,19220,4480,2160,2140,11709.4
1421,36530,328,360,165,55167.8,120797,42748.6,5452.48,18196,19220,4480,2160,2140,11711.6
1422,36546,328,360,165,53657.1,120882,42778.3,5452.45,18196,19220,4480,2160,2140,11713.7
1423,36567,328,360,165,58217.2,120968,42809.4,5452.57,18196,19220,4480,2160,2140,11715.9
1424,36587,328,360,165,55687.6,121052,42837.9,5452.41,18196,19220,4480,2160,2140,11718.1
1425,36609,328,360,165,55866.3,121138,42870.6,5452.69,18196,19220,4480,2160,2140,11720.2
1426,36629,328,360,165,57136.1,121223,42901.8,5452.82,18196,19220,4480,2160,2140,11722.4
1427,36652,328,360,165,58194.8,121307,42925.6,5452.17,18196,19220,4480,2160,2140,11724.6
1428,36670,328,360,165,58173.2,121393,42959.8,5452.61,18196,19220,4480,2160,2140,11726.7
1429,36689,328,360,165,56396.9,121478,42989.9,5452.62,18196,19220,4480,2160,2140,11728.9
1430,36714,328,360,165,54496.6,121562,43018,5452.42,18196,19220,4480,2160,2140,11731.1
1431,36735,328,360,165,56871.6,121647,43047.8,5452.4,18196,19220,4480,2160,2140,11733.2
1432,36754,328,360,165,58844.5,121732,43076.3,5452.24,18196,19220,4480,2160,2140,11735.4
1433,36768,328,360,165,56757.1,121818,43111.3,5452.77,18196,19220,4480,2160,2140,11737.5
1434,36792,328,360,165,56042.6,121903,43140.6,5452.7,18196,19220,4480,2160,2140,11739.7
1435,36811,328,360,165,58404.4,121988,43169.2,5452.55,18196,19220,4480,2160,2140,11741.8
1436,36830,328,360,165,57704,122073,43200.9,5452.73,18196,19220,4480,2160,2140,11744
1437,36846,328,360,165,55733.7,122157,43227.4,5452.36,18196,19220,4480,2160,2140,11746.1
1438,36870,328,360,165,55820.1,122242,43256.6,5452.27,18196,19220,4480,2160,2140,11748.3
1439,36892,328,360,165,59383.6,122327,43287.2,5452.34,18196,19220,4480,2160,2140,11750.4
1440,36911,328,360,165,56759,122412,43317.2,5452.34,18196,19220,4480,2160,2140,11752.6
1441,36935,328,360,165,60073.1,122497,43345.4,5452.15,18196,19220,4480,2160,2140,11754.7
1442,36952,328,360,165,55295.2,122582,43378.4,5452.46,18196,19220,4480,2160,2140,11756.9
1443,36972,328,360,165,56395.1,122667,43408.6,5452.48,18196,19220,4480,2160,2140,11759
1444,36994,328,360,165,55957.6,122753,43440.2,5452.65,18196,19220,4480,2160,2140,11761.1
1445,37013,328,360,165,57075.7,122838,43470.9,5452.73,18196,19220,4480,2160,2140,11763.3
1446,37035,328,360,165,57379.2,122923,43499.1,5452.54,18196,19220,4480,2160,2140,11765.4
1447,37054,328,360,165,57419.8,123007,43528.6,5452.48,18196,19220,4480,2160,2140,11767.5
1448,37073,328,360,165,56111.8,123093,43559.9,5452.62,18196,19220,4480,2160,2140,11769.7
1449,37092,328,360,165,56918.1,123177,43587.7,5452.39,18196,19220,4480,2160,2140,11771.8
1450,37112,328,360,165,56055,123262,43618.2,5452.44,18196,19220,4480,2160,2140,11773.9
1451,37133,328,360,165,55578.4,123347,43648.5,5452.47,18196,19220,4480,2160,2140,11776.1
1452,37154,328,360,165,56297,123433,43679.1,5452.54,18196,19220,4480,2160,2140,11778.2
1453,37176,328,360,165,58108.4,123517,43707.9,5452.41,18196,19220,4480,2160,2140,11780.3
1454,37194,328,360,165,55975.6,123603,43739.2,5452.55,18196,19220,4480,2160,2140,11782.4
1455,37213,328,360,165,57554.3,123687,43767,5452.32,18196,19220,4480,2160,2140,11784.6
1456,37235,328,360,165,55255.3,123773,43802.4,5452.88,18196,19220,4480,2160,2140,11786.7
1457,37254,328,360,165,56814.9,123858,43829.6,5452.59,18196,19220,4480,2160,2140,11788.8
1458,37273,328,360,165,57785.6,123942,43858.7,5452.49,18196,19220,4480,2160,2140,11790.9
1459,37297,328,360,165,57054.7,124027,43885.8,5452.19,18196,19220,4480,2160,2140,11793
1460,37317,328,360,165,56935.9,124112,43918.8,5452.5,18196,19220,4480,2160,2140,11795.2
1461,37338,328,360,165,56761.6,124198,43951.4,5452.78,18196,19220,4480,2160,2140,11797.3
1462,37354,328,360,165,58804.4,124282,43978.3,5452.45,18196,19220,4480,2160,2140,11799.4
1463,37367,328,360,165,54849.1,124368,44009.9,5452.62,18196,19220,4480,2160,2140,11801.5
1464,37385,328,360,165,58069.3,124453,44041.4,5452.78,18196,19220,4480,2160,2140,11803.6
1465,37406,328,360,165,57598.7,124537,44067.2,5452.34,18196,19220,4480,2160,2140,11805.7
1466,37424,328,360,165,58194.7,124623,44100.1,5452.64,18196,19220,4480,2160,2140,11807.8
1467,37436,328,360,165,58800.7,124707,44128.4,5452.46,18196,19220,4480,2160,2140,11809.9
1468,37457,328,360,165,57560,124792,44156.4,5452.25,18196,19220,4480,2160,2140,11812
1469,37474,328,360,165,56015.3,124878,44191.3,5452.77,18196,19220,4480,2160,2140,11814.1
1470,37494,328,360,165,56744.2,124963,44222,5452.84,18196,19220,4480,2160,2140,11816.2
1471,37508,328,360,165,56787.3,125047,44247.7,5452.39,18196,19220,4480,2160,2140,11818.3
1472,37525,328,360,165,57939.8,125132,44278.8,5452.5,18196,19220,4480,2160,2140,11820.4
1473,37542,328,360,165,55640.9,125218,44309.2,5452.55,18196,19220,4480,2160,2140,11822.5
1474,37566,328,360,165,57956.3,125302,44338,5452.42,18196,19220,4480,2160,2140,11824.6
1475,37581,328,360,165,57620.5,125388,44370.3,5452.66,18196,19220,4480,2160,2140,11826.7
1476,37602,328,360,165,56231.3,125473,44399.5,5452.58,18196,19220,4480,2160,2140,11828.8
1477,37623,328,360,165,57180.5,125558,44429.6,5452.59,18196,19220,4480,2160,2140,11830.9
1478,37647,328,360,165,57918.6,125642,44457.4,5452.36,18196,19220,4480,2160,2140,11833
1479,37671,328,360,165,57497,125728,44488.9,5452.52,18196,19220,4480,2160,2140,11835.1
1480,37692,328,360,165,57633.7,125813,44518.8,5452.51,18196,19220,4480,2160,2140,11837.2
1481,37710,328,360,165,57842.6,125898,44549.1,5452.54,18196,19220,4480,2160,2140,11839.2
1482,37730,328,360,165,59224.4,125982,44576.9,5452.3,18196,19220,4480,2160,2140,11841.3
1483,37751,328,360,165,57011.6,126068,44609.4,5452.57,18196,19220,4480,2160,2140,11843.4
1484,37773,328,360,165,57851.1,126153,44641.1,5452.75,18196,19220,4480,2160,2140,11845.5
1485,37790,328,360,165,57916.9,126237,44668.4,5452.46,18196,19220,4480,2160,2140,11847.6
1486,37803,328,360,165,59375,126322,44697.1,5452.33,18196,19220,4480,2160,2140,11849.6
1487,37820,328,360,165,57471.9,126407,44727.5,5452.37,18196,19220,4480,2160,2140,11851.7
1488,37838,328,360,165,57976,126492,44757,5452.32,18196,19220,4480,2160,2140,11853.8
1489,37858,328,360,165,57547.5,126578,44791.3,5452.77,18196,19220,4480,2160,2140,11855.9
1490,37881,328,360,165,57153.3,126663,44819.7,5452.6,18196,19220,4480,2160,2140,11857.9
1491,37897,328,360,165,59338.8,126747,44846.6,5452.27,18196,19220,4480,2160,2140,11860
1492,37916,328,360,165,57901.2,126833,44878.9,5452.52,18196,19220,4480,2160,2140,11862.1
1493,37936,328,360,165,58439.4,126917,44908.2,5452.44,18196,19220,4480,2160,2140,11864.2
1494,37952,328,360,165,58511.5,127003,44940.1,5452.64,18196,19220,4480,2160,2140,11866.2
1495,37970,328,360,165,57260.8,127088,44970.5,5452.68,18196,19220,4480,2160,2140,11868.3
1496,37990,328,360,165,56526.3,127173,45003.4,5452.99,18196,19220,4480,2160,2140,11870.4
1497,38006,328,360,165,58458.4,127258,45029.2,5452.55,18196,19220,4480,2160,2140,11872.4
1498,38025,328,360,165,57928.4,127343,45063.5,5453,18196,19220,4480,2160,2140,11874.5
1499,38049,328,360,165,61356.9,127428,45090.9,5452.73,18196,19220,4480,2160,2140,11876.5
1500,38073,328,360,165,58593,127513,45119.2,5452.55,18196,19220,4480,2160,2140,11878.6
1501,38089,328,360,165,58052.2,127598,45150.6,5452.7,18196,19220,4480,2160,2140,11880.7
1502,38112,328,360,165,59626.6,127683,45181.1,5452.75,18196,19220,4480,2160,2140,11882.7
1503,38129,328,360,165,58722.6,127768,45210.9,5452.73,18196,19220,4480,2160,2140,11884.8
1504,38152,328,360,165,59314.8,127853,45240.9,5452.73,18196,19220,4480,2160,2140,11886.8
1505,38172,328,360,165,58697.3,127938,45269.9,5452.62,18196,19220,4480,2160,2140,11888.9
1506,38191,328,360,165,59618.3,128023,45300.2,5452.65,18196,19220,4480,2160,2140,11890.9
1507,38214,328,360,165,58299.6,128108,45330.8,5452.72,18196,19220,4480,2160,2140,11893
1508,38236,328,360,165,59772.4,128193,45360.6,5452.7,18196,19220,4480,2160,2140,11895
1509,38255,328,360,165,58612.9,128278,45392.3,5452.87,18196,19220,4480,2160,2140,11897.1
1510,38273,328,360,165,56503.5,128363,45424.3,5453.08,18196,19220,4480,2160,2140,11899.1
1511,38294,328,360,165,59844.4,128448,45451.8,5452.82,18196,19220,4480,2160,2140,11901.2
1512,38318,328,360,165,59398.5,128533,45479.9,5452.62,18196,19220,4480,2160,2140,11903.2
1513,38340,328,360,165,58546.6,128618,45510.5,5452.68,18196,19220,4480,2160,2140,11905.2
1514,38357,328,360,165,58331.4,128703,45540.3,5452.66,18196,19220,4480,2160,2140,11907.3
1515,38384,328,360,165,57786.1,128788,45570.9,5452.73,18196,19220,4480,2160,2140,11909.3
1516,38406,328,360,165,59444.8,128873,45599.8,5452.61,18196,19220,4480,2160,2140,11911.4
1517,38429,328,360,165,60085.1,128958,45629.5,5452.58,18196,19220,4480,2160,2140,11913.4
1518,38445,328,360,165,59336.5,129042,45658.1,5452.43,18196,19220,4480,2160,2140,11915.4
1519,38464,328,360,165,58479.1,129128,45692.9,5452.94,18196,19220,4480,2160,2140,11917.5
1520,38480,328,360,165,59689.5,129213,45720.4,5452.67,18196,19220,4480,2160,2140,11919.5
1521,38505,328,360,165,61041.1,129297,45748.2,5452.44,18196,19220,4480,2160,2140,11921.5
1522,38525,328,360,165,61589,129382,45777.5,5452.37,18196,19220,4480,2160,2140,11923.6
1523,38544,328,360,165,58712.1,129468,45811.1,5452.75,18196,19220,4480,2160,2140,11925.6
1524,38565,328,360,165,58037.7,129553,45841.9,5452.83,18196,19220,4480,2160,2140,11927.6
1525,38583,328,360,165,59845.4,129637,45867.6,5452.38,18196,19220,4480,2160,2140,11929.6
1526,38604,328,360,165,59070.4,129723,45900.6,5452.7,18196,19220,4480,2160,2140,11931.7
1527,38622,328,360,165,58250.4,129808,45930.5,5452.68,18196,19220,4480,2160,2140,11933.7
1528,38642,328,360,165,59539,129893,45961.5,5452.79,18196,19220,4480,2160,2140,11935.7
1529,38658,328,360,165,60343.5,129978,45990.1,5452.64,18196,19220,4480,2160,2140,11937.7
1530,38683,328,360,165,57473.7,130063,46021.5,5452.79,18196,19220,4480,2160,2140,11939.7
1531,38702,328,360,165,60690.4,130148,46049,5452.53,18196,19220,4480,2160,2140,11941.8
1532,38724,328,360,165,58756,130233,46078.9,5452.52,18196,19220,4480,2160,2140,11943.8
1533,38741,328,360,165,59883.8,130317,46107.9,5452.41,18196,19220,4480,2160,2140,11945.8
1534,38762,328,360,165,59076.4,130403,46141.3,5452.77,18196,19220,4480,2160,2140,11947.8
1535,38780,328,360,165,58724.5,130488,46172.2,5452.86,18196,19220,4480,2160,2140,11949.8
1536,38798,328,360,165,61077.1,130573,46200.1,5452.64,18196,19220,4480,2160,2140,11951.8
1537,38818,328,360,165,60495.3,130658,46231.3,5452.77,18196,19220,4480,2160,2140,11953.8
1538,38835,328,360,165,60568.2,130742,46258.7,5452.49,18196,19220,4480,2160,2140,11955.8
1539,38856,328,360,165,61652.8,130828,46290,5452.63,18196,19220,4480,2160,2140,11957.8
1540,38878,328,360,165,60090.5,130913,46321.5,5452.79,18196,19220,4480,2160,2140,11959.8
1541,38896,328,360,165,60737.2,130998,46351.9,5452.83,18196,19220,4480,2160,2140,11961.9
1542,38917,328,360,165,60358.2,131083,46381.3,5452.77,18196,19220,4480,2160,2140,11963.9
1543,38936,328,360,165,60017,131168,46410.7,5452.71,18196,19220,4480,2160,2140,11965.9
1544,38959,328,360,165,60180.7,131252,46438,5452.42,18196,19220,4480,2160,2140,11967.9
1545,38976,328,360,165,60655.9,131337,46467.4,5452.36,18196,19220,4480,2160,2140,11969.9
1546,38999,328,360,165,59525.7,131423,46500.8,5452.72,18196,19220,4480,2160,2140,11971.9
1547,39018,328,360,165,58670.5,131508,46529.6,5452.59,18196,19220,4480,2160,2140,11973.9
1548,39038,328,360,165,59691,131593,46563,5452.95,18196,19220,4480,2160,2140,11975.8
1549,39057,328,360,165,60151.8,131678,46592.6,5452.91,18196,19220,4480,2160,2140,11977.8
1550,39082,328,360,165,61678,131763,46619.7,5452.6,18196,19220,4480,2160,2140,11979.8
1551,39103,328,360,165,60969.1,131848,46651.2,5452.76,18196,19220,4480,2160,2140,11981.8
1552,39125,328,360,165,61060,131933,46683.7,5453.02,18196,19220,4480,2160,2140,11983.8
1553,39143,328,360,165,58858.6,132018,46713.7,5453.02,18196,19220,4480,2160,2140,11985.8
1554,39163,328,360,165,60718.4,132103,46739.5,5452.58,18196,19220,4480,2160,2140,11987.8
1555,39184,328,360,165,59713.6,132188,46771.1,5452.75,18196,19220,4480,2160,2140,11989.8
1556,39200,328,360,165,59219.2,132273,46801.5,5452.79,18196,19220,4480,2160,2140,11991.8
1557,39220,328,360,165,60815,132357,46828.7,5452.49,18196,19220,4480,2160,2140,11993.7
1558,39240,328,360,165,62769.6,132442,46857.1,5452.33,18196,19220,4480,2160,2140,11995.7
1559,39261,328,360,165,61977.3,132528,46888.8,5452.51,18196,19220,4480,2160,2140,11997.7
1560,39282,328,360,165,59981.6,132613,46919.3,5452.56,18196,19220,4480,2160,2140,11999.7
1561,39302,328,360,165,59163.3,132698,46951.2,5452.76,18196,19220,4480,2160,2140,12001.7
1562,39319,328,360,165,59551.2,132783,46980.8,5452.72,18196,19220,4480,2160,2140,12003.6
1563,39336,328,360,165,62429.3,132868,47009.9,5452.62,18196,19220,4480,2160,2140,12005.6
1564,39355,328,360,165,60228.2,132953,47043.5,5453,18196,19220,4480,2160,2140,12007.6
1565,39376,328,360,165,60050.3,133038,47070.9,5452.73,18196,19220,4480,2160,2140,12009.6
1566,39395,328,360,165,61120.3,133123,47101.8,5452.82,18196,19220,4480,2160,2140,12011.5
1567,39411,328,360,165,58611.2,133208,47130.6,5452.69,18196,19220,4480,2160,2140,12013.5
1568,39432,328,360,165,59830.4,133293,47161,5452.74,18196,19220,4480,2160,2140,12015.5
1569,39453,328,360,165,60229.6,133378,47190.2,5452.65,18196,19220,4480,2160,2140,12017.4
1570,39471,328,360,165,59736.1,133463,47220.3,5452.66,18196,19220,4480,2160,2140,12019.4
1571,39488,328,360,165,63258,133548,47250.2,5452.65,18196,19220,4480,2160,2140,12021.4
1572,39507,328,360,165,61165.9,133633,47279.1,5452.54,18196,19220,4480,2160,2140,12023.3
1573,39531,328,360,165,58308.6,133718,47312.2,5452.86,18196,19220,4480,2160,2140,12025.3
1574,39547,328,360,165,60365.8,133803,47339.4,5452.57,18196,19220,4480,2160,2140,12027.3
1575,39572,328,360,165,60129.3,133888,47370.7,5452.71,18196,19220,4480,2160,2140,12029.2
1576,39596,328,360,165,61982,133973,47399.6,5452.59,18196,19220,4480,2160,2140,12031.2
1577,39619,328,360,165,61051.2,134058,47428.8,5452.5,18196,19220,4480,2160,2140,12033.1
1578,39639,328,360,165,59144.5,134143,47462,5452.84,18196,19220,4480,2160,2140,12035.1
1579,39662,328,360,165,62131.8,134228,47493.3,5452.98,18196,19220,4480,2160,2140,12037.1
1580,39680,328,360,165,61132.6,134313,47522,5452.84,18196,19220,4480,2160,2140,12039
1581,39699,328,360,165,62167.9,134397,47546.5,5452.26,18196,19220,4480,2160,2140,12041
1582,39722,328,360,165,61230.3,134483,47582.3,5452.87,18196,19220,4480,2160,2140,12042.9
1583,39744,328,360,165,60734.1,134568,47611.1,5452.75,18196,19220,4480,2160,2140,12044.9
1584,39761,328,360,165,61187.4,134653,47638.8,5452.51,18196,19220,4480,2160,2140,12046.8
1585,39784,328,360,165,62184.6,134738,47670.6,5452.69,18196,19220,4480,2160,2140,12048.8
1586,39806,328,360,165,62222,134823,47700.6,5452.69,18196,19220,4480,2160,2140,12050.7
1587,39824,328,360,165,62631,134908,47732.7,5452.92,18196,19220,4480,2160,2140,12052.7
1588,39845,328,360,165,62307,134993,47761.9,5452.83,18196,19220,4480,2160,2140,12054.6
1589,39865,328,360,165,61963.2,135078,47794.1,5453.06,18196,19220,4480,2160,2140,12056.6
1590,39882,328,360,165,63609.3,135163,47820.2,5452.65,18196,19220,4480,2160,2140,12058.5
1591,39897,328,360,165,60963.4,135248,47849.2,5452.55,18196,19220,4480,2160,2140,12060.4
1592,39918,328,360,165,60621.7,135333,47880.8,5452.72,18196,19220,4480,2160,2140,12062.4
1593,39938,328,360,165,60735.3,135418,47912.2,5452.86,18196,19220,4480,2160,2140,12064.3
1594,39954,328,360,165,60787.4,135503,47940.6,5452.69,18196,19220,4480,2160,2140,12066.3
1595,39973,328,360,165,62701.5,135588,47972.7,5452.92,18196,19220,4480,2160,2140,12068.2
1596,39992,328,360,165,61896.4,135673,48000.9,5452.73,18196,19220,4480,2160,2140,12070.1
1597,40009,328,360,165,62889,135758,48031.4,5452.78,18196,19220,4480,2160,2140,12072.1
1598,40030,328,360,165,61838.7,135843,48061.3,5452.77,18196,19220,4480,2160,2140,12074
1599,40049,328,360,165,60417.1,135928,48090.9,5452.73,18196,19220,4480,2160,2140,12075.9
1600,40072,328,360,165,62688.3,136013,48124.3,5453.08,18196,19220,4480,2160,2140,12077.9
1601,40090,328,360,165,62097.5,136098,48152.6,5452.91,18196,19220,4480,2160,2140,12079.8
1602,40112,328,360,165,62175.2,136183,48181.8,5452.82,18196,19220,4480,2160,2140,12081.7
1603,40131,328,360,165,64265.6,136267,48208.5,5452.47,18196,19220,4480,2160,2140,12083.6
1604,40149,328,360,165,63869.9,136353,48239.9,5452.62,18196,19220,4480,2160,2140,12085.6
1605,40164,328,360,165,61416,136438,48273.3,5452.98,18196,19220,4480,2160,2140,12087.5
1606,40189,328,360,165,63079.8,136523,48303.5,5453,18196,19220,4480,2160,2140,12089.4
1607,40211,328,360,165,63149,136608,48331,5452.74,18196,19220,4480,2160,2140,12091.3
1608,40226,328,360,165,63232.2,136693,48360.6,5452.7,18196,19220,4480,2160,2140,12093.3
1609,40244,328,360,165,63186,136778,48391.8,5452.82,18196,19220,4480,2160,2140,12095.2
1610,40262,328,360,165,61872.1,136863,48422.6,5452.91,18196,19220,4480,2160,2140,12097.1
1611,40284,328,360,165,64496.8,136947,48447.4,5452.36,18196,19220,4480,2160,2140,12099
1612,40303,328,360,165,63001.7,137033,48479,5452.53,18196,19220,4480,2160,2140,12100.9
1613,40327,328,360,165,62492.3,137118,48511.1,5452.75,18196,19220,4480,2160,2140,12102.8
1614,40342,328,360,165,64720.2,137203,48540.7,5452.71,18196,19220,4480,2160,2140,12104.7
1615,40361,328,360,165,62724.1,137288,48573.1,5452.96,18196,19220,4480,2160,2140,12106.7
1616,40382,328,360,165,63334,137373,48602.1,5452.85,18196,19220,4480,2160,2140,12108.6
1617,40401,328,360,165,63532.5,137458,48630,5452.63,18196,19220,4480,2160,2140,12110.5
1618,40424,328,360,165,61597.3,137543,48659.7,5452.6,18196,19220,4480,2160,2140,12112.4
1619,40443,328,360,165,62795.9,137628,48691.5,5452.79,18196,19220,4480,2160,2140,12114.3
1620,40456,328,360,165,63321.7,137713,48721,5452.74,18196,19220,4480,2160,2140,12116.2
1621,40471,328,360,165,61969.2,137798,48752.9,5452.94,18196,19220,4480,2160,2140,12118.1
1622,40492,328,360,165,63182,137883,48783,5452.95,18196,19220,4480,2160,2140,12120
1623,40514,328,360,165,64080.8,137968,48811.1,5452.75,18196,19220,4480,2160,2140,12121.9
1624,40538,328,360,165,62160.2,138053,48843.4,5452.99,18196,19220,4480,2160,2140,12123.8
1625,40557,328,360,165,63047.1,138138,48874.1,5453.06,18196,19220,4480,2160,2140,12125.7
1626,40574,328,360,165,63689.5,138223,48903.6,5453.01,18196,19220,4480,2160,2140,12127.6
1627,40592,328,360,165,63722.5,138308,48932.8,5452.93,18196,19220,4480,2160,2140,12129.5
1628,40611,328,360,165,63598.7,138393,48962.9,5452.94,18196,19220,4480,2160,2140,12131.4
1629,40629,328,360,165,62712.2,138478,48990.5,5452.68,18196,19220,4480,2160,2140,12133.3
1630,40653,328,360,165,63295.2,138563,49020.9,5452.73,18196,19220,4480,2160,2140,12135.2
1631,40674,328,360,165,60931.5,138647,49048,5452.42,18196,19220,4480,2160,2140,12137.1
1632,40695,328,360,165,65652.9,138733,49081.8,5452.82,18196,19220,4480,2160,2140,12139
1633,40713,328,360,165,63893.8,138818,49112.4,5452.88,18196,19220,4480,2160,2140,12140.9
1634,40731,328,360,165,62400.4,138903,49142.4,5452.88,18196,19220,4480,2160,2140,12142.8
1635,40751,328,360,165,64719.2,138988,49172,5452.84,18196,19220,4480,2160,2140,12144.7
1636,40768,328,360,165,62620.1,139073,49203.3,5452.98,18196,19220,4480,2160,2140,12146.5
1637,40788,328,360,165,66621,139158,49232.2,5452.86,18196,19220,4480,2160,2140,12148.4
1638,40804,328,360,165,63963.9,139243,49261.2,5452.76,18196,19220,4480,2160,2140,12150.3
1639,40823,328,360,165,64704,139328,49292.9,5452.94,18196,19220,4480,2160,2140,12152.2
1640,40840,328,360,165,63284.7,139413,49321,5452.74,18196,19220,4480,2160,2140,12154.1
1641,40864,328,360,165,64280.4,139498,49352,5452.84,18196,19220,4480,2160,2140,12156
1642,40883,328,360,165,63172.6,139583,49383.4,5452.99,18196,19220,4480,2160,2140,12157.9
1643,40907,328,360,165,62308.7,139668,49413.8,5453.03,18196,19220,4480,2160,2140,12159.7
1644,40921,328,360,165,62153,139753,49444.5,5453.11,18196,19220,4480,2160,2140,12161.6
1645,40944,328,360,165,64768.5,139838,49472.5,5452.89,18196,19220,4480,2160,2140,12163.5
1646,40962,328,360,165,63384.2,139923,49504.7,5453.13,18196,19220,4480,2160,2140,12165.4
1647,40978,328,360,165,64208.4,140008,49533.5,5453,18196,19220,4480,2160,2140,12167.2
1648,40995,328,360,165,64311.8,140093,49560.3,5452.66,18196,19220,4480,2160,2140,12169.1
1649,41011,328,360,165,66428.9,140178,49591.6,5452.8,18196,19220,4480,2160,2140,12171
1650,41032,328,360,165,63448.6,140263,49619.4,5452.57,18196,19220,4480,2160,2140,12172.9
1651,41050,328,360,165,65071.5,140348,49651.9,5452.83,18196,19220,4480,2160,2140,12174.7
1652,41072,328,360,165,66241.5,140433,49680.6,5452.69,18196,19220,4480,2160,2140,12176.6
1653,41088,328,360,165,65289,140518,49709.9,5452.62,18196,19220,4480,2160,2140,12178.5
1654,41106,328,360,165,65539.9,140603,49740.9,5452.73,18196,19220,4480,2160,2140,12180.3
1655,41124,328,360,165,64743.1,140688,49774.1,5453.06,18196,19220,4480,2160,2140,12182.2
1656,41139,328,360,165,66473.8,140773,49801.9,5452.83,18196,19220,4480,2160,2140,12184.1
1657,41150,328,360,165,64455.8,140858,49831,5452.74,18196,19220,4480,2160,2140,12185.9
1658,41171,328,360,165,63503.2,140943,49863.7,5453.02,18196,19220,4480,2160,2140,12187.8
1659,41191,328,360,165,64965.8,141028,49892.9,5452.94,18196,19220,4480,2160,2140,12189.7
1660,41205,328,360,165,62728.5,141113,49923.1,5452.96,18196,19220,4480,2160,2140,12191.5
1661,41227,328,360,165,65667.4,141198,49951.8,5452.82,18196,19220,4480,2160,2140,12193.4
1662,41251,328,360,165,63807.2,141283,49984.3,5453.08,18196,19220,4480,2160,2140,12195.2
1663,41264,328,360,165,63616.3,141368,50012.9,5452.94,18196,19220,4480,2160,2140,12197.1
1664,41286,328,360,165,66703.8,141453,50042,5452.84,18196,19220,4480,2160,2140,12198.9
1665,41304,328,360,165,63362.3,141538,50074.9,5453.15,18196,19220,4480,2160,2140,12200.8
1666,41320,328,360,165,63559,141623,50103.3,5452.98,18196,19220,4480,2160,2140,12202.6
1667,41337,328,360,165,63569,141708,50131,5452.74,18196,19220,4480,2160,2140,12204.5
1668,41359,328,360,165,65483.1,141793,50161,5452.74,18196,19220,4480,2160,2140,12206.4
1669,41381,328,360,165,66698.2,141878,50191,5452.74,18196,19220,4480,2160,2140,12208.2
1670,41402,328,360,165,64816.5,141963,50222.5,5452.89,18196,19220,4480,2160,2140,12210.1
1671,41420,328,360,165,65236.6,142048,50251.3,5452.77,18196,19220,4480,2160,2140,12211.9
1672,41439,328,360,165,66058.4,142133,50283.6,5453.01,18196,19220,4480,2160,2140,12213.7
1673,41455,328,360,165,62843,142218,50311.4,5452.78,18196,19220,4480,2160,2140,12215.6
1674,41478,328,360,165,64107.9,142303,50342.7,5452.92,18196,19220,4480,2160,2140,12217.4
1675,41498,328,360,165,64162.9,142388,50376.1,5453.27,18196,19220,4480,2160,2140,12219.3
1676,41518,328,360,165,64963.6,142473,50403.7,5453.02,18196,19220,4480,2160,2140,12221.1
1677,41535,328,360,165,64960.6,142558,50434.7,5453.13,18196,19220,4480,2160,2140,12223
1678,41557,328,360,165,66004.9,142643,50465.9,5453.25,18196,19220,4480,2160,2140,12224.8
1679,41574,328,360,165,67809.7,142728,50492.7,5452.92,18196,19220,4480,2160,2140,12226.6
1680,41591,328,360,165,63466.7,142813,50524.4,5453.1,18196,19220,4480,2160,2140,12228.5
1681,41612,328,360,165,64694.3,142898,50553.6,5453.01,18196,19220,4480,2160,2140,12230.3
1682,41629,328,360,165,63717.9,142983,50582.9,5452.94,18196,19220,4480,2160,2140,12232.2
1683,41652,328,360,165,65084.8,143068,50613.5,5453,18196,19220,4480,2160,2140,12234
1684,41680,328,360,165,64621,143153,50645.5,5453.21,18196,19220,4480,2160,2140,12235.8
1685,41694,328,360,165,65639.5,143238,50672.5,5452.89,18196,19220,4480,2160,2140,12237.7
1686,41712,328,360,165,64293.2,143323,50700.2,5452.65,18196,19220,4480,2160,2140,12239.5
1687,41726,328,360,165,66014.7,143408,50732.7,5452.92,18196,19220,4480,2160,2140,12241.3
1688,41747,328,360,165,67356.5,143493,50762,5452.84,18196,19220,4480,2160,2140,12243.2
1689,41765,328,360,165,65657.1,143578,50789.8,5452.61,18196,19220,4480,2160,2140,12245
1690,41784,328,360,165,65163.6,143663,50824.7,5453.13,18196,19220,4480,2160,2140,12246.8
1691,41807,328,360,165,64256.3,143748,50852.6,5452.91,18196,19220,4480,2160,2140,12248.6
1692,41831,328,360,165,63891.7,143833,50883.2,5452.97,18196,19220,4480,2160,2140,12250.5
1693,41852,328,360,165,65861.5,143918,50911.1,5452.75,18196,19220,4480,2160,2140,12252.3
1694,41872,328,360,165,67884.4,144003,50940.4,5452.67,18196,19220,4480,2160,2140,12254.1
1695,41883,328,360,165,66658.7,144088,50974.7,5453.13,18196,19220,4480,2160,2140,12255.9
1696,41907,328,360,165,66995.4,144173,51003,5452.95,18196,19220,4480,2160,2140,12257.7
1697,41928,328,360,165,65839.9,144258,51033.3,5452.98,18196,19220,4480,2160,2140,12259.6
1698,41947,328,360,165,68450.5,144342,51057.5,5452.37,18196,19220,4480,2160,2140,12261.4
1699,41969,328,360,165,66774.5,144428,51093.8,5453.03,18196,19220,4480,2160,2140,12263.2
1700,41988,328,360,165,64930.1,144513,51124,5453.05,18196,19220,4480,2160,2140,12265
1701,42003,328,360,165,66048.7,144598,51152.6,5452.9,18196,19220,4480,2160,2140,12266.8
1702,42023,328,360,165,67961.3,144683,51180.8,5452.72,18196,19220,4480,2160,2140,12268.7
1703,42040,328,360,165,66747.9,144768,51214.5,5453.11,18196,19220,4480,2160,2140,12270.5
1704,42062,328,360,165,66151.2,144853,51242.6,5452.9,18196,19220,4480,2160,2140,12272.3
1705,42079,328,360,165,66014.2,144938,51272.6,5452.91,18196,19220,4480,2160,2140,12274.1
1706,42098,328,360,165,65031.2,145023,51302.6,5452.91,18196,19220,4480,2160,2140,12275.9
1707,42116,328,360,165,67353.4,145108,51333.7,5453.02,18196,19220,4480,2160,2140,12277.7
1708,42131,328,360,165,66670.3,145193,51363.8,5453.03,18196,19220,4480,2160,2140,12279.5
1709,42148,328,360,165,65959.4,145278,51392.5,5452.89,18196,19220,4480,2160,2140,12281.3
1710,42171,328,360,165,65415.1,145363,51423.9,5453.04,18196,19220,4480,2160,2140,12283.1
1711,42188,328,360,165,67646.5,145448,51452.1,5452.85,18196,19220,4480,2160,2140,12284.9
1712,42212,328,360,165,66598.9,145533,51484,5453.05,18196,19220,4480,2160,2140,12286.7
1713,42230,328,360,165,66035,145618,51516.6,5453.33,18196,19220,4480,2160,2140,12288.5
1714,42250,328,360,165,67117.9,145703,51542.6,5452.91,18196,19220,4480,2160,2140,12290.3
1715,42265,328,360,165,67301.8,145788,51574.2,5453.07,18196,19220,4480,2160,2140,12292.1
1716,42282,328,360,165,66226.8,145873,51604.6,5453.12,18196,19220,4480,2160,2140,12293.9
1717,42300,328,360,165,64987,145958,51633.8,5453.03,18196,19220,4480,2160,2140,12295.7
1718,42318,328,360,165,64449.2,146043,51665,5453.16,18196,19220,4480,2160,2140,12297.5
1719,42340,328,360,165,66436.9,146128,51696.7,5453.34,18196,19220,4480,2160,2140,12299.3
1720,42361,328,360,165,65780.2,146213,51725.3,5453.19,18196,19220,4480,2160,2140,12301.1
1721,42378,328,360,165,66044.9,146298,51755,5453.16,18196,19220,4480,2160,2140,12302.9
1722,42395,328,360,165,65438.9,146383,51784.9,5453.15,18196,19220,4480,2160,2140,12304.7
1723,42415,328,360,165,63988,146468,51815.9,5453.25,18196,19220,4480,2160,2140,12306.5
1724,42432,328,360,165,65913.9,146553,51844.6,5453.12,18196,19220,4480,2160,2140,12308.3
1725,42449,328,360,165,67162,146638,51874.3,5453.08,18196,19220,4480,2160,2140,12310.1
1726,42467,328,360,165,66989.7,146723,51901.4,5452.78,18196,19220,4480,2160,2140,12311.9
1727,42486,328,360,165,65896.7,146808,51934.2,5453.07,18196,19220,4480,2160,2140,12313.7
1728,42505,328,360,165,64866.1,146893,51963,5452.95,18196,19220,4480,2160,2140,12315.5
1729,42522,328,360,165,65528.6,146978,51994.5,5453.11,18196,19220,4480,2160,2140,12317.2
1730,42538,328,360,165,68096.4,147063,52024.2,5453.07,18196,19220,4480,2160,2140,12319
1731,42556,328,360,165,67633.5,147148,52053.8,5453.03,18196,19220,4480,2160,2140,12320.8
1732,42575,328,360,165,66211.9,147233,52086.2,5453.28,18196,19220,4480,2160,2140,12322.6
1733,42594,328,360,165,65795.1,147318,52114.8,5453.14,18196,19220,4480,2160,2140,12324.4
1734,42608,328,360,165,67929.5,147403,52142.7,5452.92,18196,19220,4480,2160,2140,12326.2
1735,42626,328,360,165,68142.5,147488,52175,5453.16,18196,19220,4480,2160,2140,12327.9
1736,42648,328,360,165,67328.5,147573,52204.6,5453.12,18196,19220,4480,2160,2140,12329.7
1737,42670,328,360,165,65470.1,147658,52236,5453.26,18196,19220,4480,2160,2140,12331.5
1738,42686,328,360,165,68181.3,147743,52264.7,5453.13,18196,19220,4480,2160,2140,12333.3
1739,42702,328,360,165,67151.1,147828,52294.8,5453.14,18196,19220,4480,2160,2140,12335.1
1740,42715,328,360,165,66692,147913,52324.5,5453.11,18196,19220,4480,2160,2140,12336.8
1741,42733,328,360,165,64475.7,147998,52353.9,5453.04,18196,19220,4480,2160,2140,12338.6
1742,42751,328,360,165,67427.8,148083,52383.4,5452.99,18196,19220,4480,2160,2140,12340.4
1743,42768,328,360,165,68943.8,148168,52412.8,5452.93,18196,19220,4480,2160,2140,12342.1
1744,42787,328,360,165,66781.5,148253,52446.6,5453.33,18196,19220,4480,2160,2140,12343.9
1745,42807,328,360,165,67041.5,148338,52473.5,5453,18196,19220,4480,2160,2140,12345.7
1746,42827,328,360,165,69628.4,148423,52500,5452.63,18196,19220,4480,2160,2140,12347.5
1747,42847,328,360,165,68301.1,148508,52532.7,5452.92,18196,19220,4480,2160,2140,12349.2
1748,42862,328,360,165,66741.4,148593,52563.5,5453,18196,19220,4480,2160,2140,12351
1749,42877,328,360,165,67908.7,148678,52593.3,5452.98,18196,19220,4480,2160,2140,12352.8
1750,42896,328,360,165,66852.8,148763,52625.1,5453.17,18196,19220,4480,2160,2140,12354.5
1751,42914,328,360,165,66257.4,148848,52655,5453.16,18196,19220,4480,2160,2140,12356.3
1752,42931,328,360,165,68422.4,148933,52684.3,5453.08,18196,19220,4480,2160,2140,12358
1753,42949,328,360,165,70538.4,149018,52712.7,5452.92,18196,19220,4480,2160,2140,12359.8
1754,42969,328,360,165,69103.4,149103,52743.8,5453.03,18196,19220,4480,2160,2140,12361.6
1755,42988,328,360,165,67025.9,149188,52775.1,5453.17,18196,19220,4480,2160,2140,12363.3
1756,43005,328,360,165,70576.9,149273,52801.9,5452.83,18196,19220,4480,2160,2140,12365.1
1757,43028,328,360,165,69047.2,149358,52831,5452.74,18196,19220,4480,2160,2140,12366.8
1758,43042,328,360,165,67176.3,149443,52865.7,5453.23,18196,19220,4480,2160,2140,12368.6
1759,43063,328,360,165,66971.2,149528,52896.1,5453.27,18196,19220,4480,2160,2140,12370.4
1760,43076,328,360,165,67738,149613,52924.3,5453.08,18196,19220,4480,2160,2140,12372.1
1761,43099,328,360,165,69137.9,149698,52954.4,5453.1,18196,19220,4480,2160,2140,12373.9
1762,43117,328,360,165,68336.1,149783,52984,5453.05,18196,19220,4480,2160,2140,12375.6
1763,43137,328,360,165,67580.4,149868,53016.4,5453.3,18196,19220,4480,2160,2140,12377.4
1764,43160,328,360,165,68249.4,149953,53046.7,5453.34,18196,19220,4480,2160,2140,12379.1
1765,43182,328,360,165,67978.4,150038,53076.6,5453.33,18196,19220,4480,2160,2140,12380.9
1766,43201,328,360,165,67778.8,150123,53105.8,5453.24,18196,19220,4480,2160,2140,12382.6
1767,43215,328,360,165,68312.6,150208,53132.4,5452.88,18196,19220,4480,2160,2140,12384.4
1768,43229,328,360,165,66661.7,150293,53162.8,5452.93,18196,19220,4480,2160,2140,12386.1
1769,43248,328,360,165,69154.6,150378,53192.6,5452.91,18196,19220,4480,2160,2140,12387.9
1770,43262,328,360,165,67504.3,150463,53223.4,5452.99,18196,19220,4480,2160,2140,12389.6
1771,43275,328,360,165,68870.4,150548,53255,5453.16,18196,19220,4480,2160,2140,12391.3
1772,43294,328,360,165,68586.3,150633,53286.1,5453.27,18196,19220,4480,2160,2140,12393.1
1773,43310,328,360,165,68256.8,150718,53314.5,5453.11,18196,19220,4480,2160,2140,12394.8
1774,43329,328,360,165,68685.1,150803,53343.6,5453.01,18196,19220,4480,2160,2140,12396.6
1775,43347,328,360,165,65623.2,150888,53372.2,5452.86,18196,19220,4480,2160,2140,12398.3
1776,43362,328,360,165,68939.8,150973,53404.5,5453.11,18196,19220,4480,2160,2140,12400
1777,43381,328,360,165,68004.8,151058,53433.7,5453.02,18196,19220,4480,2160,2140,12401.8
1778,43398,328,360,165,66312.1,151143,53466.6,5453.33,18196,19220,4480,2160,2140,12403.5
1779,43422,328,360,165,71431.9,151228,53493.8,5453.03,18196,19220,4480,2160,2140,12405.3
1780,43436,328,360,165,65976.4,151313,53524.3,5453.08,18196,19220,4480,2160,2140,12407
1781,43449,328,360,165,68715.4,151398,53555.9,5453.25,18196,19220,4480,2160,2140,12408.7
1782,43462,328,360,165,70137.2,151483,53583.1,5452.96,18196,19220,4480,2160,2140,12410.5
1783,43479,328,360,165,69192.3,151568,53615,5453.16,18196,19220,4480,2160,2140,12412.2
1784,43496,328,360,165,69743.8,151653,53643.6,5453.01,18196,19220,4480,2160,2140,12413.9
1785,43516,328,360,165,68690.9,151738,53672.8,5452.93,18196,19220,4480,2160,2140,12415.7
1786,43534,328,360,165,67913.8,151823,53702.9,5452.94,18196,19220,4480,2160,2140,12417.4
1787,43548,328,360,165,71163.8,151908,53733.3,5452.98,18196,19220,4480,2160,2140,12419.1
1788,43567,328,360,165,70114.5,151993,53764.3,5453.08,18196,19220,4480,2160,2140,12420.8
1789,43582,328,360,165,68487,152078,53796.5,5453.32,18196,19220,4480,2160,2140,12422.6
1790,43603,328,360,165,67544.6,152163,53824.4,5453.09,18196,19220,4480,2160,2140,12424.3
1791,43613,328,360,165,69984,152248,53856.3,5453.29,18196,19220,4480,2160,2140,12426
1792,43635,328,360,165,69361,152333,53886,5453.26,18196,19220,4480,2160,2140,12427.7
1793,43649,328,360,165,69626.1,152419,53918.3,5453.51,18196,19220,4480,2160,2140,12429.5
1794,43668,328,360,165,69349.7,152503,53943.5,5453,18196,19220,4480,2160,2140,12431.2
1795,43683,328,360,165,69015.1,152588,53974.4,5453.1,18196,19220,4480,2160,2140,12432.9
1796,43700,328,360,165,69448.4,152673,54005.1,5453.17,18196,19220,4480,2160,2140,12434.6
1797,43716,328,360,165,70378.9,152758,54035.5,5453.21,18196,19220,4480,2160,2140,12436.3
1798,43730,328,360,165,68638.5,152843,54063.5,5453,18196,19220,4480,2160,2140,12438.1
1799,43747,328,360,165,65554,152928,54092.9,5452.94,18196,19220,4480,2160,2140,12439.8
1800,43765,328,360,165,68616.6,153013,54123.7,5453.02,18196,19220,4480,2160,2140,12441.5
1801,43784,328,360,165,68140,153098,54156.2,5453.28,18196,19220,4480,2160,2140,12443.2
1802,43801,328,360,165,66631.7,153183,54185.5,5453.21,18196,19220,4480,2160,2140,12444.9
1803,43820,328,360,165,69436.9,153268,54215.9,5453.25,18196,19220,4480,2160,2140,12446.6
1804,43838,328,360,165,68449.8,153353,54245.2,5453.18,18196,19220,4480,2160,2140,12448.3
1805,43851,328,360,165,68855.7,153438,54277.1,5453.38,18196,19220,4480,2160,2140,12450.1
1806,43870,328,360,165,68837.7,153523,54303.8,5453.03,18196,19220,4480,2160,2140,12451.8
1807,43885,328,360,165,69384.3,153608,54335.1,5453.17,18196,19220,4480,2160,2140,12453.5
1808,43901,328,360,165,69439.8,153693,54364.9,5453.15,18196,19220,4480,2160,2140,12455.2
1809,43920,328,360,165,67090.4,153778,54394.1,5453.06,18196,19220,4480,2160,2140,12456.9
1810,43939,328,360,165,69556.2,153863,54423.7,5453.02,18196,19220,4480,2160,2140,12458.6
1811,43960,328,360,165,71188.7,153948,54455.3,5453.19,18196,19220,4480,2160,2140,12460.3
1812,43978,328,360,165,68849.7,154033,54487.8,5453.45,18196,19220,4480,2160,2140,12462
1813,43998,328,360,165,68674.4,154118,54516.7,5453.34,18196,19220,4480,2160,2140,12463.7
1814,44013,328,360,165,71513.1,154203,54543,5452.95,18196,19220,4480,2160,2140,12465.4
1815,44035,328,360,165,69845.4,154288,54573.6,5453.01,18196,19220,4480,2160,2140,12467.1
1816,44052,328,360,165,70297.6,154373,54605,5453.16,18196,19220,4480,2160,2140,12468.8
1817,44065,328,360,165,70890.4,154458,54634.9,5453.15,18196,19220,4480,2160,2140,12470.5
1818,44084,328,360,165,71488.1,154543,54663.4,5452.99,18196,19220,4480,2160,2140,12472.2
1819,44105,328,360,165,68848.4,154628,54694.1,5453.06,18196,19220,4480,2160,2140,12473.9
1820,44124,328,360,165,67648.4,154713,54724.4,5453.09,18196,19220,4480,2160,2140,12475.6
1821,44143,328,360,165,71037.5,154799,54758.3,5453.51,18196,19220,4480,2160,2140,12477.3
1822,44163,328,360,165,68395.9,154883,54785.4,5453.2,18196,19220,4480,2160,2140,12479
1823,44175,328,360,165,69657,154968,54813.1,5452.96,18196,19220,4480,2160,2140,12480.7
1824,44193,328,360,165,69710.3,155053,54843.7,5453.02,18196,19220,4480,2160,2140,12482.4
1825,44212,328,360,165,71176.7,155138,54875.3,5453.19,18196,19220,4480,2160,2140,12484.1
1826,44230,328,360,165,71133.8,155223,54904,5453.05,18196,19220,4480,2160,2140,12485.8
1827,44249,328,360,165,71318.1,155308,54933.6,5453.01,18196,19220,4480,2160,2140,12487.5
1828,44265,328,360,165,71321.6,155393,54963.7,5453.02,18196,19220,4480,2160,2140,12489.1
1829,44287,328,360,165,70752.5,155478,54991.6,5452.8,18196,19220,4480,2160,2140,12490.8
1830,44302,328,360,165,68319.9,155563,55024.2,5453.07,18196,19220,4480,2160,2140,12492.5
1831,44316,328,360,165,67835.9,155648,55054.8,5453.14,18196,19220,4480,2160,2140,12494.2
1832,44330,328,360,165,71374.4,155733,55085.4,5453.2,18196,19220,4480,2160,2140,12495.9
1833,44340,328,360,165,68575.5,155818,55116.4,5453.3,18196,19220,4480,2160,2140,12497.6
1834,44359,328,360,165,72442.4,155903,55146.4,5453.31,18196,19220,4480,2160,2140,12499.3
1835,44378,328,360,165,69928.7,155988,55174,5453.05,18196,19220,4480,2160,2140,12500.9
1836,44394,328,360,165,70662.5,156073,55206.1,5453.27,18196,19220,4480,2160,2140,12502.6
1837,44414,328,360,165,71479.9,156158,55237.3,5453.4,18196,19220,4480,2160,2140,12504.3
1838,44429,328,360,165,72730.4,156243,55264.4,5453.1,18196,19220,4480,2160,2140,12506
1839,44447,328,360,165,68649.7,156328,55296.8,5453.35,18196,19220,4480,2160,2140,12507.7
1840,44462,328,360,165,68938.1,156414,55328.7,5453.55,18196,19220,4480,2160,2140,12509.3
1841,44478,328,360,165,68823.8,156499,55360.2,5453.71,18196,19220,4480,2160,2140,12511
1842,44498,328,360,165,70736.3,156583,55386.1,5453.27,18196,19220,4480,2160,2140,12512.7
1843,44513,328,360,165,72983.3,156668,55414.4,5453.09,18196,19220,4480,2160,2140,12514.4
1844,44530,328,360,165,69644.4,156753,55448.1,5453.48,18196,19220,4480,2160,2140,12516.1
1845,44542,328,360,165,72784.6,156838,55475.1,5453.17,18196,19220,4480,2160,2140,12517.7
1846,44561,328,360,165,68974.9,156923,55503.5,5453,18196,19220,4480,2160,2140,12519.4
1847,44575,328,360,165,72347.8,157008,55537.1,5453.38,18196,19220,4480,2160,2140,12521.1
1848,44594,328,360,165,71097.7,157093,55565,5453.16,18196,19220,4480,2160,2140,12522.7
1849,44614,328,360,165,68908.6,157178,55597.6,5453.43,18196,19220,4480,2160,2140,12524.4
1850,44630,328,360,165,71492.6,157263,55626.8,5453.35,18196,19220,4480,2160,2140,12526.1
1851,44646,328,360,165,72126.5,157348,55653.5,5453,18196,19220,4480,2160,2140,12527.8
1852,44665,328,360,165,72478.1,157433,55686.6,5453.33,18196,19220,4480,2160,2140,12529.4
1853,44682,328,360,165,70237.1,157518,55714.8,5453.14,18196,19220,4480,2160,2140,12531.1
1854,44704,328,360,165,70964.6,157603,55745.9,5453.25,18196,19220,4480,2160,2140,12532.8
1855,44719,328,360,165,72050.4,157688,55775.1,5453.17,18196,19220,4480,2160,2140,12534.4
1856,44734,328,360,165,72893.5,157774,55808.7,5453.55,18196,19220,4480,2160,2140,12536.1
1857,44751,328,360,165,68873.6,157859,55838.5,5453.53,18196,19220,4480,2160,2140,12537.7
1858,44769,328,360,165,71645.3,157943,55866.2,5453.28,18196,19220,4480,2160,2140,12539.4
1859,44786,328,360,165,71926.2,158028,55895,5453.16,18196,19220,4480,2160,2140,12541.1
1860,44806,328,360,165,74550.9,158113,55923.1,5452.96,18196,19220,4480,2160,2140,12542.7
1861,44826,328,360,165,70343.5,158198,55955.3,5453.19,18196,19220,4480,2160,2140,12544.4
1862,44843,328,360,165,71887.1,158283,55985.3,5453.19,18196,19220,4480,2160,2140,12546
1863,44859,328,360,165,72442.7,158368,56017.4,5453.41,18196,19220,4480,2160,2140,12547.7
1864,44875,328,360,165,71416.3,158454,56050.2,5453.71,18196,19220,4480,2160,2140,12549.4
1865,44892,328,360,165,69456.6,158538,56077.2,5453.39,18196,19220,4480,2160,2140,12551
1866,44903,328,360,165,71438.5,158623,56108.1,5453.48,18196,19220,4480,2160,2140,12552.7
1867,44923,328,360,165,70260.2,158708,56134.1,5453.06,18196,19220,4480,2160,2140,12554.3
1868,44946,328,360,165,70311.5,158793,56165.1,5453.17,18196,19220,4480,2160,2140,12556
1869,44962,328,360,165,70688.1,158878,56195.2,5453.18,18196,19220,4480,2160,2140,12557.6
1870,44982,328,360,165,72632.5,158963,56227,5453.37,18196,19220,4480,2160,2140,12559.3
1871,45000,328,360,165,70609.8,159048,56255.7,5453.23,18196,19220,4480,2160,2140,12560.9
1872,45020,328,360,165,72227.7,159133,56288.2,5453.49,18196,19220,4480,2160,2140,12562.6
1873,45036,328,360,165,69517.6,159218,56317.6,5453.43,18196,19220,4480,2160,2140,12564.2
1874,45055,328,360,165,69563.1,159304,56349.3,5453.61,18196,19220,4480,2160,2140,12565.9
1875,45072,328,360,165,71369.9,159388,56377.8,5453.45,18196,19220,4480,2160,2140,12567.5
1876,45090,328,360,165,72139.6,159474,56408.3,5453.51,18196,19220,4480,2160,2140,12569.2
1877,45111,328,360,165,71058.9,159558,56434.8,5453.14,18196,19220,4480,2160,2140,12570.8
1878,45131,328,360,165,71347.8,159643,56467.5,5453.42,18196,19220,4480,2160,2140,12572.5
1879,45149,328,360,165,71310.4,159728,56495.6,5453.22,18196,19220,4480,2160,2140,12574.1
1880,45163,328,360,165,72347.7,159813,56525.5,5453.21,18196,19220,4480,2160,2140,12575.7
1881,45178,328,360,165,71273.4,159898,56557.2,5453.39,18196,19220,4480,2160,2140,12577.4
1882,45200,328,360,165,70807,159983,56587.2,5453.39,18196,19220,4480,2160,2140,12579
1883,45216,328,360,165,71870.5,160068,56615.1,5453.17,18196,19220,4480,2160,2140,12580.7
1884,45237,328,360,165,73012.6,160153,56643.1,5452.96,18196,19220,4480,2160,2140,12582.3
1885,45252,328,360,165,69955.2,160238,56677.4,5453.41,18196,19220,4480,2160,2140,12583.9
1886,45270,328,360,165,72715.8,160323,56706.3,5453.29,18196,19220,4480,2160,2140,12585.6
1887,45287,328,360,165,72673.6,160408,56734.8,5453.14,18196,19220,4480,2160,2140,12587.2
1888,45304,328,360,165,74280.6,160494,56768.2,5453.5,18196,19220,4480,2160,2140,12588.9
1889,45319,328,360,165,72429.1,160579,56798.3,5453.51,18196,19220,4480,2160,2140,12590.5
1890,45332,328,360,165,72996.8,160663,56827.3,5453.4,18196,19220,4480,2160,2140,12592.1
1891,45354,328,360,165,73290.1,160748,56855.7,5453.23,18196,19220,4480,2160,2140,12593.8
1892,45372,328,360,165,73584.2,160833,56887.7,5453.44,18196,19220,4480,2160,2140,12595.4
1893,45391,328,360,165,72164.9,160918,56917.4,5453.41,18196,19220,4480,2160,2140,12597
1894,45411,328,360,165,70771.7,161003,56945.4,5453.2,18196,19220,4480,2160,2140,12598.7
1895,45429,328,360,165,73990.7,161088,56977.5,5453.42,18196,19220,4480,2160,2140,12600.3
1896,45448,328,360,165,72386.3,161173,57006.4,5453.3,18196,19220,4480,2160,2140,12601.9
1897,45469,328,360,165,73251.1,161258,57036.8,5453.35,18196,19220,4480,2160,2140,12603.5
1898,45484,328,360,165,74999.1,161343,57065,5453.16,18196,19220,4480,2160,2140,12605.2
1899,45504,328,360,165,73507.1,161428,57096.3,5453.29,18196,19220,4480,2160,2140,12606.8
1900,45524,328,360,165,72864.5,161513,57127,5453.37,18196,19220,4480,2160,2140,12608.4
1901,45539,328,360,165,72896.6,161598,57154.6,5453.12,18196,19220,4480,2160,2140,12610
1902,45555,328,360,165,70699.8,161683,57187.8,5453.45,18196,19220,4480,2160,2140,12611.7
1903,45575,328,360,165,75460.9,161768,57216.1,5453.27,18196,19220,4480,2160,2140,12613.3
1904,45595,328,360,165,72090.1,161853,57245.5,5453.21,18196,19220,4480,2160,2140,12614.9
1905,45610,328,360,165,72129.3,161938,57277.7,5453.44,18196,19220,4480,2160,2140,12616.5
1906,45624,328,360,165,71113.1,162024,57309.2,5453.6,18196,19220,4480,2160,2140,12618.2
1907,45641,328,360,165,73215,162108,57337.7,5453.44,18196,19220,4480,2160,2140,12619.8
1908,45655,328,360,165,74497.9,162193,57366.5,5453.32,18196,19220,4480,2160,2140,12621.4
1909,45670,328,360,165,76075.8,162278,57396.4,5453.3,18196,19220,4480,2160,2140,12623
1910,45684,328,360,165,73804.4,162363,57425.1,5453.17,18196,19220,4480,2160,2140,12624.6
1911,45698,328,360,165,73715.9,162448,57453.1,5452.96,18196,19220,4480,2160,2140,12626.2
1912,45711,328,360,165,74530.6,162533,57487,5453.37,18196,19220,4480,2160,2140,12627.9
1913,45734,328,360,165,72565.4,162618,57516.1,5453.27,18196,19220,4480,2160,2140,12629.5
1914,45746,328,360,165,70974.1,162704,57548.8,5453.56,18196,19220,4480,2160,2140,12631.1
1915,45766,328,360,165,69940,162789,57579.3,5453.61,18196,19220,4480,2160,2140,12632.7
1916,45778,328,360,165,73103.8,162873,57607.4,5453.41,18196,19220,4480,2160,2140,12634.3
1917,45796,328,360,165,76239.7,162958,57635.8,5453.24,18196,19220,4480,2160,2140,12635.9
1918,45811,328,360,165,76541.5,163043,57665.8,5453.24,18196,19220,4480,2160,2140,12637.5
1919,45828,328,360,165,72930.6,163129,57700.1,5453.69,18196,19220,4480,2160,2140,12639.1
1920,45844,328,360,165,74871.9,163213,57727.1,5453.38,18196,19220,4480,2160,2140,12640.7
1921,45860,328,360,165,75700.9,163298,57754.3,5453.08,18196,19220,4480,2160,2140,12642.4
1922,45879,328,360,165,72734.1,163384,57788.6,5453.54,18196,19220,4480,2160,2140,12644
1923,45889,328,360,165,75067.7,163468,57813.6,5453.01,18196,19220,4480,2160,2140,12645.6
1924,45902,328,360,165,74448.3,163553,57844.8,5453.14,18196,19220,4480,2160,2140,12647.2
1925,45916,328,360,165,76520.2,163639,57878.8,5453.56,18196,19220,4480,2160,2140,12648.8
1926,45933,328,360,165,72995.1,163723,57908.1,5453.48,18196,19220,4480,2160,2140,12650.4
1927,45951,328,360,165,72278.1,163809,57938.5,5453.53,18196,19220,4480,2160,2140,12652
1928,45967,328,360,165,71686,163893,57966.4,5453.31,18196,19220,4480,2160,2140,12653.6
1929,45982,328,360,165,75244.6,163978,57997.2,5453.39,18196,19220,4480,2160,2140,12655.2
1930,46001,328,360,165,73611.4,164064,58030.6,5453.75,18196,19220,4480,2160,2140,12656.8
1931,46019,328,360,165,71670.7,164148,58058,5453.47,18196,19220,4480,2160,2140,12658.4
1932,46037,328,360,165,73771.7,164233,58087.5,5453.42,18196,19220,4480,2160,2140,12660
1933,46054,328,360,165,71602.5,164318,58115.2,5453.18,18196,19220,4480,2160,2140,12661.6
1934,46072,328,360,165,71667.9,164404,58148.3,5453.51,18196,19220,4480,2160,2140,12663.2
1935,46086,328,360,165,72891.8,164488,58176.7,5453.34,18196,19220,4480,2160,2140,12664.8
1936,46107,328,360,165,75046,164574,58208.4,5453.52,18196,19220,4480,2160,2140,12666.4
1937,46129,328,360,165,75806.5,164658,58237.2,5453.39,18196,19220,4480,2160,2140,12668
1938,46145,328,360,165,71897.2,164743,58267.3,5453.4,18196,19220,4480,2160,2140,12669.6
1939,46164,328,360,165,71844.6,164829,58299.4,5453.62,18196,19220,4480,2160,2140,12671.1
1940,46174,328,360,165,73792.4,164913,58325.1,5453.17,18196,19220,4480,2160,2140,12672.7
1941,46191,328,360,165,78027.2,164998,58356.6,5453.33,18196,19220,4480,2160,2140,12674.3
1942,46211,328,360,165,72673.2,165083,58386.8,5453.35,18196,19220,4480,2160,2140,12675.9
1943,46226,328,360,165,74787.9,165169,58419.4,5453.62,18196,19220,4480,2160,2140,12677.5
1944,46243,328,360,165,76076.6,165253,58446.8,5453.35,18196,19220,4480,2160,2140,12679.1
1945,46255,328,360,165,72329.1,165338,58475.1,5453.17,18196,19220,4480,2160,2140,12680.7
1946,46271,328,360,165,76610.5,165423,58504.3,5453.08,18196,19220,4480,2160,2140,12682.3
1947,46290,328,360,165,75372,165508,58536.4,5453.31,18196,19220,4480,2160,2140,12683.9
1948,46310,328,360,165,73279.2,165594,58569.5,5453.63,18196,19220,4480,2160,2140,12685.4
1949,46326,328,360,165,74488.7,165678,58597.2,5453.39,18196,19220,4480,2160,2140,12687
1950,46347,328,360,165,75482.6,165763,58627.6,5453.43,18196,19220,4480,2160,2140,12688.6
1951,46361,328,360,165,76253.4,165848,58657.4,5453.41,18196,19220,4480,2160,2140,12690.2
1952,46379,328,360,165,75042.6,165933,58688.2,5453.49,18196,19220,4480,2160,2140,12691.8
1953,46399,328,360,165,73964.3,166019,58719.7,5453.65,18196,19220,4480,2160,2140,12693.4
1954,46411,328,360,165,72058.8,166103,58746.5,5453.32,18196,19220,4480,2160,2140,12694.9
1955,46431,328,360,165,74702,166189,58779.2,5453.6,18196,19220,4480,2160,2140,12696.5
1956,46451,328,360,165,76429.6,166274,58808.8,5453.56,18196,19220,4480,2160,2140,12698.1
1957,46471,328,360,165,72889.9,166359,58839.7,5453.65,18196,19220,4480,2160,2140,12699.7
1958,46489,328,360,165,75296.1,166443,58867.9,5453.46,18196,19220,4480,2160,2140,12701.3
1959,46501,328,360,165,77697.8,166528,58896.2,5453.28,18196,19220,4480,2160,2140,12702.8
1960,46519,328,360,165,73045.5,166614,58929.6,5453.64,18196,19220,4480,2160,2140,12704.4
1961,46537,328,360,165,74022.2,166699,58959,5453.58,18196,19220,4480,2160,2140,12706
1962,46548,328,360,165,73700.4,166783,58987.7,5453.44,18196,19220,4480,2160,2140,12707.6
1963,46569,328,360,165,72091.9,166868,59015.9,5453.25,18196,19220,4480,2160,2140,12709.1
1964,46586,328,360,165,76414.3,166954,59048.5,5453.53,18196,19220,4480,2160,2140,12710.7
1965,46602,328,360,165,77445.5,167038,59075.4,5453.2,18196,19220,4480,2160,2140,12712.3
1966,46622,328,360,165,74189.4,167123,59108,5453.47,18196,19220,4480,2160,2140,12713.8
1967,46640,328,360,165,72021.9,167208,59137.9,5453.46,18196,19220,4480,2160,2140,12715.4
1968,46660,328,360,165,78282,167294,59169.5,5453.63,18196,19220,4480,2160,2140,12717
1969,46684,328,360,165,74156,167379,59201.3,5453.82,18196,19220,4480,2160,2140,12718.5
1970,46698,328,360,165,76397.1,167463,59225.6,5453.22,18196,19220,4480,2160,2140,12720.1
1971,46719,328,360,165,74311.7,167549,59259.9,5453.67,18196,19220,4480,2160,2140,12721.7
1972,46741,328,360,165,72359.5,167634,59289,5453.58,18196,19220,4480,2160,2140,12723.2
1973,46757,328,360,165,75806.4,167719,59320.2,5453.71,18196,19220,4480,2160,2140,12724.8
1974,46778,328,360,165,73702.6,167803,59347.5,5453.42,18196,19220,4480,2160,2140,12726.4
1975,46792,328,360,165,76466.5,167888,59375,5453.16,18196,19220,4480,2160,2140,12727.9
1976,46809,328,360,165,75246.5,167973,59406.2,5453.28,18196,19220,4480,2160,2140,12729.5
1977,46829,328,360,165,73644.8,168059,59438.5,5453.53,18196,19220,4480,2160,2140,12731.1
1978,46841,328,360,165,74967.8,168144,59470.1,5453.7,18196,19220,4480,2160,2140,12732.6
1979,46856,328,360,165,75745.2,168229,59499.4,5453.62,18196,19220,4480,2160,2140,12734.2
1980,46870,328,360,165,75093.5,168314,59530.5,5453.74,18196,19220,4480,2160,2140,12735.7
1981,46885,328,360,165,74884.1,168398,59558.1,5453.48,18196,19220,4480,2160,2140,12737.3
1982,46906,328,360,165,75569.2,168484,59588.9,5453.57,18196,19220,4480,2160,2140,12738.9
1983,46923,328,360,165,73019.8,168569,59619.2,5453.6,18196,19220,4480,2160,2140,12740.4
1984,46940,328,360,165,74363.5,168654,59648.4,5453.52,18196,19220,4480,2160,2140,12742
1985,46953,328,360,165,76336,168739,59682.1,5453.9,18196,19220,4480,2160,2140,12743.5
1986,46970,328,360,165,75147.7,168824,59710,5453.68,18196,19220,4480,2160,2140,12745.1
1987,46991,328,360,165,76435.6,168908,59736.9,5453.36,18196,19220,4480,2160,2140,12746.6
1988,47009,328,360,165,78681.5,168993,59765.2,5453.18,18196,19220,4480,2160,2140,12748.2
1989,47026,328,360,165,75549.5,169079,59799.2,5453.6,18196,19220,4480,2160,2140,12749.8
1990,47041,328,360,165,74465.7,169164,59830,5453.68,18196,19220,4480,2160,2140,12751.3
1991,47061,328,360,165,77736.2,169249,59859.2,5453.6,18196,19220,4480,2160,2140,12752.9
1992,47077,328,360,165,74592.3,169334,59889.5,5453.63,18196,19220,4480,2160,2140,12754.4
1993,47096,328,360,165,74761.2,169418,59916.3,5453.29,18196,19220,4480,2160,2140,12756
1994,47111,328,360,165,73043.3,169503,59946.3,5453.29,18196,19220,4480,2160,2140,12757.5
1995,47127,328,360,165,76532,169588,59978.1,5453.48,18196,19220,4480,2160,2140,12759.1
1996,47149,328,360,165,72494.6,169674,60008.2,5453.5,18196,19220,4480,2160,2140,12760.6
1997,47168,328,360,165,74179.1,169759,60038.5,5453.53,18196,19220,4480,2160,2140,12762.1
1998,47186,328,360,165,74228.2,169844,60070.3,5453.72,18196,19220,4480,2160,2140,12763.7
1999,47200,328,360,165,73389.8,169928,60098.2,5453.5,18196,19220,4480,2160,2140,12765.2
2000,47213,328,360,165,78993.9,170014,60128.6,5453.54,18196,19220,4480,2160,2140,12766.8
