parts,distinct_keys,read_hamt_string_ns,read_hamt_coded_ns,read_art_ns,read_mvcc_string_ns,read_mvcc_coded_ns,submit_hamt_naive_ns,submit_hamt_folded_ns,submit_art_ns,submit_mvcc_ns,mem_hamt_folded_mib,mem_champ_folded_mib,mem_art_mib
1,32,100.4,182.4,89.4,180.4,265.4,5524,192,192,4480,6.10352e-05,3.8147e-05,3.05176e-05
2,64,180.4,262.4,89.4,180.4,265.4,11028,3703.25,224,4480,0.00136806,0.000855035,6.10352e-05
3,96,180.4,262.4,89.4,180.4,265.4,11028,3703.25,256,4480,0.00267508,0.00167192,9.15527e-05
4,128,180.4,262.4,89.4,180.4,265.4,11028,3703.25,288,4480,0.0039821,0.00248881,0.00012207
5,160,180.4,262.4,89.4,180.4,265.4,11028,3703.25,320,4480,0.00528912,0.0033057,0.000152588
6,191,180.4,262.4,89.4,180.4,265.4,11028,3703.25,351,4480,0.00659614,0.00412259,0.000183105
7,223,180.4,262.4,89.4,180.4,265.4,11028,3703.25,383,4480,0.00790316,0.00493948,0.000213623
8,254,180.4,262.4,89.4,180.4,265.4,11028,3703.25,414,4480,0.00921018,0.00575636,0.000244141
9,286,180.4,262.4,169.4,180.4,265.4,11028,3703.25,4908.37,4480,0.0105172,0.00657325,0.00119434
10,317,180.4,262.4,169.4,180.4,265.4,11028,3703.25,4939.5,4480,0.0118242,0.00739014,0.00214454
11,349,180.4,262.4,169.4,180.4,265.4,11028,3703.25,4970.64,4480,0.0131312,0.00820703,0.00309473
12,381,180.4,262.4,169.4,180.4,265.4,11028,3703.25,5001.77,4480,0.0144383,0.00902392,0.00404493
13,413,180.4,262.4,169.4,180.4,265.4,11028,3703.25,5032.91,4480,0.0157453,0.0098408,0.00499513
14,445,180.4,262.4,169.4,180.4,265.4,11028,3703.25,5064.05,4480,0.0170523,0.0106577,0.00594533
15,477,180.4,262.4,169.4,180.4,265.4,11028,3703.25,5064.05,4480,0.0183593,0.0114746,0.00689553
16,509,180.4,262.4,169.4,180.4,265.4,11028,3703.25,5095.18,4480,0.0196663,0.0122915,0.00784572
17,541,180.4,262.4,169.4,180.4,265.4,11028,3703.25,5126.32,4480,0.0209734,0.0131084,0.00879592
18,573,180.4,262.4,169.4,180.4,265.4,11028,3703.25,5126.32,4480,0.0222804,0.0139252,0.00974612
19,605,180.4,262.4,169.4,180.4,265.4,11028,3703.25,5157.45,4480,0.0235874,0.0147421,0.0106963
20,637,180.4,262.4,169.4,180.4,265.4,11028,3703.25,5188.59,4480,0.0248944,0.015559,0.0116465
21,669,180.4,262.4,169.4,180.4,265.4,11028,3703.25,5188.59,4480,0.0262015,0.0163759,0.0125967
22,701,180.4,262.4,169.4,180.4,265.4,11028,3703.25,5219.73,4480,0.0275085,0.0171928,0.0135469
23,732,180.4,262.4,169.4,180.4,265.4,11028,3703.25,5250.86,4480,0.0288155,0.0180097,0.0144971
24,764,180.4,262.4,169.4,180.4,265.4,11028,3703.25,5250.86,4480,0.0301225,0.0188266,0.0154473
25,796,180.4,262.4,169.4,180.4,265.4,11028,3703.25,5282,4480,0.0314295,0.0196435,0.0163975
26,828,180.4,262.4,169.4,180.4,265.4,11028,3703.25,5282,4480,0.0327366,0.0204603,0.0173477
27,860,180.4,262.4,169.4,180.4,265.4,11028,3703.25,5313.13,4480,0.0340436,0.0212772,0.0182979
28,892,180.4,262.4,169.4,180.4,265.4,11028,3703.25,5313.13,4480,0.0353506,0.0220941,0.0192481
29,924,180.4,262.4,169.4,180.4,265.4,11028,3703.25,5344.27,4480,0.0366576,0.022911,0.0201983
30,955,180.4,262.4,169.4,180.4,265.4,11028,3703.25,5344.27,4480,0.0379646,0.0237279,0.0211485
31,987,180.4,262.4,169.4,180.4,265.4,11028,3703.25,5375.41,4480,0.0392717,0.0245448,0.0220987
32,1019,180.4,262.4,169.4,180.4,265.4,11028,3703.25,5375.41,4480,0.0405787,0.0253617,0.0230489
33,1050,260.4,342.4,169.4,180.4,265.4,16532,9124.74,5406.54,4480,0.0438096,0.027381,0.0239991
34,1082,260.4,342.4,169.4,180.4,265.4,16532,9124.74,5406.54,4480,0.0470404,0.0294003,0.0249493
35,1114,260.4,342.4,169.4,180.4,265.4,16532,9124.74,5437.68,4480,0.0502713,0.0314196,0.0258995
36,1146,260.4,342.4,169.4,180.4,265.4,16532,9124.74,5437.68,4480,0.0535022,0.0334388,0.0268497
37,1178,260.4,342.4,169.4,180.4,265.4,16532,9124.74,5468.82,4480,0.056733,0.0354581,0.0277999
38,1209,260.4,342.4,169.4,180.4,265.4,16532,9124.74,5468.82,4480,0.0599639,0.0374774,0.0287501
39,1239,260.4,342.4,169.4,180.4,265.4,16532,9124.74,5499.95,4480,0.0631948,0.0394967,0.0297003
40,1271,260.4,342.4,169.4,180.4,265.4,16532,9124.74,5499.95,4480,0.0664256,0.041516,0.0306505
41,1303,260.4,342.4,169.4,180.4,265.4,16532,9124.74,5531.09,4480,0.0696565,0.0435353,0.0316007
42,1334,260.4,342.4,169.4,180.4,265.4,16532,9124.74,5531.09,4480,0.0728874,0.0455546,0.0325509
43,1366,260.4,342.4,169.4,180.4,265.4,16532,9124.74,5531.09,4480,0.0761182,0.0475739,0.0335011
44,1398,260.4,342.4,169.4,180.4,265.4,16532,9124.74,5562.22,4480,0.0793491,0.0495932,0.0344513
45,1430,260.4,342.4,169.4,180.4,265.4,16532,9124.74,5562.22,4480,0.08258,0.0516125,0.0354015
46,1462,260.4,342.4,169.4,180.4,265.4,16532,9124.74,5593.36,4480,0.0858108,0.0536318,0.0363517
47,1494,260.4,342.4,169.4,180.4,265.4,16532,9124.74,5593.36,4480,0.0890417,0.0556511,0.0373019
48,1526,260.4,342.4,169.4,180.4,265.4,16532,9124.74,5624.5,4480,0.0922726,0.0576704,0.0382521
49,1557,260.4,342.4,169.4,180.4,265.4,16532,9124.74,5624.5,4480,0.0955035,0.0596897,0.0392023
50,1589,260.4,342.4,169.4,180.4,265.4,16532,9124.74,5624.5,4480,0.0987343,0.061709,0.0401525
51,1621,260.4,342.4,169.4,180.4,265.4,16532,9124.74,5655.63,4480,0.101965,0.0637282,0.0411027
52,1651,260.4,342.4,169.4,180.4,265.4,16532,9124.74,5655.63,4480,0.105196,0.0657475,0.0420529
53,1682,260.4,342.4,169.4,180.4,265.4,16532,9124.74,5686.77,4480,0.108427,0.0677668,0.043003
54,1712,260.4,342.4,169.4,180.4,265.4,16532,9124.74,5686.77,4480,0.111658,0.0697861,0.0439532
55,1744,260.4,342.4,169.4,180.4,265.4,16532,9124.74,5686.77,4480,0.114889,0.0718054,0.0449034
56,1776,260.4,342.4,169.4,180.4,265.4,16532,9124.74,5717.9,4480,0.11812,0.0738247,0.0458536
57,1807,260.4,342.4,169.4,180.4,265.4,16532,9124.74,5717.9,4480,0.12135,0.075844,0.0468038
58,1837,260.4,342.4,169.4,180.4,265.4,16532,9124.74,5717.9,4480,0.124581,0.0778633,0.047754
59,1869,260.4,342.4,169.4,180.4,265.4,16532,9124.74,5749.04,4480,0.127812,0.0798826,0.0487042
60,1901,260.4,342.4,169.4,180.4,265.4,16532,9124.74,5749.04,4480,0.131043,0.0819019,0.0496544
61,1933,260.4,342.4,169.4,180.4,265.4,16532,9124.74,5749.04,4480,0.134274,0.0839212,0.0506046
62,1964,260.4,342.4,169.4,180.4,265.4,16532,9124.74,5780.18,4480,0.137505,0.0859405,0.0515548
63,1994,260.4,342.4,169.4,180.4,265.4,16532,9124.74,5780.18,4480,0.140736,0.0879598,0.052505
64,2025,260.4,342.4,169.4,180.4,265.4,16532,9124.74,5780.18,4480,0.143966,0.0899791,0.0534552
65,2056,260.4,342.4,169.4,180.4,265.4,16532,9124.74,5811.31,4480,0.147197,0.0919983,0.0544054
66,2087,260.4,342.4,169.4,180.4,265.4,16532,9124.74,5811.31,4480,0.150428,0.0940176,0.0553556
67,2118,260.4,342.4,169.4,180.4,265.4,16532,9124.74,5842.45,4480,0.153659,0.0960369,0.0563058
68,2147,260.4,342.4,169.4,180.4,265.4,16532,9124.74,5842.45,4480,0.15689,0.0980562,0.057256
69,2179,260.4,342.4,169.4,180.4,265.4,16532,9124.74,5842.45,4480,0.160121,0.100076,0.0582062
70,2210,260.4,342.4,169.4,180.4,265.4,16532,9124.74,5873.58,4480,0.163352,0.102095,0.0591564
71,2242,260.4,342.4,169.4,180.4,265.4,16532,9124.74,5873.58,4480,0.166583,0.104114,0.0601066
72,2273,260.4,342.4,169.4,180.4,265.4,16532,9124.74,5873.58,4480,0.169813,0.106133,0.0610568
73,2305,260.4,342.4,169.4,180.4,265.4,16532,9124.74,5904.72,4480,0.173044,0.108153,0.062007
74,2337,260.4,342.4,169.4,180.4,265.4,16532,9124.74,5904.72,4480,0.176275,0.110172,0.0629572
75,2368,260.4,342.4,169.4,180.4,265.4,16532,9124.74,5904.72,4480,0.179506,0.112191,0.0639074
76,2399,260.4,342.4,169.4,180.4,265.4,16532,9124.74,5904.72,4480,0.182737,0.114211,0.0648576
77,2431,260.4,342.4,169.4,180.4,265.4,16532,9124.74,5935.86,4480,0.185968,0.11623,0.0658078
78,2461,260.4,342.4,169.4,180.4,265.4,16532,9124.74,5935.86,4480,0.189199,0.118249,0.066758
79,2491,260.4,342.4,169.4,180.4,265.4,16532,9124.74,5935.86,4480,0.19243,0.120268,0.0677082
80,2522,260.4,342.4,169.4,180.4,265.4,16532,9124.74,5966.99,4480,0.19566,0.122288,0.0686584
81,2554,260.4,342.4,169.4,180.4,265.4,16532,9124.74,5966.99,4480,0.198891,0.124307,0.0696086
82,2586,260.4,342.4,169.4,180.4,265.4,16532,9124.74,5966.99,4480,0.202122,0.126326,0.0705588
83,2617,260.4,342.4,169.4,180.4,265.4,16532,9124.74,5998.13,4480,0.205353,0.128346,0.071509
84,2648,260.4,342.4,169.4,180.4,265.4,16532,9124.74,5998.13,4480,0.208584,0.130365,0.0724592
85,2680,260.4,342.4,169.4,180.4,265.4,16532,9124.74,5998.13,4480,0.211815,0.132384,0.0734094
86,2711,260.4,342.4,169.4,180.4,265.4,16532,9124.74,6029.26,4480,0.215046,0.134403,0.0743596
87,2742,260.4,342.4,169.4,180.4,265.4,16532,9124.74,6029.26,4480,0.218276,0.136423,0.0753098
88,2774,260.4,342.4,169.4,180.4,265.4,16532,9124.74,6029.26,4480,0.221507,0.138442,0.07626
89,2804,260.4,342.4,169.4,180.4,265.4,16532,9124.74,6029.26,4480,0.224738,0.140461,0.0772102
90,2833,260.4,342.4,169.4,180.4,265.4,16532,9124.74,6060.4,4480,0.227969,0.142481,0.0781604
91,2865,260.4,342.4,169.4,180.4,265.4,16532,9124.74,6060.4,4480,0.2312,0.1445,0.0791106
92,2896,260.4,342.4,169.4,180.4,265.4,16532,9124.74,6060.4,4480,0.234431,0.146519,0.0800608
93,2927,260.4,342.4,169.4,180.4,265.4,16532,9124.74,6091.54,4480,0.237662,0.148539,0.081011
94,2958,260.4,342.4,169.4,180.4,265.4,16532,9124.74,6091.54,4480,0.240893,0.150558,0.0819612
95,2990,260.4,342.4,169.4,180.4,265.4,16532,9124.74,6091.54,4480,0.244123,0.152577,0.0829114
96,3020,260.4,342.4,169.4,180.4,265.4,16532,9124.74,6091.54,4480,0.247354,0.154596,0.0838616
97,3050,260.4,342.4,169.4,180.4,265.4,16532,9124.74,6122.67,4480,0.250585,0.156616,0.0848118
98,3081,260.4,342.4,169.4,180.4,265.4,16532,9124.74,6122.67,4480,0.253816,0.158635,0.085762
99,3113,260.4,342.4,169.4,180.4,265.4,16532,9124.74,6122.67,4480,0.257047,0.160654,0.0867122
100,3143,260.4,342.4,169.4,180.4,265.4,16532,9124.74,6153.81,4480,0.260278,0.162674,0.0876624
101,3172,260.4,342.4,169.4,180.4,265.4,16532,9124.74,6153.81,4480,0.263509,0.164693,0.0886125
102,3202,260.4,342.4,169.4,180.4,265.4,16532,9124.74,6153.81,4480,0.266739,0.166712,0.0895627
103,3234,260.4,342.4,169.4,180.4,265.4,16532,9124.74,6153.81,4480,0.26997,0.168731,0.0905129
104,3263,260.4,342.4,169.4,180.4,265.4,16532,9124.74,6184.95,4480,0.273201,0.170751,0.0914631
105,3295,260.4,342.4,169.4,180.4,265.4,16532,9124.74,6184.95,4480,0.276432,0.17277,0.0924133
106,3326,260.4,342.4,169.4,180.4,265.4,16532,9124.74,6184.95,4480,0.279663,0.174789,0.0933635
107,3358,260.4,342.4,169.4,180.4,265.4,16532,9124.74,6184.95,4480,0.282894,0.176809,0.0943137
108,3389,260.4,342.4,169.4,180.4,265.4,16532,9124.74,6216.08,4480,0.286125,0.178828,0.0952639
109,3418,260.4,342.4,169.4,180.4,265.4,16532,9124.74,6216.08,4480,0.289356,0.180847,0.0962141
110,3449,260.4,342.4,169.4,180.4,265.4,16532,9124.74,6216.08,4480,0.292586,0.182867,0.0971643
111,3478,260.4,342.4,169.4,180.4,265.4,16532,9124.74,6216.08,4480,0.295817,0.184886,0.0981145
112,3508,260.4,342.4,169.4,180.4,265.4,16532,9124.74,6247.22,4480,0.299048,0.186905,0.0990647
113,3539,260.4,342.4,169.4,180.4,265.4,16532,9124.74,6247.22,4480,0.302279,0.188924,0.100015
114,3571,260.4,342.4,169.4,180.4,265.4,16532,9124.74,6247.22,4480,0.30551,0.190944,0.100965
115,3600,260.4,342.4,169.4,180.4,265.4,16532,9124.74,6247.22,4480,0.308741,0.192963,0.101915
116,3630,260.4,342.4,169.4,180.4,265.4,16532,9124.74,6278.35,4480,0.311972,0.194982,0.102866
117,3662,260.4,342.4,169.4,180.4,265.4,16532,9124.74,6278.35,4480,0.315203,0.197002,0.103816
118,3692,260.4,342.4,169.4,180.4,265.4,16532,9124.74,6278.35,4480,0.318433,0.199021,0.104766
119,3724,260.4,342.4,169.4,180.4,265.4,16532,9124.74,6309.49,4480,0.321664,0.20104,0.105716
120,3755,260.4,342.4,169.4,180.4,265.4,16532,9124.74,6309.49,4480,0.324895,0.203059,0.106666
121,3786,260.4,342.4,169.4,180.4,265.4,16532,9124.74,6309.49,4480,0.328126,0.205079,0.107617
122,3816,260.4,342.4,169.4,180.4,265.4,16532,9124.74,6309.49,4480,0.331357,0.207098,0.108567
123,3847,260.4,342.4,169.4,180.4,265.4,16532,9124.74,6340.63,4480,0.334588,0.209117,0.109517
124,3876,260.4,342.4,169.4,180.4,265.4,16532,9124.74,6340.63,4480,0.337819,0.211137,0.110467
125,3908,260.4,342.4,169.4,180.4,265.4,16532,9124.74,6340.63,4480,0.341049,0.213156,0.111417
126,3940,260.4,342.4,169.4,180.4,265.4,16532,9124.74,6340.63,4480,0.34428,0.215175,0.112367
127,3972,260.4,342.4,169.4,180.4,265.4,16532,9124.74,6371.76,4480,0.347511,0.217195,0.113318
128,4004,260.4,342.4,169.4,180.4,265.4,16532,9124.74,6371.76,4480,0.350742,0.219214,0.114268
129,4033,260.4,342.4,169.4,180.4,265.4,16532,9124.74,6371.76,4480,0.353973,0.221233,0.115218
130,4062,260.4,342.4,169.4,180.4,265.4,16532,9124.74,6371.76,4480,0.357204,0.223252,0.116168
131,4092,260.4,342.4,169.4,180.4,265.4,16532,9124.74,6371.76,4480,0.360435,0.225272,0.117118
132,4124,260.4,342.4,169.4,180.4,265.4,16532,9124.74,6402.9,4480,0.363666,0.227291,0.118069
133,4154,260.4,342.4,169.4,180.4,265.4,16532,9124.74,6402.9,4480,0.366896,0.22931,0.119019
134,4185,260.4,342.4,169.4,180.4,265.4,16532,9124.74,6402.9,4480,0.370127,0.23133,0.119969
135,4216,260.4,342.4,169.4,180.4,265.4,16532,9124.74,6402.9,4480,0.373358,0.233349,0.120919
136,4245,260.4,342.4,169.4,180.4,265.4,16532,9124.74,6434.03,4480,0.376589,0.235368,0.121869
137,4275,260.4,342.4,169.4,180.4,265.4,16532,9124.74,6434.03,4480,0.37982,0.237387,0.12282
138,4307,260.4,342.4,169.4,180.4,265.4,16532,9124.74,6434.03,4480,0.383051,0.239407,0.12377
139,4339,260.4,342.4,169.4,180.4,265.4,16532,9124.74,6434.03,4480,0.386282,0.241426,0.12472
140,4368,260.4,342.4,169.4,180.4,265.4,16532,9124.74,6465.17,4480,0.389513,0.243445,0.12567
141,4397,260.4,342.4,169.4,180.4,265.4,16532,9124.74,6465.17,4480,0.392743,0.245465,0.12662
142,4428,260.4,342.4,169.4,180.4,265.4,16532,9124.74,6465.17,4480,0.395974,0.247484,0.127571
143,4460,260.4,342.4,169.4,180.4,265.4,16532,9124.74,6465.17,4480,0.399205,0.249503,0.128521
144,4489,260.4,342.4,169.4,180.4,265.4,16532,9124.74,6465.17,4480,0.402436,0.251522,0.129471
145,4521,260.4,342.4,169.4,180.4,265.4,16532,9124.74,6496.31,4480,0.405667,0.253542,0.130421
146,4553,260.4,342.4,169.4,180.4,265.4,16532,9124.74,6496.31,4480,0.408898,0.255561,0.131371
147,4584,260.4,342.4,169.4,180.4,265.4,16532,9124.74,6496.31,4480,0.412129,0.25758,0.132322
148,4616,260.4,342.4,169.4,180.4,265.4,16532,9124.74,6496.31,4480,0.415359,0.2596,0.133272
149,4647,260.4,342.4,169.4,180.4,265.4,16532,9124.74,6527.44,4480,0.41859,0.261619,0.134222
150,4679,260.4,342.4,169.4,180.4,265.4,16532,9124.74,6527.44,4480,0.421821,0.263638,0.135172
151,4710,260.4,342.4,169.4,180.4,265.4,16532,9124.74,6527.44,4480,0.425052,0.265658,0.136122
152,4742,260.4,342.4,169.4,180.4,265.4,16532,9124.74,6527.44,4480,0.428283,0.267677,0.137073
153,4774,260.4,342.4,169.4,180.4,265.4,16532,9124.74,6558.58,4480,0.431514,0.269696,0.138023
154,4805,260.4,342.4,169.4,180.4,265.4,16532,9124.74,6558.58,4480,0.434745,0.271715,0.138973
155,4837,260.4,342.4,169.4,180.4,265.4,16532,9124.74,6558.58,4480,0.437976,0.273735,0.139923
156,4867,260.4,342.4,169.4,180.4,265.4,16532,9124.74,6558.58,4480,0.441206,0.275754,0.140873
157,4897,260.4,342.4,169.4,180.4,265.4,16532,9124.74,6558.58,4480,0.444437,0.277773,0.141824
158,4928,260.4,342.4,169.4,180.4,265.4,16532,9124.74,6589.71,4480,0.447668,0.279793,0.142774
159,4959,260.4,342.4,169.4,180.4,265.4,16532,9124.74,6589.71,4480,0.450899,0.281812,0.143724
160,4990,260.4,342.4,169.4,180.4,265.4,16532,9124.74,6589.71,4480,0.45413,0.283831,0.144674
161,5018,260.4,342.4,169.4,180.4,265.4,16532,9124.74,6589.71,4480,0.457361,0.28585,0.145624
162,5048,260.4,342.4,169.4,180.4,265.4,16532,9124.74,6620.85,4480,0.460592,0.28787,0.146575
163,5078,260.4,342.4,169.4,180.4,265.4,16532,9124.74,6620.85,4480,0.463822,0.289889,0.147525
164,5108,260.4,342.4,169.4,180.4,265.4,16532,9124.74,6620.85,4480,0.467053,0.291908,0.148475
165,5136,260.4,342.4,169.4,180.4,265.4,16532,9124.74,6620.85,4480,0.470284,0.293928,0.149425
166,5167,260.4,342.4,169.4,180.4,265.4,16532,9124.74,6620.85,4480,0.473515,0.295947,0.150375
167,5197,260.4,342.4,169.4,180.4,265.4,16532,9124.74,6651.99,4480,0.476746,0.297966,0.151326
168,5228,260.4,342.4,169.4,180.4,265.4,16532,9124.74,6651.99,4480,0.479977,0.299986,0.152276
169,5257,260.4,342.4,169.4,180.4,265.4,16532,9124.74,6651.99,4480,0.483208,0.302005,0.153226
170,5284,260.4,342.4,169.4,180.4,265.4,16532,9124.74,6651.99,4480,0.486439,0.304024,0.154176
171,5315,260.4,342.4,169.4,180.4,265.4,16532,9124.74,6651.99,4480,0.489669,0.306043,0.155126
172,5346,260.4,342.4,169.4,180.4,265.4,16532,9124.74,6683.12,4480,0.4929,0.308063,0.156077
173,5375,260.4,342.4,169.4,180.4,265.4,16532,9124.74,6683.12,4480,0.496131,0.310082,0.157027
174,5405,260.4,342.4,169.4,180.4,265.4,16532,9124.74,6683.12,4480,0.499362,0.312101,0.157977
175,5434,260.4,342.4,169.4,180.4,265.4,16532,9124.74,6683.12,4480,0.502593,0.314121,0.158927
176,5466,260.4,342.4,169.4,180.4,265.4,16532,9124.74,6683.12,4480,0.505824,0.31614,0.159877
177,5498,260.4,342.4,169.4,180.4,265.4,16532,9124.74,6714.26,4480,0.509055,0.318159,0.160828
178,5530,260.4,342.4,169.4,180.4,265.4,16532,9124.74,6714.26,4480,0.512286,0.320178,0.161778
179,5560,260.4,342.4,169.4,180.4,265.4,16532,9124.74,6714.26,4480,0.515516,0.322198,0.162728
180,5592,260.4,342.4,169.4,180.4,265.4,16532,9124.74,6714.26,4480,0.518747,0.324217,0.163678
181,5622,260.4,342.4,169.4,180.4,265.4,16532,9124.74,6714.26,4480,0.521978,0.326236,0.164628
182,5653,260.4,342.4,169.4,180.4,265.4,16532,9124.74,6745.39,4480,0.525209,0.328256,0.165579
183,5684,260.4,342.4,169.4,180.4,265.4,16532,9124.74,6745.39,4480,0.52844,0.330275,0.166529
184,5715,260.4,342.4,169.4,180.4,265.4,16532,9124.74,6745.39,4480,0.531671,0.332294,0.167479
185,5745,260.4,342.4,169.4,180.4,265.4,16532,9124.74,6745.39,4480,0.534902,0.334313,0.168429
186,5775,260.4,342.4,169.4,180.4,265.4,16532,9124.74,6745.39,4480,0.538132,0.336333,0.169379
187,5806,260.4,342.4,169.4,180.4,265.4,16532,9124.74,6776.53,4480,0.541363,0.338352,0.17033
188,5837,260.4,342.4,169.4,180.4,265.4,16532,9124.74,6776.53,4480,0.544594,0.340371,0.17128
189,5867,260.4,342.4,169.4,180.4,265.4,16532,9124.74,6776.53,4480,0.547825,0.342391,0.17223
190,5898,260.4,342.4,169.4,180.4,265.4,16532,9124.74,6776.53,4480,0.551056,0.34441,0.17318
191,5925,260.4,342.4,169.4,180.4,265.4,16532,9124.74,6776.53,4480,0.554287,0.346429,0.17413
192,5955,260.4,342.4,169.4,180.4,265.4,16532,9124.74,6807.67,4480,0.557518,0.348449,0.175081
193,5985,260.4,342.4,169.4,180.4,265.4,16532,9124.74,6807.67,4480,0.560749,0.350468,0.176031
194,6016,260.4,342.4,169.4,180.4,265.4,16532,9124.74,6807.67,4480,0.563979,0.352487,0.176981
195,6047,260.4,342.4,169.4,180.4,265.4,16532,9124.74,6807.67,4480,0.56721,0.354506,0.177931
196,6077,260.4,342.4,169.4,180.4,265.4,16532,9124.74,6807.67,4480,0.570441,0.356526,0.178881
197,6106,260.4,342.4,169.4,180.4,265.4,16532,9124.74,6838.8,4480,0.573672,0.358545,0.179832
198,6133,260.4,342.4,169.4,180.4,265.4,16532,9124.74,6838.8,4480,0.576903,0.360564,0.180782
199,6161,260.4,342.4,169.4,180.4,265.4,16532,9124.74,6838.8,4480,0.580134,0.362584,0.181732
200,6191,260.4,342.4,169.4,180.4,265.4,16532,9124.74,6838.8,4480,0.583365,0.364603,0.182682
201,6220,260.4,342.4,169.4,180.4,265.4,16532,9124.74,6838.8,4480,0.586595,0.366622,0.183632
202,6250,260.4,342.4,169.4,180.4,265.4,16532,9124.74,6869.94,4480,0.589826,0.368641,0.184583
203,6282,260.4,342.4,169.4,180.4,265.4,16532,9124.74,6869.94,4480,0.593057,0.370661,0.185533
204,6311,260.4,342.4,169.4,180.4,265.4,16532,9124.74,6869.94,4480,0.596288,0.37268,0.186483
205,6343,260.4,342.4,169.4,180.4,265.4,16532,9124.74,6869.94,4480,0.599519,0.374699,0.187433
206,6372,260.4,342.4,169.4,180.4,265.4,16532,9124.74,6869.94,4480,0.60275,0.376719,0.188383
207,6402,260.4,342.4,169.4,180.4,265.4,16532,9124.74,6901.08,4480,0.605981,0.378738,0.189334
208,6431,260.4,342.4,169.4,180.4,265.4,16532,9124.74,6901.08,4480,0.609212,0.380757,0.190284
209,6460,260.4,342.4,169.4,180.4,265.4,16532,9124.74,6901.08,4480,0.612442,0.382777,0.191234
210,6488,260.4,342.4,169.4,180.4,265.4,16532,9124.74,6901.08,4480,0.615673,0.384796,0.192184
211,6520,260.4,342.4,169.4,180.4,265.4,16532,9124.74,6901.08,4480,0.618904,0.386815,0.193134
212,6551,260.4,342.4,169.4,180.4,265.4,16532,9124.74,6901.08,4480,0.622135,0.388834,0.194085
213,6583,260.4,342.4,169.4,180.4,265.4,16532,9124.74,6932.21,4480,0.625366,0.390854,0.195035
214,6614,260.4,342.4,169.4,180.4,265.4,16532,9124.74,6932.21,4480,0.628597,0.392873,0.195985
215,6639,260.4,342.4,169.4,180.4,265.4,16532,9124.74,6932.21,4480,0.631828,0.394892,0.196935
216,6669,260.4,342.4,169.4,180.4,265.4,16532,9124.74,6932.21,4480,0.635059,0.396912,0.197885
217,6697,260.4,342.4,169.4,180.4,265.4,16532,9124.74,6932.21,4480,0.638289,0.398931,0.198836
218,6727,260.4,342.4,169.4,180.4,265.4,16532,9124.74,6963.35,4480,0.64152,0.40095,0.199786
219,6758,260.4,342.4,169.4,180.4,265.4,16532,9124.74,6963.35,4480,0.644751,0.402969,0.200736
220,6788,260.4,342.4,169.4,180.4,265.4,16532,9124.74,6963.35,4480,0.647982,0.404989,0.201686
221,6819,260.4,342.4,169.4,180.4,265.4,16532,9124.74,6963.35,4480,0.651213,0.407008,0.202636
222,6849,260.4,342.4,169.4,180.4,265.4,16532,9124.74,6963.35,4480,0.654444,0.409027,0.203587
223,6880,260.4,342.4,169.4,180.4,265.4,16532,9124.74,6963.35,4480,0.657675,0.411047,0.204537
224,6909,260.4,342.4,169.4,180.4,265.4,16532,9124.74,6994.48,4480,0.660905,0.413066,0.205487
225,6941,260.4,342.4,169.4,180.4,265.4,16532,9124.74,6994.48,4480,0.664136,0.415085,0.206437
226,6971,260.4,342.4,169.4,180.4,265.4,16532,9124.74,6994.48,4480,0.667367,0.417105,0.207387
227,7003,260.4,342.4,169.4,180.4,265.4,16532,9124.74,6994.48,4480,0.670598,0.419124,0.208337
228,7033,260.4,342.4,169.4,180.4,265.4,16532,9124.74,6994.48,4480,0.673829,0.421143,0.209288
229,7063,260.4,342.4,169.4,180.4,265.4,16532,9124.74,7025.62,4480,0.67706,0.423162,0.210238
230,7093,260.4,342.4,169.4,180.4,265.4,16532,9124.74,7025.62,4480,0.680291,0.425182,0.211188
231,7123,260.4,342.4,169.4,180.4,265.4,16532,9124.74,7025.62,4480,0.683522,0.427201,0.212138
232,7150,260.4,342.4,169.4,180.4,265.4,16532,9124.74,7025.62,4480,0.686752,0.42922,0.213088
233,7180,260.4,342.4,169.4,180.4,265.4,16532,9124.74,7025.62,4480,0.689983,0.43124,0.214039
234,7208,260.4,342.4,169.4,180.4,265.4,16532,9124.74,7025.62,4480,0.693214,0.433259,0.214989
235,7239,260.4,342.4,169.4,180.4,265.4,16532,9124.74,7056.76,4480,0.696445,0.435278,0.215939
236,7269,260.4,342.4,169.4,180.4,265.4,16532,9124.74,7056.76,4480,0.699676,0.437297,0.216889
237,7297,260.4,342.4,169.4,180.4,265.4,16532,9124.74,7056.76,4480,0.702907,0.439317,0.217839
238,7328,260.4,342.4,169.4,180.4,265.4,16532,9124.74,7056.76,4480,0.706138,0.441336,0.21879
239,7356,260.4,342.4,169.4,180.4,265.4,16532,9124.74,7056.76,4480,0.709369,0.443355,0.21974
240,7386,260.4,342.4,169.4,180.4,265.4,16532,9124.74,7056.76,4480,0.712599,0.445375,0.22069
241,7415,260.4,342.4,169.4,180.4,265.4,16532,9124.74,7087.89,4480,0.71583,0.447394,0.22164
242,7444,260.4,342.4,169.4,180.4,265.4,16532,9124.74,7087.89,4480,0.719061,0.449413,0.22259
243,7476,260.4,342.4,169.4,180.4,265.4,16532,9124.74,7087.89,4480,0.722292,0.451432,0.223541
244,7505,260.4,342.4,169.4,180.4,265.4,16532,9124.74,7087.89,4480,0.725523,0.453452,0.224491
245,7537,260.4,342.4,169.4,180.4,265.4,16532,9124.74,7087.89,4480,0.728754,0.455471,0.225441
246,7568,260.4,342.4,169.4,180.4,265.4,16532,9124.74,7087.89,4480,0.731985,0.45749,0.226391
247,7597,260.4,342.4,169.4,180.4,265.4,16532,9124.74,7119.03,4480,0.735215,0.45951,0.227341
248,7627,260.4,342.4,169.4,180.4,265.4,16532,9124.74,7119.03,4480,0.738446,0.461529,0.228292
249,7656,260.4,342.4,169.4,180.4,265.4,16532,9124.74,7119.03,4480,0.741677,0.463548,0.229242
250,7683,260.4,342.4,169.4,180.4,265.4,16532,9124.74,7119.03,4480,0.744908,0.465568,0.230192
251,7712,260.4,342.4,169.4,180.4,265.4,16532,9124.74,7119.03,4480,0.748139,0.467587,0.231142
252,7744,260.4,342.4,169.4,180.4,265.4,16532,9124.74,7119.03,4480,0.75137,0.469606,0.232092
253,7770,260.4,342.4,169.4,180.4,265.4,16532,9124.74,7150.16,4480,0.754601,0.471625,0.233043
254,7800,260.4,342.4,169.4,180.4,265.4,16532,9124.74,7150.16,4480,0.757832,0.473645,0.233993
255,7830,260.4,342.4,169.4,180.4,265.4,16532,9124.74,7150.16,4480,0.761062,0.475664,0.234943
256,7860,260.4,342.4,169.4,180.4,265.4,16532,9124.74,7150.16,4480,0.764293,0.477683,0.235893
257,7889,260.4,342.4,169.4,180.4,265.4,16532,9124.74,7150.16,4480,0.767524,0.479703,0.236843
258,7917,260.4,342.4,169.4,180.4,265.4,16532,9124.74,7150.16,4480,0.770755,0.481722,0.237794
259,7947,260.4,342.4,169.4,180.4,265.4,16532,9124.74,7181.3,4480,0.773986,0.483741,0.238744
260,7977,260.4,342.4,169.4,180.4,265.4,16532,9124.74,7181.3,4480,0.777217,0.48576,0.239694
261,8008,260.4,342.4,169.4,180.4,265.4,16532,9124.74,7181.3,4480,0.780448,0.48778,0.240644
262,8038,260.4,342.4,169.4,180.4,265.4,16532,9124.74,7181.3,4480,0.783678,0.489799,0.241594
263,8066,260.4,342.4,169.4,180.4,265.4,16532,9124.74,7181.3,4480,0.786909,0.491818,0.242545
264,8095,260.4,342.4,169.4,180.4,265.4,16532,9124.74,7181.3,4480,0.79014,0.493838,0.243495
265,8124,260.4,342.4,169.4,180.4,265.4,16532,9124.74,7212.44,4480,0.793371,0.495857,0.244445
266,8154,260.4,342.4,169.4,180.4,265.4,16532,9124.74,7212.44,4480,0.796602,0.497876,0.245395
267,8184,260.4,342.4,169.4,180.4,265.4,16532,9124.74,7212.44,4480,0.799833,0.499896,0.246345
268,8215,260.4,342.4,169.4,180.4,265.4,16532,9124.74,7212.44,4480,0.803064,0.501915,0.247296
269,8244,260.4,342.4,169.4,180.4,265.4,16532,9124.74,7212.44,4480,0.806295,0.503934,0.248246
270,8274,260.4,342.4,169.4,180.4,265.4,16532,9124.74,7212.44,4480,0.809525,0.505953,0.249196
271,8304,260.4,342.4,169.4,180.4,265.4,16532,9124.74,7243.57,4480,0.812756,0.507973,0.250146
272,8331,260.4,342.4,169.4,180.4,265.4,16532,9124.74,7243.57,4480,0.815987,0.509992,0.251096
273,8360,260.4,342.4,169.4,180.4,265.4,16532,9124.74,7243.57,4480,0.819218,0.512011,0.252047
274,8390,260.4,342.4,169.4,180.4,265.4,16532,9124.74,7243.57,4480,0.822449,0.514031,0.252997
275,8419,260.4,342.4,169.4,180.4,265.4,16532,9124.74,7243.57,4480,0.82568,0.51605,0.253947
276,8446,260.4,342.4,169.4,180.4,265.4,16532,9124.74,7243.57,4480,0.828911,0.518069,0.254897
277,8477,260.4,342.4,169.4,180.4,265.4,16532,9124.74,7274.71,4480,0.832142,0.520088,0.255847
278,8506,260.4,342.4,169.4,180.4,265.4,16532,9124.74,7274.71,4480,0.835372,0.522108,0.256798
279,8535,260.4,342.4,169.4,180.4,265.4,16532,9124.74,7274.71,4480,0.838603,0.524127,0.257748
280,8566,260.4,342.4,169.4,180.4,265.4,16532,9124.74,7274.71,4480,0.841834,0.526146,0.258698
281,8594,260.4,342.4,169.4,180.4,265.4,16532,9124.74,7274.71,4480,0.845065,0.528166,0.259648
282,8625,260.4,342.4,169.4,180.4,265.4,16532,9124.74,7274.71,4480,0.848296,0.530185,0.260598
283,8656,260.4,342.4,169.4,180.4,265.4,16532,9124.74,7305.84,4480,0.851527,0.532204,0.261549
284,8686,260.4,342.4,169.4,180.4,265.4,16532,9124.74,7305.84,4480,0.854758,0.534223,0.262499
285,8718,260.4,342.4,169.4,180.4,265.4,16532,9124.74,7305.84,4480,0.857988,0.536243,0.263449
286,8745,260.4,342.4,169.4,180.4,265.4,16532,9124.74,7305.84,4480,0.861219,0.538262,0.264399
287,8774,260.4,342.4,169.4,180.4,265.4,16532,9124.74,7305.84,4480,0.86445,0.540281,0.265349
288,8802,260.4,342.4,169.4,180.4,265.4,16532,9124.74,7305.84,4480,0.867681,0.542301,0.2663
289,8829,260.4,342.4,169.4,180.4,265.4,16532,9124.74,7305.84,4480,0.870912,0.54432,0.26725
290,8858,260.4,342.4,169.4,180.4,265.4,16532,9124.74,7336.98,4480,0.874143,0.546339,0.2682
291,8886,260.4,342.4,169.4,180.4,265.4,16532,9124.74,7336.98,4480,0.877374,0.548359,0.26915
292,8914,260.4,342.4,169.4,180.4,265.4,16532,9124.74,7336.98,4480,0.880605,0.550378,0.2701
293,8943,260.4,342.4,169.4,180.4,265.4,16532,9124.74,7336.98,4480,0.883835,0.552397,0.271051
294,8973,260.4,342.4,169.4,180.4,265.4,16532,9124.74,7336.98,4480,0.887066,0.554416,0.272001
295,9000,260.4,342.4,169.4,180.4,265.4,16532,9124.74,7336.98,4480,0.890297,0.556436,0.272951
296,9026,260.4,342.4,169.4,180.4,265.4,16532,9124.74,7368.12,4480,0.893528,0.558455,0.273901
297,9058,260.4,342.4,169.4,180.4,265.4,16532,9124.74,7368.12,4480,0.896759,0.560474,0.274851
298,9089,260.4,342.4,169.4,180.4,265.4,16532,9124.74,7368.12,4480,0.89999,0.562494,0.275802
299,9117,260.4,342.4,169.4,180.4,265.4,16532,9124.74,7368.12,4480,0.903221,0.564513,0.276752
300,9146,260.4,342.4,169.4,180.4,265.4,16532,9124.74,7368.12,4480,0.906451,0.566532,0.277702
301,9176,260.4,342.4,169.4,180.4,265.4,16532,9124.74,7368.12,4480,0.909682,0.568551,0.278652
302,9207,260.4,342.4,169.4,180.4,265.4,16532,9124.74,7368.12,4480,0.912913,0.570571,0.279602
303,9237,260.4,342.4,169.4,180.4,265.4,16532,9124.74,7399.25,4480,0.916144,0.57259,0.280553
304,9268,260.4,342.4,169.4,180.4,265.4,16532,9124.74,7399.25,4480,0.919375,0.574609,0.281503
305,9298,260.4,342.4,169.4,180.4,265.4,16532,9124.74,7399.25,4480,0.922606,0.576629,0.282453
306,9329,260.4,342.4,169.4,180.4,265.4,16532,9124.74,7399.25,4480,0.925837,0.578648,0.283403
307,9360,260.4,342.4,169.4,180.4,265.4,16532,9124.74,7399.25,4480,0.929068,0.580667,0.284353
308,9390,260.4,342.4,169.4,180.4,265.4,16532,9124.74,7399.25,4480,0.932298,0.582687,0.285304
309,9421,260.4,342.4,169.4,180.4,265.4,16532,9124.74,7430.39,4480,0.935529,0.584706,0.286254
310,9448,260.4,342.4,169.4,180.4,265.4,16532,9124.74,7430.39,4480,0.93876,0.586725,0.287204
311,9473,260.4,342.4,169.4,180.4,265.4,16532,9124.74,7430.39,4480,0.941991,0.588744,0.288154
312,9504,260.4,342.4,169.4,180.4,265.4,16532,9124.74,7430.39,4480,0.945222,0.590764,0.289104
313,9531,260.4,342.4,169.4,180.4,265.4,16532,9124.74,7430.39,4480,0.948453,0.592783,0.290055
314,9559,260.4,342.4,169.4,180.4,265.4,16532,9124.74,7430.39,4480,0.951684,0.594802,0.291005
315,9589,260.4,342.4,169.4,180.4,265.4,16532,9124.74,7430.39,4480,0.954915,0.596822,0.291955
316,9618,260.4,342.4,169.4,180.4,265.4,16532,9124.74,7461.52,4480,0.958145,0.598841,0.292905
317,9647,260.4,342.4,169.4,180.4,265.4,16532,9124.74,7461.52,4480,0.961376,0.60086,0.293855
318,9678,260.4,342.4,169.4,180.4,265.4,16532,9124.74,7461.52,4480,0.964607,0.602879,0.294806
319,9707,260.4,342.4,169.4,180.4,265.4,16532,9124.74,7461.52,4480,0.967838,0.604899,0.295756
320,9737,260.4,342.4,169.4,180.4,265.4,16532,9124.74,7461.52,4480,0.971069,0.606918,0.296706
321,9767,260.4,342.4,169.4,180.4,265.4,16532,9124.74,7461.52,4480,0.9743,0.608937,0.297656
322,9795,260.4,342.4,169.4,180.4,265.4,16532,9124.74,7461.52,4480,0.977531,0.610957,0.298606
323,9826,260.4,342.4,169.4,180.4,265.4,16532,9124.74,7492.66,4480,0.980761,0.612976,0.299556
324,9855,260.4,342.4,169.4,180.4,265.4,16532,9124.74,7492.66,4480,0.983992,0.614995,0.300507
325,9887,260.4,342.4,169.4,180.4,265.4,16532,9124.74,7492.66,4480,0.987223,0.617015,0.301457
326,9916,260.4,342.4,169.4,180.4,265.4,16532,9124.74,7492.66,4480,0.990454,0.619034,0.302407
327,9946,260.4,342.4,169.4,180.4,265.4,16532,9124.74,7492.66,4480,0.993685,0.621053,0.303357
328,9977,260.4,342.4,169.4,180.4,265.4,16532,9124.74,7492.66,4480,0.996916,0.623072,0.304307
329,10008,260.4,342.4,169.4,180.4,265.4,16532,9124.74,7523.8,4480,1.00015,0.625092,0.305258
330,10038,260.4,342.4,169.4,180.4,265.4,16532,9124.74,7523.8,4480,1.00338,0.627111,0.306208
331,10067,260.4,342.4,169.4,180.4,265.4,16532,9124.74,7523.8,4480,1.00661,0.62913,0.307158
332,10096,260.4,342.4,169.4,180.4,265.4,16532,9124.74,7523.8,4480,1.00984,0.63115,0.308108
333,10124,260.4,342.4,169.4,180.4,265.4,16532,9124.74,7523.8,4480,1.01307,0.633169,0.309058
334,10154,260.4,342.4,169.4,180.4,265.4,16532,9124.74,7523.8,4480,1.0163,0.635188,0.310009
335,10184,260.4,342.4,169.4,180.4,265.4,16532,9124.74,7523.8,4480,1.01953,0.637207,0.310959
336,10208,260.4,342.4,169.4,180.4,265.4,16532,9124.74,7554.93,4480,1.02276,0.639227,0.311909
337,10239,260.4,342.4,169.4,180.4,265.4,16532,9124.74,7554.93,4480,1.02599,0.641246,0.312859
338,10268,260.4,342.4,169.4,180.4,265.4,16532,9124.74,7554.93,4480,1.02922,0.643265,0.313809
339,10290,260.4,342.4,169.4,180.4,265.4,16532,9124.74,7554.93,4480,1.03246,0.645285,0.31476
340,10315,260.4,342.4,169.4,180.4,265.4,16532,9124.74,7554.93,4480,1.03569,0.647304,0.31571
341,10343,260.4,342.4,169.4,180.4,265.4,16532,9124.74,7554.93,4480,1.03892,0.649323,0.31666
342,10372,260.4,342.4,169.4,180.4,265.4,16532,9124.74,7554.93,4480,1.04215,0.651342,0.31761
343,10401,260.4,342.4,169.4,180.4,265.4,16532,9124.74,7554.93,4480,1.04538,0.653362,0.31856
344,10430,260.4,342.4,169.4,180.4,265.4,16532,9124.74,7586.07,4480,1.04861,0.655381,0.319511
345,10458,260.4,342.4,169.4,180.4,265.4,16532,9124.74,7586.07,4480,1.05184,0.6574,0.320461
346,10486,260.4,342.4,169.4,180.4,265.4,16532,9124.74,7586.07,4480,1.05507,0.65942,0.321411
347,10516,260.4,342.4,169.4,180.4,265.4,16532,9124.74,7586.07,4480,1.0583,0.661439,0.322361
348,10546,260.4,342.4,169.4,180.4,265.4,16532,9124.74,7586.07,4480,1.06153,0.663458,0.323311
349,10578,260.4,342.4,169.4,180.4,265.4,16532,9124.74,7586.07,4480,1.06476,0.665478,0.324262
350,10606,260.4,342.4,169.4,180.4,265.4,16532,9124.74,7586.07,4480,1.06799,0.667497,0.325212
351,10637,260.4,342.4,169.4,180.4,265.4,16532,9124.74,7617.21,4480,1.07123,0.669516,0.326162
352,10667,260.4,342.4,169.4,180.4,265.4,16532,9124.74,7617.21,4480,1.07446,0.671535,0.327112
353,10696,260.4,342.4,169.4,180.4,265.4,16532,9124.74,7617.21,4480,1.07769,0.673555,0.328062
354,10724,260.4,342.4,169.4,180.4,265.4,16532,9124.74,7617.21,4480,1.08092,0.675574,0.329013
355,10755,260.4,342.4,169.4,180.4,265.4,16532,9124.74,7617.21,4480,1.08415,0.677593,0.329963
356,10783,260.4,342.4,169.4,180.4,265.4,16532,9124.74,7617.21,4480,1.08738,0.679613,0.330913
357,10812,260.4,342.4,169.4,180.4,265.4,16532,9124.74,7617.21,4480,1.09061,0.681632,0.331863
358,10840,260.4,342.4,169.4,180.4,265.4,16532,9124.74,7648.34,4480,1.09384,0.683651,0.332813
359,10871,260.4,342.4,169.4,180.4,265.4,16532,9124.74,7648.34,4480,1.09707,0.68567,0.333764
360,10902,260.4,342.4,169.4,180.4,265.4,16532,9124.74,7648.34,4480,1.1003,0.68769,0.334714
361,10932,260.4,342.4,169.4,180.4,265.4,16532,9124.74,7648.34,4480,1.10353,0.689709,0.335664
362,10959,260.4,342.4,169.4,180.4,265.4,16532,9124.74,7648.34,4480,1.10677,0.691728,0.336614
363,10987,260.4,342.4,169.4,180.4,265.4,16532,9124.74,7648.34,4480,1.11,0.693748,0.337564
364,11016,260.4,342.4,169.4,180.4,265.4,16532,9124.74,7648.34,4480,1.11323,0.695767,0.338515
365,11047,260.4,342.4,169.4,180.4,265.4,16532,9124.74,7679.48,4480,1.11646,0.697786,0.339465
366,11074,260.4,342.4,169.4,180.4,265.4,16532,9124.74,7679.48,4480,1.11969,0.699806,0.340415
367,11101,260.4,342.4,169.4,180.4,265.4,16532,9124.74,7679.48,4480,1.12292,0.701825,0.341365
368,11128,260.4,342.4,169.4,180.4,265.4,16532,9124.74,7679.48,4480,1.12615,0.703844,0.342315
369,11157,260.4,342.4,169.4,180.4,265.4,16532,9124.74,7679.48,4480,1.12938,0.705863,0.343266
370,11187,260.4,342.4,169.4,180.4,265.4,16532,9124.74,7679.48,4480,1.13261,0.707883,0.344216
371,11216,260.4,342.4,169.4,180.4,265.4,16532,9124.74,7679.48,4480,1.13584,0.709902,0.345166
372,11245,260.4,342.4,169.4,180.4,265.4,16532,9124.74,7710.61,4480,1.13907,0.711921,0.346116
373,11274,260.4,342.4,169.4,180.4,265.4,16532,9124.74,7710.61,4480,1.1423,0.713941,0.347066
374,11300,260.4,342.4,169.4,180.4,265.4,16532,9124.74,7710.61,4480,1.14554,0.71596,0.348017
375,11330,260.4,342.4,169.4,180.4,265.4,16532,9124.74,7710.61,4480,1.14877,0.717979,0.348967
376,11358,260.4,342.4,169.4,180.4,265.4,16532,9124.74,7710.61,4480,1.152,0.719998,0.349917
377,11387,260.4,342.4,169.4,180.4,265.4,16532,9124.74,7710.61,4480,1.15523,0.722018,0.350867
378,11418,260.4,342.4,169.4,180.4,265.4,16532,9124.74,7710.61,4480,1.15846,0.724037,0.351817
379,11447,260.4,342.4,169.4,180.4,265.4,16532,9124.74,7710.61,4480,1.16169,0.726056,0.352768
380,11477,260.4,342.4,169.4,180.4,265.4,16532,9124.74,7741.75,4480,1.16492,0.728076,0.353718
381,11506,260.4,342.4,169.4,180.4,265.4,16532,9124.74,7741.75,4480,1.16815,0.730095,0.354668
382,11536,260.4,342.4,169.4,180.4,265.4,16532,9124.74,7741.75,4480,1.17138,0.732114,0.355618
383,11565,260.4,342.4,169.4,180.4,265.4,16532,9124.74,7741.75,4480,1.17461,0.734133,0.356568
384,11592,260.4,342.4,169.4,180.4,265.4,16532,9124.74,7741.75,4480,1.17784,0.736153,0.357519
385,11622,260.4,342.4,169.4,180.4,265.4,16532,9124.74,7741.75,4480,1.18108,0.738172,0.358469
386,11653,260.4,342.4,169.4,180.4,265.4,16532,9124.74,7741.75,4480,1.18431,0.740191,0.359419
387,11682,260.4,342.4,169.4,180.4,265.4,16532,9124.74,7772.89,4480,1.18754,0.742211,0.360369
388,11710,260.4,342.4,169.4,180.4,265.4,16532,9124.74,7772.89,4480,1.19077,0.74423,0.361319
389,11739,260.4,342.4,169.4,180.4,265.4,16532,9124.74,7772.89,4480,1.194,0.746249,0.36227
390,11770,260.4,342.4,169.4,180.4,265.4,16532,9124.74,7772.89,4480,1.19723,0.748269,0.36322
391,11799,260.4,342.4,169.4,180.4,265.4,16532,9124.74,7772.89,4480,1.20046,0.750288,0.36417
392,11829,260.4,342.4,169.4,180.4,265.4,16532,9124.74,7772.89,4480,1.20369,0.752307,0.36512
393,11859,260.4,342.4,169.4,180.4,265.4,16532,9124.74,7772.89,4480,1.20692,0.754326,0.36607
394,11884,260.4,342.4,169.4,180.4,265.4,16532,9124.74,7804.02,4480,1.21015,0.756346,0.367021
395,11911,260.4,342.4,169.4,180.4,265.4,16532,9124.74,7804.02,4480,1.21338,0.758365,0.367971
396,11940,260.4,342.4,169.4,180.4,265.4,16532,9124.74,7804.02,4480,1.21661,0.760384,0.368921
397,11967,260.4,342.4,169.4,180.4,265.4,16532,9124.74,7804.02,4480,1.21985,0.762404,0.369871
398,11994,260.4,342.4,169.4,180.4,265.4,16532,9124.74,7804.02,4480,1.22308,0.764423,0.370821
399,12021,260.4,342.4,169.4,180.4,265.4,16532,9124.74,7804.02,4480,1.22631,0.766442,0.371772
400,12046,260.4,342.4,169.4,180.4,265.4,16532,9124.74,7804.02,4480,1.22954,0.768461,0.372722
401,12073,260.4,342.4,169.4,180.4,265.4,16532,9124.74,7804.02,4480,1.23277,0.770481,0.373672
402,12103,260.4,342.4,169.4,180.4,265.4,16532,9124.74,7835.16,4480,1.236,0.7725,0.374622
403,12132,260.4,342.4,169.4,180.4,265.4,16532,9124.74,7835.16,4480,1.23923,0.774519,0.375572
404,12161,260.4,342.4,169.4,180.4,265.4,16532,9124.74,7835.16,4480,1.24246,0.776539,0.376523
405,12189,260.4,342.4,169.4,180.4,265.4,16532,9124.74,7835.16,4480,1.24569,0.778558,0.377473
406,12216,260.4,342.4,169.4,180.4,265.4,16532,9124.74,7835.16,4480,1.24892,0.780577,0.378423
407,12244,260.4,342.4,169.4,180.4,265.4,16532,9124.74,7835.16,4480,1.25215,0.782597,0.379373
408,12270,260.4,342.4,169.4,180.4,265.4,16532,9124.74,7835.16,4480,1.25539,0.784616,0.380323
409,12300,260.4,342.4,169.4,180.4,265.4,16532,9124.74,7835.16,4480,1.25862,0.786635,0.381274
410,12326,260.4,342.4,169.4,180.4,265.4,16532,9124.74,7866.29,4480,1.26185,0.788654,0.382224
411,12352,260.4,342.4,169.4,180.4,265.4,16532,9124.74,7866.29,4480,1.26508,0.790674,0.383174
412,12382,260.4,342.4,169.4,180.4,265.4,16532,9124.74,7866.29,4480,1.26831,0.792693,0.384124
413,12410,260.4,342.4,169.4,180.4,265.4,16532,9124.74,7866.29,4480,1.27154,0.794712,0.385074
414,12438,260.4,342.4,169.4,180.4,265.4,16532,9124.74,7866.29,4480,1.27477,0.796732,0.386025
415,12463,260.4,342.4,169.4,180.4,265.4,16532,9124.74,7866.29,4480,1.278,0.798751,0.386975
416,12491,260.4,342.4,169.4,180.4,265.4,16532,9124.74,7866.29,4480,1.28123,0.80077,0.387925
417,12520,260.4,342.4,169.4,180.4,265.4,16532,9124.74,7866.29,4480,1.28446,0.802789,0.388875
418,12547,260.4,342.4,169.4,180.4,265.4,16532,9124.74,7897.43,4480,1.28769,0.804809,0.389825
419,12575,260.4,342.4,169.4,180.4,265.4,16532,9124.74,7897.43,4480,1.29092,0.806828,0.390775
420,12603,260.4,342.4,169.4,180.4,265.4,16532,9124.74,7897.43,4480,1.29416,0.808847,0.391726
421,12630,260.4,342.4,169.4,180.4,265.4,16532,9124.74,7897.43,4480,1.29739,0.810867,0.392676
422,12659,260.4,342.4,169.4,180.4,265.4,16532,9124.74,7897.43,4480,1.30062,0.812886,0.393626
423,12685,260.4,342.4,169.4,180.4,265.4,16532,9124.74,7897.43,4480,1.30385,0.814905,0.394576
424,12711,260.4,342.4,169.4,180.4,265.4,16532,9124.74,7897.43,4480,1.30708,0.816925,0.395526
425,12739,260.4,342.4,169.4,180.4,265.4,16532,9124.74,7897.43,4480,1.31031,0.818944,0.396477
426,12767,260.4,342.4,169.4,180.4,265.4,16532,9124.74,7897.43,4480,1.31354,0.820963,0.397427
427,12795,260.4,342.4,169.4,180.4,265.4,16532,9124.74,7928.57,4480,1.31677,0.822982,0.398377
428,12822,260.4,342.4,169.4,180.4,265.4,16532,9124.74,7928.57,4480,1.32,0.825002,0.399327
429,12850,260.4,342.4,169.4,180.4,265.4,16532,9124.74,7928.57,4480,1.32323,0.827021,0.400277
430,12878,260.4,342.4,169.4,180.4,265.4,16532,9124.74,7928.57,4480,1.32646,0.82904,0.401228
431,12907,260.4,342.4,169.4,180.4,265.4,16532,9124.74,7928.57,4480,1.3297,0.83106,0.402178
432,12935,260.4,342.4,169.4,180.4,265.4,16532,9124.74,7928.57,4480,1.33293,0.833079,0.403128
433,12965,260.4,342.4,169.4,180.4,265.4,16532,9124.74,7928.57,4480,1.33616,0.835098,0.404078
434,12994,260.4,342.4,169.4,180.4,265.4,16532,9124.74,7928.57,4480,1.33939,0.837117,0.405028
435,13025,260.4,342.4,169.4,180.4,265.4,16532,9124.74,7959.7,4480,1.34262,0.839137,0.405979
436,13056,260.4,342.4,169.4,180.4,265.4,16532,9124.74,7959.7,4480,1.34585,0.841156,0.406929
437,13082,260.4,342.4,169.4,180.4,265.4,16532,9124.74,7959.7,4480,1.34908,0.843175,0.407879
438,13110,260.4,342.4,169.4,180.4,265.4,16532,9124.74,7959.7,4480,1.35231,0.845195,0.408829
439,13139,260.4,342.4,169.4,180.4,265.4,16532,9124.74,7959.7,4480,1.35554,0.847214,0.409779
440,13166,260.4,342.4,169.4,180.4,265.4,16532,9124.74,7959.7,4480,1.35877,0.849233,0.41073
441,13196,260.4,342.4,169.4,180.4,265.4,16532,9124.74,7959.7,4480,1.362,0.851252,0.41168
442,13226,260.4,342.4,169.4,180.4,265.4,16532,9124.74,7990.84,4480,1.36523,0.853272,0.41263
443,13252,260.4,342.4,169.4,180.4,265.4,16532,9124.74,7990.84,4480,1.36847,0.855291,0.41358
444,13276,260.4,342.4,169.4,180.4,265.4,16532,9124.74,7990.84,4480,1.3717,0.85731,0.41453
445,13302,260.4,342.4,169.4,180.4,265.4,16532,9124.74,7990.84,4480,1.37493,0.85933,0.415481
446,13331,260.4,342.4,169.4,180.4,265.4,16532,9124.74,7990.84,4480,1.37816,0.861349,0.416431
447,13361,260.4,342.4,169.4,180.4,265.4,16532,9124.74,7990.84,4480,1.38139,0.863368,0.417381
448,13390,260.4,342.4,169.4,180.4,265.4,16532,9124.74,7990.84,4480,1.38462,0.865388,0.418331
449,13415,260.4,342.4,169.4,180.4,265.4,16532,9124.74,7990.84,4480,1.38785,0.867407,0.419281
450,13445,260.4,342.4,169.4,180.4,265.4,16532,9124.74,7990.84,4480,1.39108,0.869426,0.420232
451,13475,260.4,342.4,169.4,180.4,265.4,16532,9124.74,8021.97,4480,1.39431,0.871445,0.421182
452,13502,260.4,342.4,169.4,180.4,265.4,16532,9124.74,8021.97,4480,1.39754,0.873465,0.422132
453,13529,260.4,342.4,169.4,180.4,265.4,16532,9124.74,8021.97,4480,1.40077,0.875484,0.423082
454,13556,260.4,342.4,169.4,180.4,265.4,16532,9124.74,8021.97,4480,1.40401,0.877503,0.424032
455,13586,260.4,342.4,169.4,180.4,265.4,16532,9124.74,8021.97,4480,1.40724,0.879523,0.424983
456,13614,260.4,342.4,169.4,180.4,265.4,16532,9124.74,8021.97,4480,1.41047,0.881542,0.425933
457,13641,260.4,342.4,169.4,180.4,265.4,16532,9124.74,8021.97,4480,1.4137,0.883561,0.426883
458,13671,260.4,342.4,169.4,180.4,265.4,16532,9124.74,8021.97,4480,1.41693,0.88558,0.427833
459,13698,260.4,342.4,169.4,180.4,265.4,16532,9124.74,8053.11,4480,1.42016,0.8876,0.428783
460,13726,260.4,342.4,169.4,180.4,265.4,16532,9124.74,8053.11,4480,1.42339,0.889619,0.429734
461,13755,260.4,342.4,169.4,180.4,265.4,16532,9124.74,8053.11,4480,1.42662,0.891638,0.430684
462,13781,260.4,342.4,169.4,180.4,265.4,16532,9124.74,8053.11,4480,1.42985,0.893658,0.431634
463,13809,260.4,342.4,169.4,180.4,265.4,16532,9124.74,8053.11,4480,1.43308,0.895677,0.432584
464,13837,260.4,342.4,169.4,180.4,265.4,16532,9124.74,8053.11,4480,1.43631,0.897696,0.433534
465,13868,260.4,342.4,169.4,180.4,265.4,16532,9124.74,8053.11,4480,1.43954,0.899716,0.434485
466,13894,260.4,342.4,169.4,180.4,265.4,16532,9124.74,8053.11,4480,1.44278,0.901735,0.435435
467,13921,260.4,342.4,169.4,180.4,265.4,16532,9124.74,8053.11,4480,1.44601,0.903754,0.436385
468,13951,260.4,342.4,169.4,180.4,265.4,16532,9124.74,8084.25,4480,1.44924,0.905773,0.437335
469,13981,260.4,342.4,169.4,180.4,265.4,16532,9124.74,8084.25,4480,1.45247,0.907793,0.438285
470,14008,260.4,342.4,169.4,180.4,265.4,16532,9124.74,8084.25,4480,1.4557,0.909812,0.439236
471,14035,260.4,342.4,169.4,180.4,265.4,16532,9124.74,8084.25,4480,1.45893,0.911831,0.440186
472,14064,260.4,342.4,169.4,180.4,265.4,16532,9124.74,8084.25,4480,1.46216,0.913851,0.441136
473,14094,260.4,342.4,169.4,180.4,265.4,16532,9124.74,8084.25,4480,1.46539,0.91587,0.442086
474,14122,260.4,342.4,169.4,180.4,265.4,16532,9124.74,8084.25,4480,1.46862,0.917889,0.443036
475,14148,260.4,342.4,169.4,180.4,265.4,16532,9124.74,8084.25,4480,1.47185,0.919908,0.443987
476,14178,260.4,342.4,169.4,180.4,265.4,16532,9124.74,8115.38,4480,1.47508,0.921928,0.444937
477,14207,260.4,342.4,169.4,180.4,265.4,16532,9124.74,8115.38,4480,1.47832,0.923947,0.445887
478,14237,260.4,342.4,169.4,180.4,265.4,16532,9124.74,8115.38,4480,1.48155,0.925966,0.446837
479,14264,260.4,342.4,169.4,180.4,265.4,16532,9124.74,8115.38,4480,1.48478,0.927986,0.447787
480,14288,260.4,342.4,169.4,180.4,265.4,16532,9124.74,8115.38,4480,1.48801,0.930005,0.448738
481,14315,260.4,342.4,169.4,180.4,265.4,16532,9124.74,8115.38,4480,1.49124,0.932024,0.449688
482,14343,260.4,342.4,169.4,180.4,265.4,16532,9124.74,8115.38,4480,1.49447,0.934043,0.450638
483,14372,260.4,342.4,169.4,180.4,265.4,16532,9124.74,8115.38,4480,1.4977,0.936063,0.451588
484,14399,260.4,342.4,169.4,180.4,265.4,16532,9124.74,8115.38,4480,1.50093,0.938082,0.452538
485,14428,260.4,342.4,169.4,180.4,265.4,16532,9124.74,8146.52,4480,1.50416,0.940101,0.453489
486,14457,260.4,342.4,169.4,180.4,265.4,16532,9124.74,8146.52,4480,1.50739,0.942121,0.454439
487,14487,260.4,342.4,169.4,180.4,265.4,16532,9124.74,8146.52,4480,1.51062,0.94414,0.455389
488,14516,260.4,342.4,169.4,180.4,265.4,16532,9124.74,8146.52,4480,1.51385,0.946159,0.456339
489,14544,260.4,342.4,169.4,180.4,265.4,16532,9124.74,8146.52,4480,1.51709,0.948179,0.457289
490,14574,260.4,342.4,169.4,180.4,265.4,16532,9124.74,8146.52,4480,1.52032,0.950198,0.45824
491,14605,260.4,342.4,169.4,180.4,265.4,16532,9124.74,8146.52,4480,1.52355,0.952217,0.45919
492,14631,260.4,342.4,169.4,180.4,265.4,16532,9124.74,8146.52,4480,1.52678,0.954236,0.46014
493,14659,260.4,342.4,169.4,180.4,265.4,16532,9124.74,8177.65,4480,1.53001,0.956256,0.46109
494,14686,260.4,342.4,169.4,180.4,265.4,16532,9124.74,8177.65,4480,1.53324,0.958275,0.46204
495,14714,260.4,342.4,169.4,180.4,265.4,16532,9124.74,8177.65,4480,1.53647,0.960294,0.462991
496,14744,260.4,342.4,169.4,180.4,265.4,16532,9124.74,8177.65,4480,1.5397,0.962314,0.463941
497,14773,260.4,342.4,169.4,180.4,265.4,16532,9124.74,8177.65,4480,1.54293,0.964333,0.464891
498,14801,260.4,342.4,169.4,180.4,265.4,16532,9124.74,8177.65,4480,1.54616,0.966352,0.465841
499,14828,260.4,342.4,169.4,180.4,265.4,16532,9124.74,8177.65,4480,1.54939,0.968371,0.466791
500,14856,260.4,342.4,169.4,180.4,265.4,16532,9124.74,8177.65,4480,1.55263,0.970391,0.467742
501,14881,260.4,342.4,169.4,180.4,265.4,16532,9124.74,8177.65,4480,1.55586,0.97241,0.468692
502,14908,260.4,342.4,169.4,180.4,265.4,16532,9124.74,8208.79,4480,1.55909,0.974429,0.469642
503,14936,260.4,342.4,169.4,180.4,265.4,16532,9124.74,8208.79,4480,1.56232,0.976449,0.470592
504,14960,260.4,342.4,169.4,180.4,265.4,16532,9124.74,8208.79,4480,1.56555,0.978468,0.471542
505,14986,260.4,342.4,169.4,180.4,265.4,16532,9124.74,8208.79,4480,1.56878,0.980487,0.472493
506,15009,260.4,342.4,169.4,180.4,265.4,16532,9124.74,8208.79,4480,1.57201,0.982507,0.473443
507,15037,260.4,342.4,169.4,180.4,265.4,16532,9124.74,8208.79,4480,1.57524,0.984526,0.474393
508,15065,260.4,342.4,169.4,180.4,265.4,16532,9124.74,8208.79,4480,1.57847,0.986545,0.475343
509,15090,260.4,342.4,169.4,180.4,265.4,16532,9124.74,8208.79,4480,1.5817,0.988564,0.476293
510,15119,260.4,342.4,169.4,180.4,265.4,16532,9124.74,8208.79,4480,1.58493,0.990584,0.477244
511,15145,260.4,342.4,169.4,180.4,265.4,16532,9124.74,8239.93,4480,1.58816,0.992603,0.478194
512,15172,260.4,342.4,169.4,180.4,265.4,16532,9124.74,8239.93,4480,1.5914,0.994622,0.479144
513,15202,260.4,342.4,169.4,180.4,265.4,16532,9124.74,8239.93,4480,1.59463,0.996642,0.480094
514,15226,260.4,342.4,169.4,180.4,265.4,16532,9124.74,8239.93,4480,1.59786,0.998661,0.481044
515,15255,260.4,342.4,169.4,180.4,265.4,16532,9124.74,8239.93,4480,1.60109,1.00068,0.481994
516,15285,260.4,342.4,169.4,180.4,265.4,16532,9124.74,8239.93,4480,1.60432,1.0027,0.482945
517,15313,260.4,342.4,169.4,180.4,265.4,16532,9124.74,8239.93,4480,1.60755,1.00472,0.483895
518,15340,260.4,342.4,169.4,180.4,265.4,16532,9124.74,8239.93,4480,1.61078,1.00674,0.484845
519,15368,260.4,342.4,169.4,180.4,265.4,16532,9124.74,8239.93,4480,1.61401,1.00876,0.485795
520,15396,260.4,342.4,169.4,180.4,265.4,16532,9124.74,8271.06,4480,1.61724,1.01078,0.486745
521,15423,260.4,342.4,169.4,180.4,265.4,16532,9124.74,8271.06,4480,1.62047,1.0128,0.487696
522,15449,260.4,342.4,169.4,180.4,265.4,16532,9124.74,8271.06,4480,1.6237,1.01482,0.488646
523,15478,260.4,342.4,169.4,180.4,265.4,16532,9124.74,8271.06,4480,1.62694,1.01683,0.489596
524,15503,260.4,342.4,169.4,180.4,265.4,16532,9124.74,8271.06,4480,1.63017,1.01885,0.490546
525,15532,260.4,342.4,169.4,180.4,265.4,16532,9124.74,8271.06,4480,1.6334,1.02087,0.491496
526,15559,260.4,342.4,169.4,180.4,265.4,16532,9124.74,8271.06,4480,1.63663,1.02289,0.492447
527,15586,260.4,342.4,169.4,180.4,265.4,16532,9124.74,8271.06,4480,1.63986,1.02491,0.493397
528,15613,260.4,342.4,169.4,180.4,265.4,16532,9124.74,8271.06,4480,1.64309,1.02693,0.494347
529,15637,260.4,342.4,169.4,180.4,265.4,16532,9124.74,8302.2,4480,1.64632,1.02895,0.495297
530,15662,260.4,342.4,169.4,180.4,265.4,16532,9124.74,8302.2,4480,1.64955,1.03097,0.496247
531,15689,260.4,342.4,169.4,180.4,265.4,16532,9124.74,8302.2,4480,1.65278,1.03299,0.497198
532,15717,260.4,342.4,169.4,180.4,265.4,16532,9124.74,8302.2,4480,1.65601,1.03501,0.498148
533,15738,260.4,342.4,169.4,180.4,265.4,16532,9124.74,8302.2,4480,1.65924,1.03703,0.499098
534,15766,260.4,342.4,169.4,180.4,265.4,16532,9124.74,8302.2,4480,1.66247,1.03905,0.500048
535,15793,260.4,342.4,169.4,180.4,265.4,16532,9124.74,8302.2,4480,1.66571,1.04107,0.500998
536,15822,260.4,342.4,169.4,180.4,265.4,16532,9124.74,8302.2,4480,1.66894,1.04309,0.501949
537,15851,260.4,342.4,169.4,180.4,265.4,16532,9124.74,8302.2,4480,1.67217,1.0451,0.502899
538,15878,260.4,342.4,169.4,180.4,265.4,16532,9124.74,8333.34,4480,1.6754,1.04712,0.503849
539,15904,260.4,342.4,169.4,180.4,265.4,16532,9124.74,8333.34,4480,1.67863,1.04914,0.504799
540,15933,260.4,342.4,169.4,180.4,265.4,16532,9124.74,8333.34,4480,1.68186,1.05116,0.505749
541,15959,260.4,342.4,169.4,180.4,265.4,16532,9124.74,8333.34,4480,1.68509,1.05318,0.5067
542,15985,260.4,342.4,169.4,180.4,265.4,16532,9124.74,8333.34,4480,1.68832,1.0552,0.50765
543,16013,260.4,342.4,169.4,180.4,265.4,16532,9124.74,8333.34,4480,1.69155,1.05722,0.5086
544,16041,260.4,342.4,169.4,180.4,265.4,16532,9124.74,8333.34,4480,1.69478,1.05924,0.50955
545,16067,260.4,342.4,169.4,180.4,265.4,16532,9124.74,8333.34,4480,1.69801,1.06126,0.5105
546,16097,260.4,342.4,169.4,180.4,265.4,16532,9124.74,8333.34,4480,1.70125,1.06328,0.511451
547,16124,260.4,342.4,169.4,180.4,265.4,16532,9124.74,8333.34,4480,1.70448,1.0653,0.512401
548,16153,260.4,342.4,169.4,180.4,265.4,16532,9124.74,8364.47,4480,1.70771,1.06732,0.513351
549,16182,260.4,342.4,169.4,180.4,265.4,16532,9124.74,8364.47,4480,1.71094,1.06934,0.514301
550,16210,260.4,342.4,169.4,180.4,265.4,16532,9124.74,8364.47,4480,1.71417,1.07136,0.515251
551,16235,260.4,342.4,169.4,180.4,265.4,16532,9124.74,8364.47,4480,1.7174,1.07337,0.516202
552,16263,260.4,342.4,169.4,180.4,265.4,16532,9124.74,8364.47,4480,1.72063,1.07539,0.517152
553,16288,260.4,342.4,169.4,180.4,265.4,16532,9124.74,8364.47,4480,1.72386,1.07741,0.518102
554,16314,260.4,342.4,169.4,180.4,265.4,16532,9124.74,8364.47,4480,1.72709,1.07943,0.519052
555,16342,260.4,342.4,169.4,180.4,265.4,16532,9124.74,8364.47,4480,1.73032,1.08145,0.520002
556,16369,260.4,342.4,169.4,180.4,265.4,16532,9124.74,8364.47,4480,1.73355,1.08347,0.520953
557,16392,260.4,342.4,169.4,180.4,265.4,16532,9124.74,8395.61,4480,1.73678,1.08549,0.521903
558,16422,260.4,342.4,169.4,180.4,265.4,16532,9124.74,8395.61,4480,1.74002,1.08751,0.522853
559,16451,260.4,342.4,169.4,180.4,265.4,16532,9124.74,8395.61,4480,1.74325,1.08953,0.523803
560,16480,260.4,342.4,169.4,180.4,265.4,16532,9124.74,8395.61,4480,1.74648,1.09155,0.524753
561,16504,260.4,342.4,169.4,180.4,265.4,16532,9124.74,8395.61,4480,1.74971,1.09357,0.525704
562,16526,260.4,342.4,169.4,180.4,265.4,16532,9124.74,8395.61,4480,1.75294,1.09559,0.526654
563,16552,260.4,342.4,169.4,180.4,265.4,16532,9124.74,8395.61,4480,1.75617,1.09761,0.527604
564,16579,260.4,342.4,169.4,180.4,265.4,16532,9124.74,8395.61,4480,1.7594,1.09963,0.528554
565,16604,260.4,342.4,169.4,180.4,265.4,16532,9124.74,8395.61,4480,1.76263,1.10164,0.529504
566,16631,260.4,342.4,169.4,180.4,265.4,16532,9124.74,8395.61,4480,1.76586,1.10366,0.530455
567,16654,260.4,342.4,169.4,180.4,265.4,16532,9124.74,8426.74,4480,1.76909,1.10568,0.531405
568,16680,260.4,342.4,169.4,180.4,265.4,16532,9124.74,8426.74,4480,1.77232,1.1077,0.532355
569,16708,260.4,342.4,169.4,180.4,265.4,16532,9124.74,8426.74,4480,1.77556,1.10972,0.533305
570,16735,260.4,342.4,169.4,180.4,265.4,16532,9124.74,8426.74,4480,1.77879,1.11174,0.534255
571,16759,260.4,342.4,169.4,180.4,265.4,16532,9124.74,8426.74,4480,1.78202,1.11376,0.535206
572,16785,260.4,342.4,169.4,180.4,265.4,16532,9124.74,8426.74,4480,1.78525,1.11578,0.536156
573,16808,260.4,342.4,169.4,180.4,265.4,16532,9124.74,8426.74,4480,1.78848,1.1178,0.537106
574,16834,260.4,342.4,169.4,180.4,265.4,16532,9124.74,8426.74,4480,1.79171,1.11982,0.538056
575,16856,260.4,342.4,169.4,180.4,265.4,16532,9124.74,8426.74,4480,1.79494,1.12184,0.539006
576,16878,260.4,342.4,169.4,180.4,265.4,16532,9124.74,8426.74,4480,1.79817,1.12386,0.539957
577,16905,260.4,342.4,169.4,180.4,265.4,16532,9124.74,8457.88,4480,1.8014,1.12588,0.540907
578,16930,260.4,342.4,169.4,180.4,265.4,16532,9124.74,8457.88,4480,1.80463,1.1279,0.541857
579,16956,260.4,342.4,169.4,180.4,265.4,16532,9124.74,8457.88,4480,1.80786,1.12991,0.542807
580,16986,260.4,342.4,169.4,180.4,265.4,16532,9124.74,8457.88,4480,1.81109,1.13193,0.543757
581,17017,260.4,342.4,169.4,180.4,265.4,16532,9124.74,8457.88,4480,1.81433,1.13395,0.544708
582,17045,260.4,342.4,169.4,180.4,265.4,16532,9124.74,8457.88,4480,1.81756,1.13597,0.545658
583,17073,260.4,342.4,169.4,180.4,265.4,16532,9124.74,8457.88,4480,1.82079,1.13799,0.546608
584,17099,260.4,342.4,169.4,180.4,265.4,16532,9124.74,8457.88,4480,1.82402,1.14001,0.547558
585,17128,260.4,342.4,169.4,180.4,265.4,16532,9124.74,8457.88,4480,1.82725,1.14203,0.548508
586,17154,260.4,342.4,169.4,180.4,265.4,16532,9124.74,8457.88,4480,1.83048,1.14405,0.549459
587,17179,260.4,342.4,169.4,180.4,265.4,16532,9124.74,8489.02,4480,1.83371,1.14607,0.550409
588,17208,260.4,342.4,169.4,180.4,265.4,16532,9124.74,8489.02,4480,1.83694,1.14809,0.551359
589,17234,260.4,342.4,169.4,180.4,265.4,16532,9124.74,8489.02,4480,1.84017,1.15011,0.552309
590,17257,260.4,342.4,169.4,180.4,265.4,16532,9124.74,8489.02,4480,1.8434,1.15213,0.553259
591,17283,260.4,342.4,169.4,180.4,265.4,16532,9124.74,8489.02,4480,1.84663,1.15415,0.55421
592,17310,260.4,342.4,169.4,180.4,265.4,16532,9124.74,8489.02,4480,1.84987,1.15617,0.55516
593,17338,260.4,342.4,169.4,180.4,265.4,16532,9124.74,8489.02,4480,1.8531,1.15819,0.55611
594,17360,260.4,342.4,169.4,180.4,265.4,16532,9124.74,8489.02,4480,1.85633,1.1602,0.55706
595,17390,260.4,342.4,169.4,180.4,265.4,16532,9124.74,8489.02,4480,1.85956,1.16222,0.55801
596,17417,260.4,342.4,169.4,180.4,265.4,16532,9124.74,8489.02,4480,1.86279,1.16424,0.558961
597,17443,260.4,342.4,169.4,180.4,265.4,16532,9124.74,8520.15,4480,1.86602,1.16626,0.559911
598,17471,260.4,342.4,169.4,180.4,265.4,16532,9124.74,8520.15,4480,1.86925,1.16828,0.560861
599,17496,260.4,342.4,169.4,180.4,265.4,16532,9124.74,8520.15,4480,1.87248,1.1703,0.561811
600,17523,260.4,342.4,169.4,180.4,265.4,16532,9124.74,8520.15,4480,1.87571,1.17232,0.562761
601,17545,260.4,342.4,169.4,180.4,265.4,16532,9124.74,8520.15,4480,1.87894,1.17434,0.563712
602,17570,260.4,342.4,169.4,180.4,265.4,16532,9124.74,8520.15,4480,1.88217,1.17636,0.564662
603,17597,260.4,342.4,169.4,180.4,265.4,16532,9124.74,8520.15,4480,1.8854,1.17838,0.565612
604,17621,260.4,342.4,169.4,180.4,265.4,16532,9124.74,8520.15,4480,1.88864,1.1804,0.566562
605,17651,260.4,342.4,169.4,180.4,265.4,16532,9124.74,8520.15,4480,1.89187,1.18242,0.567512
606,17670,260.4,342.4,169.4,180.4,265.4,16532,9124.74,8520.15,4480,1.8951,1.18444,0.568463
607,17698,260.4,342.4,169.4,180.4,265.4,16532,9124.74,8551.29,4480,1.89833,1.18646,0.569413
608,17725,260.4,342.4,169.4,180.4,265.4,16532,9124.74,8551.29,4480,1.90156,1.18847,0.570363
609,17749,260.4,342.4,169.4,180.4,265.4,16532,9124.74,8551.29,4480,1.90479,1.19049,0.571313
610,17775,260.4,342.4,169.4,180.4,265.4,16532,9124.74,8551.29,4480,1.90802,1.19251,0.572263
611,17800,260.4,342.4,169.4,180.4,265.4,16532,9124.74,8551.29,4480,1.91125,1.19453,0.573214
612,17825,260.4,342.4,169.4,180.4,265.4,16532,9124.74,8551.29,4480,1.91448,1.19655,0.574164
613,17852,260.4,342.4,169.4,180.4,265.4,16532,9124.74,8551.29,4480,1.91771,1.19857,0.575114
614,17879,260.4,342.4,169.4,180.4,265.4,16532,9124.74,8551.29,4480,1.92094,1.20059,0.576064
615,17904,260.4,342.4,169.4,180.4,265.4,16532,9124.74,8551.29,4480,1.92418,1.20261,0.577014
616,17931,260.4,342.4,169.4,180.4,265.4,16532,9124.74,8551.29,4480,1.92741,1.20463,0.577964
617,17954,260.4,342.4,169.4,180.4,265.4,16532,9124.74,8551.29,4480,1.93064,1.20665,0.578915
618,17984,260.4,342.4,169.4,180.4,265.4,16532,9124.74,8582.42,4480,1.93387,1.20867,0.579865
619,18010,260.4,342.4,169.4,180.4,265.4,16532,9124.74,8582.42,4480,1.9371,1.21069,0.580815
620,18040,260.4,342.4,169.4,180.4,265.4,16532,9124.74,8582.42,4480,1.94033,1.21271,0.581765
621,18069,260.4,342.4,169.4,180.4,265.4,16532,9124.74,8582.42,4480,1.94356,1.21473,0.582715
622,18095,260.4,342.4,169.4,180.4,265.4,16532,9124.74,8582.42,4480,1.94679,1.21674,0.583666
623,18120,260.4,342.4,169.4,180.4,265.4,16532,9124.74,8582.42,4480,1.95002,1.21876,0.584616
624,18143,260.4,342.4,169.4,180.4,265.4,16532,9124.74,8582.42,4480,1.95325,1.22078,0.585566
625,18173,260.4,342.4,169.4,180.4,265.4,16532,9124.74,8582.42,4480,1.95648,1.2228,0.586516
626,18199,260.4,342.4,169.4,180.4,265.4,16532,9124.74,8582.42,4480,1.95971,1.22482,0.587466
627,18219,260.4,342.4,169.4,180.4,265.4,16532,9124.74,8582.42,4480,1.96295,1.22684,0.588417
628,18244,260.4,342.4,169.4,180.4,265.4,16532,9124.74,8613.56,4480,1.96618,1.22886,0.589367
629,18269,260.4,342.4,169.4,180.4,265.4,16532,9124.74,8613.56,4480,1.96941,1.23088,0.590317
630,18299,260.4,342.4,169.4,180.4,265.4,16532,9124.74,8613.56,4480,1.97264,1.2329,0.591267
631,18327,260.4,342.4,169.4,180.4,265.4,16532,9124.74,8613.56,4480,1.97587,1.23492,0.592217
632,18356,260.4,342.4,169.4,180.4,265.4,16532,9124.74,8613.56,4480,1.9791,1.23694,0.593168
633,18382,260.4,342.4,169.4,180.4,265.4,16532,9124.74,8613.56,4480,1.98233,1.23896,0.594118
634,18409,260.4,342.4,169.4,180.4,265.4,16532,9124.74,8613.56,4480,1.98556,1.24098,0.595068
635,18436,260.4,342.4,169.4,180.4,265.4,16532,9124.74,8613.56,4480,1.98879,1.243,0.596018
636,18460,260.4,342.4,169.4,180.4,265.4,16532,9124.74,8613.56,4480,1.99202,1.24501,0.596968
637,18485,260.4,342.4,169.4,180.4,265.4,16532,9124.74,8613.56,4480,1.99525,1.24703,0.597919
638,18513,260.4,342.4,169.4,180.4,265.4,16532,9124.74,8644.7,4480,1.99849,1.24905,0.598869
639,18542,260.4,342.4,169.4,180.4,265.4,16532,9124.74,8644.7,4480,2.00172,1.25107,0.599819
640,18568,260.4,342.4,169.4,180.4,265.4,16532,9124.74,8644.7,4480,2.00495,1.25309,0.600769
641,18595,260.4,342.4,169.4,180.4,265.4,16532,9124.74,8644.7,4480,2.00818,1.25511,0.601719
642,18622,260.4,342.4,169.4,180.4,265.4,16532,9124.74,8644.7,4480,2.01141,1.25713,0.60267
643,18645,260.4,342.4,169.4,180.4,265.4,16532,9124.74,8644.7,4480,2.01464,1.25915,0.60362
644,18670,260.4,342.4,169.4,180.4,265.4,16532,9124.74,8644.7,4480,2.01787,1.26117,0.60457
645,18698,260.4,342.4,169.4,180.4,265.4,16532,9124.74,8644.7,4480,2.0211,1.26319,0.60552
646,18726,260.4,342.4,169.4,180.4,265.4,16532,9124.74,8644.7,4480,2.02433,1.26521,0.60647
647,18752,260.4,342.4,169.4,180.4,265.4,16532,9124.74,8644.7,4480,2.02756,1.26723,0.607421
648,18781,260.4,342.4,169.4,180.4,265.4,16532,9124.74,8675.83,4480,2.03079,1.26925,0.608371
649,18806,260.4,342.4,169.4,180.4,265.4,16532,9124.74,8675.83,4480,2.03402,1.27127,0.609321
650,18833,260.4,342.4,169.4,180.4,265.4,16532,9124.74,8675.83,4480,2.03726,1.27328,0.610271
651,18858,260.4,342.4,169.4,180.4,265.4,16532,9124.74,8675.83,4480,2.04049,1.2753,0.611221
652,18887,260.4,342.4,169.4,180.4,265.4,16532,9124.74,8675.83,4480,2.04372,1.27732,0.612172
653,18914,260.4,342.4,169.4,180.4,265.4,16532,9124.74,8675.83,4480,2.04695,1.27934,0.613122
654,18936,260.4,342.4,169.4,180.4,265.4,16532,9124.74,8675.83,4480,2.05018,1.28136,0.614072
655,18963,260.4,342.4,169.4,180.4,265.4,16532,9124.74,8675.83,4480,2.05341,1.28338,0.615022
656,18991,260.4,342.4,169.4,180.4,265.4,16532,9124.74,8675.83,4480,2.05664,1.2854,0.615972
657,19020,260.4,342.4,169.4,180.4,265.4,16532,9124.74,8675.83,4480,2.05987,1.28742,0.616923
658,19043,260.4,342.4,169.4,180.4,265.4,16532,9124.74,8675.83,4480,2.0631,1.28944,0.617873
659,19067,260.4,342.4,169.4,180.4,265.4,16532,9124.74,8706.97,4480,2.06633,1.29146,0.618823
660,19095,260.4,342.4,169.4,180.4,265.4,16532,9124.74,8706.97,4480,2.06956,1.29348,0.619773
661,19119,260.4,342.4,169.4,180.4,265.4,16532,9124.74,8706.97,4480,2.0728,1.2955,0.620723
662,19145,260.4,342.4,169.4,180.4,265.4,16532,9124.74,8706.97,4480,2.07603,1.29752,0.621674
663,19170,260.4,342.4,169.4,180.4,265.4,16532,9124.74,8706.97,4480,2.07926,1.29954,0.622624
664,19199,260.4,342.4,169.4,180.4,265.4,16532,9124.74,8706.97,4480,2.08249,1.30155,0.623574
665,19228,260.4,342.4,169.4,180.4,265.4,16532,9124.74,8706.97,4480,2.08572,1.30357,0.624524
666,19253,260.4,342.4,169.4,180.4,265.4,16532,9124.74,8706.97,4480,2.08895,1.30559,0.625474
667,19281,260.4,342.4,169.4,180.4,265.4,16532,9124.74,8706.97,4480,2.09218,1.30761,0.626425
668,19307,260.4,342.4,169.4,180.4,265.4,16532,9124.74,8706.97,4480,2.09541,1.30963,0.627375
669,19333,260.4,342.4,169.4,180.4,265.4,16532,9124.74,8738.1,4480,2.09864,1.31165,0.628325
670,19362,260.4,342.4,169.4,180.4,265.4,16532,9124.74,8738.1,4480,2.10187,1.31367,0.629275
671,19390,260.4,342.4,169.4,180.4,265.4,16532,9124.74,8738.1,4480,2.1051,1.31569,0.630225
672,19414,260.4,342.4,169.4,180.4,265.4,16532,9124.74,8738.1,4480,2.10833,1.31771,0.631176
673,19443,260.4,342.4,169.4,180.4,265.4,16532,9124.74,8738.1,4480,2.11157,1.31973,0.632126
674,19471,260.4,342.4,169.4,180.4,265.4,16532,9124.74,8738.1,4480,2.1148,1.32175,0.633076
675,19495,260.4,342.4,169.4,180.4,265.4,16532,9124.74,8738.1,4480,2.11803,1.32377,0.634026
676,19519,260.4,342.4,169.4,180.4,265.4,16532,9124.74,8738.1,4480,2.12126,1.32579,0.634976
677,19544,260.4,342.4,169.4,180.4,265.4,16532,9124.74,8738.1,4480,2.12449,1.32781,0.635927
678,19568,260.4,342.4,169.4,180.4,265.4,16532,9124.74,8738.1,4480,2.12772,1.32982,0.636877
679,19592,260.4,342.4,169.4,180.4,265.4,16532,9124.74,8738.1,4480,2.13095,1.33184,0.637827
680,19621,260.4,342.4,169.4,180.4,265.4,16532,9124.74,8769.24,4480,2.13418,1.33386,0.638777
681,19649,260.4,342.4,169.4,180.4,265.4,16532,9124.74,8769.24,4480,2.13741,1.33588,0.639727
682,19675,260.4,342.4,169.4,180.4,265.4,16532,9124.74,8769.24,4480,2.14064,1.3379,0.640678
683,19701,260.4,342.4,169.4,180.4,265.4,16532,9124.74,8769.24,4480,2.14387,1.33992,0.641628
684,19729,260.4,342.4,169.4,180.4,265.4,16532,9124.74,8769.24,4480,2.14711,1.34194,0.642578
685,19752,260.4,342.4,169.4,180.4,265.4,16532,9124.74,8769.24,4480,2.15034,1.34396,0.643528
686,19776,260.4,342.4,169.4,180.4,265.4,16532,9124.74,8769.24,4480,2.15357,1.34598,0.644478
687,19805,260.4,342.4,169.4,180.4,265.4,16532,9124.74,8769.24,4480,2.1568,1.348,0.645429
688,19830,260.4,342.4,169.4,180.4,265.4,16532,9124.74,8769.24,4480,2.16003,1.35002,0.646379
689,19855,260.4,342.4,169.4,180.4,265.4,16532,9124.74,8769.24,4480,2.16326,1.35204,0.647329
690,19878,260.4,342.4,169.4,180.4,265.4,16532,9124.74,8769.24,4480,2.16649,1.35406,0.648279
691,19899,260.4,342.4,169.4,180.4,265.4,16532,9124.74,8800.38,4480,2.16972,1.35608,0.649229
692,19926,260.4,342.4,169.4,180.4,265.4,16532,9124.74,8800.38,4480,2.17295,1.3581,0.65018
693,19952,260.4,342.4,169.4,180.4,265.4,16532,9124.74,8800.38,4480,2.17618,1.36011,0.65113
694,19979,260.4,342.4,169.4,180.4,265.4,16532,9124.74,8800.38,4480,2.17941,1.36213,0.65208
695,20003,260.4,342.4,169.4,180.4,265.4,16532,9124.74,8800.38,4480,2.18264,1.36415,0.65303
696,20027,260.4,342.4,169.4,180.4,265.4,16532,9124.74,8800.38,4480,2.18588,1.36617,0.65398
697,20048,260.4,342.4,169.4,180.4,265.4,16532,9124.74,8800.38,4480,2.18911,1.36819,0.654931
698,20077,260.4,342.4,169.4,180.4,265.4,16532,9124.74,8800.38,4480,2.19234,1.37021,0.655881
699,20101,260.4,342.4,169.4,180.4,265.4,16532,9124.74,8800.38,4480,2.19557,1.37223,0.656831
700,20124,260.4,342.4,169.4,180.4,265.4,16532,9124.74,8800.38,4480,2.1988,1.37425,0.657781
701,20151,260.4,342.4,169.4,180.4,265.4,16532,9124.74,8800.38,4480,2.20203,1.37627,0.658731
702,20172,260.4,342.4,169.4,180.4,265.4,16532,9124.74,8831.51,4480,2.20526,1.37829,0.659682
703,20200,260.4,342.4,169.4,180.4,265.4,16532,9124.74,8831.51,4480,2.20849,1.38031,0.660632
704,20225,260.4,342.4,169.4,180.4,265.4,16532,9124.74,8831.51,4480,2.21172,1.38233,0.661582
705,20256,260.4,342.4,169.4,180.4,265.4,16532,9124.74,8831.51,4480,2.21495,1.38435,0.662532
706,20282,260.4,342.4,169.4,180.4,265.4,16532,9124.74,8831.51,4480,2.21818,1.38637,0.663482
707,20307,260.4,342.4,169.4,180.4,265.4,16532,9124.74,8831.51,4480,2.22142,1.38838,0.664433
708,20331,260.4,342.4,169.4,180.4,265.4,16532,9124.74,8831.51,4480,2.22465,1.3904,0.665383
709,20357,260.4,342.4,169.4,180.4,265.4,16532,9124.74,8831.51,4480,2.22788,1.39242,0.666333
710,20383,260.4,342.4,169.4,180.4,265.4,16532,9124.74,8831.51,4480,2.23111,1.39444,0.667283
711,20412,260.4,342.4,169.4,180.4,265.4,16532,9124.74,8831.51,4480,2.23434,1.39646,0.668233
712,20436,260.4,342.4,169.4,180.4,265.4,16532,9124.74,8831.51,4480,2.23757,1.39848,0.669183
713,20462,260.4,342.4,169.4,180.4,265.4,16532,9124.74,8862.65,4480,2.2408,1.4005,0.670134
714,20483,260.4,342.4,169.4,180.4,265.4,16532,9124.74,8862.65,4480,2.24403,1.40252,0.671084
715,20511,260.4,342.4,169.4,180.4,265.4,16532,9124.74,8862.65,4480,2.24726,1.40454,0.672034
716,20536,260.4,342.4,169.4,180.4,265.4,16532,9124.74,8862.65,4480,2.25049,1.40656,0.672984
717,20561,260.4,342.4,169.4,180.4,265.4,16532,9124.74,8862.65,4480,2.25372,1.40858,0.673934
718,20583,260.4,342.4,169.4,180.4,265.4,16532,9124.74,8862.65,4480,2.25695,1.4106,0.674885
719,20605,260.4,342.4,169.4,180.4,265.4,16532,9124.74,8862.65,4480,2.26019,1.41262,0.675835
720,20626,260.4,342.4,169.4,180.4,265.4,16532,9124.74,8862.65,4480,2.26342,1.41464,0.676785
721,20653,260.4,342.4,169.4,180.4,265.4,16532,9124.74,8862.65,4480,2.26665,1.41665,0.677735
722,20677,260.4,342.4,169.4,180.4,265.4,16532,9124.74,8862.65,4480,2.26988,1.41867,0.678685
723,20701,260.4,342.4,169.4,180.4,265.4,16532,9124.74,8862.65,4480,2.27311,1.42069,0.679636
724,20728,260.4,342.4,169.4,180.4,265.4,16532,9124.74,8862.65,4480,2.27634,1.42271,0.680586
725,20753,260.4,342.4,169.4,180.4,265.4,16532,9124.74,8893.78,4480,2.27957,1.42473,0.681536
726,20777,260.4,342.4,169.4,180.4,265.4,16532,9124.74,8893.78,4480,2.2828,1.42675,0.682486
727,20803,260.4,342.4,169.4,180.4,265.4,16532,9124.74,8893.78,4480,2.28603,1.42877,0.683436
728,20834,260.4,342.4,169.4,180.4,265.4,16532,9124.74,8893.78,4480,2.28926,1.43079,0.684387
729,20861,260.4,342.4,169.4,180.4,265.4,16532,9124.74,8893.78,4480,2.29249,1.43281,0.685337
730,20882,260.4,342.4,169.4,180.4,265.4,16532,9124.74,8893.78,4480,2.29573,1.43483,0.686287
731,20905,260.4,342.4,169.4,180.4,265.4,16532,9124.74,8893.78,4480,2.29896,1.43685,0.687237
732,20929,260.4,342.4,169.4,180.4,265.4,16532,9124.74,8893.78,4480,2.30219,1.43887,0.688187
733,20958,260.4,342.4,169.4,180.4,265.4,16532,9124.74,8893.78,4480,2.30542,1.44089,0.689138
734,20988,260.4,342.4,169.4,180.4,265.4,16532,9124.74,8893.78,4480,2.30865,1.44291,0.690088
735,21012,260.4,342.4,169.4,180.4,265.4,16532,9124.74,8893.78,4480,2.31188,1.44492,0.691038
736,21040,260.4,342.4,169.4,180.4,265.4,16532,9124.74,8924.92,4480,2.31511,1.44694,0.691988
737,21066,260.4,342.4,169.4,180.4,265.4,16532,9124.74,8924.92,4480,2.31834,1.44896,0.692938
738,21093,260.4,342.4,169.4,180.4,265.4,16532,9124.74,8924.92,4480,2.32157,1.45098,0.693889
739,21118,260.4,342.4,169.4,180.4,265.4,16532,9124.74,8924.92,4480,2.3248,1.453,0.694839
740,21145,260.4,342.4,169.4,180.4,265.4,16532,9124.74,8924.92,4480,2.32803,1.45502,0.695789
741,21173,260.4,342.4,169.4,180.4,265.4,16532,9124.74,8924.92,4480,2.33126,1.45704,0.696739
742,21198,260.4,342.4,169.4,180.4,265.4,16532,9124.74,8924.92,4480,2.3345,1.45906,0.697689
743,21224,260.4,342.4,169.4,180.4,265.4,16532,9124.74,8924.92,4480,2.33773,1.46108,0.69864
744,21249,260.4,342.4,169.4,180.4,265.4,16532,9124.74,8924.92,4480,2.34096,1.4631,0.69959
745,21276,260.4,342.4,169.4,180.4,265.4,16532,9124.74,8924.92,4480,2.34419,1.46512,0.70054
746,21298,260.4,342.4,169.4,180.4,265.4,16532,9124.74,8924.92,4480,2.34742,1.46714,0.70149
747,21322,260.4,342.4,169.4,180.4,265.4,16532,9124.74,8956.06,4480,2.35065,1.46916,0.70244
748,21344,260.4,342.4,169.4,180.4,265.4,16532,9124.74,8956.06,4480,2.35388,1.47118,0.703391
749,21366,260.4,342.4,169.4,180.4,265.4,16532,9124.74,8956.06,4480,2.35711,1.47319,0.704341
750,21391,260.4,342.4,169.4,180.4,265.4,16532,9124.74,8956.06,4480,2.36034,1.47521,0.705291
751,21417,260.4,342.4,169.4,180.4,265.4,16532,9124.74,8956.06,4480,2.36357,1.47723,0.706241
752,21443,260.4,342.4,169.4,180.4,265.4,16532,9124.74,8956.06,4480,2.3668,1.47925,0.707191
753,21469,260.4,342.4,169.4,180.4,265.4,16532,9124.74,8956.06,4480,2.37004,1.48127,0.708142
754,21497,260.4,342.4,169.4,180.4,265.4,16532,9124.74,8956.06,4480,2.37327,1.48329,0.709092
755,21527,260.4,342.4,169.4,180.4,265.4,16532,9124.74,8956.06,4480,2.3765,1.48531,0.710042
756,21549,260.4,342.4,169.4,180.4,265.4,16532,9124.74,8956.06,4480,2.37973,1.48733,0.710992
757,21577,260.4,342.4,169.4,180.4,265.4,16532,9124.74,8956.06,4480,2.38296,1.48935,0.711942
758,21601,260.4,342.4,169.4,180.4,265.4,16532,9124.74,8956.06,4480,2.38619,1.49137,0.712893
759,21625,260.4,342.4,169.4,180.4,265.4,16532,9124.74,8987.19,4480,2.38942,1.49339,0.713843
760,21653,260.4,342.4,169.4,180.4,265.4,16532,9124.74,8987.19,4480,2.39265,1.49541,0.714793
761,21680,260.4,342.4,169.4,180.4,265.4,16532,9124.74,8987.19,4480,2.39588,1.49743,0.715743
762,21705,260.4,342.4,169.4,180.4,265.4,16532,9124.74,8987.19,4480,2.39911,1.49945,0.716693
763,21730,260.4,342.4,169.4,180.4,265.4,16532,9124.74,8987.19,4480,2.40234,1.50146,0.717644
764,21757,260.4,342.4,169.4,180.4,265.4,16532,9124.74,8987.19,4480,2.40557,1.50348,0.718594
765,21786,260.4,342.4,169.4,180.4,265.4,16532,9124.74,8987.19,4480,2.40881,1.5055,0.719544
766,21808,260.4,342.4,169.4,180.4,265.4,16532,9124.74,8987.19,4480,2.41204,1.50752,0.720494
767,21829,260.4,342.4,169.4,180.4,265.4,16532,9124.74,8987.19,4480,2.41527,1.50954,0.721444
768,21853,260.4,342.4,169.4,180.4,265.4,16532,9124.74,8987.19,4480,2.4185,1.51156,0.722395
769,21881,260.4,342.4,169.4,180.4,265.4,16532,9124.74,8987.19,4480,2.42173,1.51358,0.723345
770,21907,260.4,342.4,169.4,180.4,265.4,16532,9124.74,9018.33,4480,2.42496,1.5156,0.724295
771,21934,260.4,342.4,169.4,180.4,265.4,16532,9124.74,9018.33,4480,2.42819,1.51762,0.725245
772,21958,260.4,342.4,169.4,180.4,265.4,16532,9124.74,9018.33,4480,2.43142,1.51964,0.726195
773,21980,260.4,342.4,169.4,180.4,265.4,16532,9124.74,9018.33,4480,2.43465,1.52166,0.727146
774,22005,260.4,342.4,169.4,180.4,265.4,16532,9124.74,9018.33,4480,2.43788,1.52368,0.728096
775,22030,260.4,342.4,169.4,180.4,265.4,16532,9124.74,9018.33,4480,2.44111,1.5257,0.729046
776,22056,260.4,342.4,169.4,180.4,265.4,16532,9124.74,9018.33,4480,2.44434,1.52772,0.729996
777,22082,260.4,342.4,169.4,180.4,265.4,16532,9124.74,9018.33,4480,2.44758,1.52973,0.730946
778,22105,260.4,342.4,169.4,180.4,265.4,16532,9124.74,9018.33,4480,2.45081,1.53175,0.731897
779,22131,260.4,342.4,169.4,180.4,265.4,16532,9124.74,9018.33,4480,2.45404,1.53377,0.732847
780,22157,260.4,342.4,169.4,180.4,265.4,16532,9124.74,9018.33,4480,2.45727,1.53579,0.733797
781,22180,260.4,342.4,169.4,180.4,265.4,16532,9124.74,9018.33,4480,2.4605,1.53781,0.734747
782,22208,260.4,342.4,169.4,180.4,265.4,16532,9124.74,9049.47,4480,2.46373,1.53983,0.735697
783,22231,260.4,342.4,169.4,180.4,265.4,16532,9124.74,9049.47,4480,2.46696,1.54185,0.736648
784,22257,260.4,342.4,169.4,180.4,265.4,16532,9124.74,9049.47,4480,2.47019,1.54387,0.737598
785,22283,260.4,342.4,169.4,180.4,265.4,16532,9124.74,9049.47,4480,2.47342,1.54589,0.738548
786,22308,260.4,342.4,169.4,180.4,265.4,16532,9124.74,9049.47,4480,2.47665,1.54791,0.739498
787,22336,260.4,342.4,169.4,180.4,265.4,16532,9124.74,9049.47,4480,2.47988,1.54993,0.740448
788,22360,260.4,342.4,169.4,180.4,265.4,16532,9124.74,9049.47,4480,2.48312,1.55195,0.741399
789,22385,260.4,342.4,169.4,180.4,265.4,16532,9124.74,9049.47,4480,2.48635,1.55397,0.742349
790,22408,260.4,342.4,169.4,180.4,265.4,16532,9124.74,9049.47,4480,2.48958,1.55599,0.743299
791,22430,260.4,342.4,169.4,180.4,265.4,16532,9124.74,9049.47,4480,2.49281,1.55801,0.744249
792,22449,260.4,342.4,169.4,180.4,265.4,16532,9124.74,9049.47,4480,2.49604,1.56002,0.745199
793,22473,260.4,342.4,169.4,180.4,265.4,16532,9124.74,9049.47,4480,2.49927,1.56204,0.74615
794,22498,260.4,342.4,169.4,180.4,265.4,16532,9124.74,9049.47,4480,2.5025,1.56406,0.7471
795,22521,260.4,342.4,169.4,180.4,265.4,16532,9124.74,9080.6,4480,2.50573,1.56608,0.74805
796,22543,260.4,342.4,169.4,180.4,265.4,16532,9124.74,9080.6,4480,2.50896,1.5681,0.749
797,22568,260.4,342.4,169.4,180.4,265.4,16532,9124.74,9080.6,4480,2.51219,1.57012,0.74995
798,22595,260.4,342.4,169.4,180.4,265.4,16532,9124.74,9080.6,4480,2.51542,1.57214,0.750901
799,22618,260.4,342.4,169.4,180.4,265.4,16532,9124.74,9080.6,4480,2.51865,1.57416,0.751851
800,22642,260.4,342.4,169.4,180.4,265.4,16532,9124.74,9080.6,4480,2.52189,1.57618,0.752801
801,22665,260.4,342.4,169.4,180.4,265.4,16532,9124.74,9080.6,4480,2.52512,1.5782,0.753751
802,22686,260.4,342.4,169.4,180.4,265.4,16532,9124.74,9080.6,4480,2.52835,1.58022,0.754701
803,22712,260.4,342.4,169.4,180.4,265.4,16532,9124.74,9080.6,4480,2.53158,1.58224,0.755652
804,22741,260.4,342.4,169.4,180.4,265.4,16532,9124.74,9080.6,4480,2.53481,1.58426,0.756602
805,22767,260.4,342.4,169.4,180.4,265.4,16532,9124.74,9080.6,4480,2.53804,1.58628,0.757552
806,22794,260.4,342.4,169.4,180.4,265.4,16532,9124.74,9080.6,4480,2.54127,1.58829,0.758502
807,22819,260.4,342.4,169.4,180.4,265.4,16532,9124.74,9111.74,4480,2.5445,1.59031,0.759452
808,22844,260.4,342.4,169.4,180.4,265.4,16532,9124.74,9111.74,4480,2.54773,1.59233,0.760402
809,22863,260.4,342.4,169.4,180.4,265.4,16532,9124.74,9111.74,4480,2.55096,1.59435,0.761353
810,22888,260.4,342.4,169.4,180.4,265.4,16532,9124.74,9111.74,4480,2.55419,1.59637,0.762303
811,22908,260.4,342.4,169.4,180.4,265.4,16532,9124.74,9111.74,4480,2.55743,1.59839,0.763253
812,22933,260.4,342.4,169.4,180.4,265.4,16532,9124.74,9111.74,4480,2.56066,1.60041,0.764203
813,22954,260.4,342.4,169.4,180.4,265.4,16532,9124.74,9111.74,4480,2.56389,1.60243,0.765153
814,22980,260.4,342.4,169.4,180.4,265.4,16532,9124.74,9111.74,4480,2.56712,1.60445,0.766104
815,23000,260.4,342.4,169.4,180.4,265.4,16532,9124.74,9111.74,4480,2.57035,1.60647,0.767054
816,23021,260.4,342.4,169.4,180.4,265.4,16532,9124.74,9111.74,4480,2.57358,1.60849,0.768004
817,23046,260.4,342.4,169.4,180.4,265.4,16532,9124.74,9111.74,4480,2.57681,1.61051,0.768954
818,23068,260.4,342.4,169.4,180.4,265.4,16532,9124.74,9111.74,4480,2.58004,1.61253,0.769904
819,23095,260.4,342.4,169.4,180.4,265.4,16532,9124.74,9111.74,4480,2.58327,1.61455,0.770855
820,23121,260.4,342.4,169.4,180.4,265.4,16532,9124.74,9142.87,4480,2.5865,1.61656,0.771805
821,23146,260.4,342.4,169.4,180.4,265.4,16532,9124.74,9142.87,4480,2.58973,1.61858,0.772755
822,23172,260.4,342.4,169.4,180.4,265.4,16532,9124.74,9142.87,4480,2.59296,1.6206,0.773705
823,23197,260.4,342.4,169.4,180.4,265.4,16532,9124.74,9142.87,4480,2.5962,1.62262,0.774655
824,23220,260.4,342.4,169.4,180.4,265.4,16532,9124.74,9142.87,4480,2.59943,1.62464,0.775606
825,23248,260.4,342.4,169.4,180.4,265.4,16532,9124.74,9142.87,4480,2.60266,1.62666,0.776556
826,23275,260.4,342.4,169.4,180.4,265.4,16532,9124.74,9142.87,4480,2.60589,1.62868,0.777506
827,23293,260.4,342.4,169.4,180.4,265.4,16532,9124.74,9142.87,4480,2.60912,1.6307,0.778456
828,23312,260.4,342.4,169.4,180.4,265.4,16532,9124.74,9142.87,4480,2.61235,1.63272,0.779406
829,23339,260.4,342.4,169.4,180.4,265.4,16532,9124.74,9142.87,4480,2.61558,1.63474,0.780357
830,23365,260.4,342.4,169.4,180.4,265.4,16532,9124.74,9142.87,4480,2.61881,1.63676,0.781307
831,23392,260.4,342.4,169.4,180.4,265.4,16532,9124.74,9142.87,4480,2.62204,1.63878,0.782257
832,23417,260.4,342.4,169.4,180.4,265.4,16532,9124.74,9174.01,4480,2.62527,1.6408,0.783207
833,23441,260.4,342.4,169.4,180.4,265.4,16532,9124.74,9174.01,4480,2.6285,1.64282,0.784157
834,23468,260.4,342.4,169.4,180.4,265.4,16532,9124.74,9174.01,4480,2.63174,1.64483,0.785108
835,23494,260.4,342.4,169.4,180.4,265.4,16532,9124.74,9174.01,4480,2.63497,1.64685,0.786058
836,23518,260.4,342.4,169.4,180.4,265.4,16532,9124.74,9174.01,4480,2.6382,1.64887,0.787008
837,23543,260.4,342.4,169.4,180.4,265.4,16532,9124.74,9174.01,4480,2.64143,1.65089,0.787958
838,23563,260.4,342.4,169.4,180.4,265.4,16532,9124.74,9174.01,4480,2.64466,1.65291,0.788908
839,23588,260.4,342.4,169.4,180.4,265.4,16532,9124.74,9174.01,4480,2.64789,1.65493,0.789859
840,23613,260.4,342.4,169.4,180.4,265.4,16532,9124.74,9174.01,4480,2.65112,1.65695,0.790809
841,23635,260.4,342.4,169.4,180.4,265.4,16532,9124.74,9174.01,4480,2.65435,1.65897,0.791759
842,23659,260.4,342.4,169.4,180.4,265.4,16532,9124.74,9174.01,4480,2.65758,1.66099,0.792709
843,23681,260.4,342.4,169.4,180.4,265.4,16532,9124.74,9174.01,4480,2.66081,1.66301,0.793659
844,23705,260.4,342.4,169.4,180.4,265.4,16532,9124.74,9174.01,4480,2.66404,1.66503,0.79461
845,23729,260.4,342.4,169.4,180.4,265.4,16532,9124.74,9205.15,4480,2.66727,1.66705,0.79556
846,23750,260.4,342.4,169.4,180.4,265.4,16532,9124.74,9205.15,4480,2.67051,1.66907,0.79651
847,23771,260.4,342.4,169.4,180.4,265.4,16532,9124.74,9205.15,4480,2.67374,1.67109,0.79746
848,23798,260.4,342.4,169.4,180.4,265.4,16532,9124.74,9205.15,4480,2.67697,1.6731,0.79841
849,23820,260.4,342.4,169.4,180.4,265.4,16532,9124.74,9205.15,4480,2.6802,1.67512,0.799361
850,23844,260.4,342.4,169.4,180.4,265.4,16532,9124.74,9205.15,4480,2.68343,1.67714,0.800311
851,23868,260.4,342.4,169.4,180.4,265.4,16532,9124.74,9205.15,4480,2.68666,1.67916,0.801261
852,23891,260.4,342.4,169.4,180.4,265.4,16532,9124.74,9205.15,4480,2.68989,1.68118,0.802211
853,23911,260.4,342.4,169.4,180.4,265.4,16532,9124.74,9205.15,4480,2.69312,1.6832,0.803161
854,23937,260.4,342.4,169.4,180.4,265.4,16532,9124.74,9205.15,4480,2.69635,1.68522,0.804112
855,23962,260.4,342.4,169.4,180.4,265.4,16532,9124.74,9205.15,4480,2.69958,1.68724,0.805062
856,23989,260.4,342.4,169.4,180.4,265.4,16532,9124.74,9205.15,4480,2.70281,1.68926,0.806012
857,24016,260.4,342.4,169.4,180.4,265.4,16532,9124.74,9205.15,4480,2.70605,1.69128,0.806962
858,24043,260.4,342.4,169.4,180.4,265.4,16532,9124.74,9236.28,4480,2.70928,1.6933,0.807912
859,24066,260.4,342.4,169.4,180.4,265.4,16532,9124.74,9236.28,4480,2.71251,1.69532,0.808863
860,24091,260.4,342.4,169.4,180.4,265.4,16532,9124.74,9236.28,4480,2.71574,1.69734,0.809813
861,24116,260.4,342.4,169.4,180.4,265.4,16532,9124.74,9236.28,4480,2.71897,1.69936,0.810763
862,24139,260.4,342.4,169.4,180.4,265.4,16532,9124.74,9236.28,4480,2.7222,1.70137,0.811713
863,24166,260.4,342.4,169.4,180.4,265.4,16532,9124.74,9236.28,4480,2.72543,1.70339,0.812663
864,24186,260.4,342.4,169.4,180.4,265.4,16532,9124.74,9236.28,4480,2.72866,1.70541,0.813614
865,24212,260.4,342.4,169.4,180.4,265.4,16532,9124.74,9236.28,4480,2.73189,1.70743,0.814564
866,24236,260.4,342.4,169.4,180.4,265.4,16532,9124.74,9236.28,4480,2.73512,1.70945,0.815514
867,24262,260.4,342.4,169.4,180.4,265.4,16532,9124.74,9236.28,4480,2.73835,1.71147,0.816464
868,24287,260.4,342.4,169.4,180.4,265.4,16532,9124.74,9236.28,4480,2.74158,1.71349,0.817414
869,24314,260.4,342.4,169.4,180.4,265.4,16532,9124.74,9236.28,4480,2.74482,1.71551,0.818365
870,24339,260.4,342.4,169.4,180.4,265.4,16532,9124.74,9267.42,4480,2.74805,1.71753,0.819315
871,24366,260.4,342.4,169.4,180.4,265.4,16532,9124.74,9267.42,4480,2.75128,1.71955,0.820265
872,24387,260.4,342.4,169.4,180.4,265.4,16532,9124.74,9267.42,4480,2.75451,1.72157,0.821215
873,24413,260.4,342.4,169.4,180.4,265.4,16532,9124.74,9267.42,4480,2.75774,1.72359,0.822165
874,24438,260.4,342.4,169.4,180.4,265.4,16532,9124.74,9267.42,4480,2.76097,1.72561,0.823116
875,24463,260.4,342.4,169.4,180.4,265.4,16532,9124.74,9267.42,4480,2.7642,1.72763,0.824066
876,24488,260.4,342.4,169.4,180.4,265.4,16532,9124.74,9267.42,4480,2.76743,1.72964,0.825016
877,24514,260.4,342.4,169.4,180.4,265.4,16532,9124.74,9267.42,4480,2.77066,1.73166,0.825966
878,24537,260.4,342.4,169.4,180.4,265.4,16532,9124.74,9267.42,4480,2.77389,1.73368,0.826916
879,24566,260.4,342.4,169.4,180.4,265.4,16532,9124.74,9267.42,4480,2.77712,1.7357,0.827867
880,24591,260.4,342.4,169.4,180.4,265.4,16532,9124.74,9267.42,4480,2.78036,1.73772,0.828817
881,24614,260.4,342.4,169.4,180.4,265.4,16532,9124.74,9267.42,4480,2.78359,1.73974,0.829767
882,24636,260.4,342.4,169.4,180.4,265.4,16532,9124.74,9267.42,4480,2.78682,1.74176,0.830717
883,24660,260.4,342.4,169.4,180.4,265.4,16532,9124.74,9298.55,4480,2.79005,1.74378,0.831667
884,24683,260.4,342.4,169.4,180.4,265.4,16532,9124.74,9298.55,4480,2.79328,1.7458,0.832618
885,24704,260.4,342.4,169.4,180.4,265.4,16532,9124.74,9298.55,4480,2.79651,1.74782,0.833568
886,24721,260.4,342.4,169.4,180.4,265.4,16532,9124.74,9298.55,4480,2.79974,1.74984,0.834518
887,24746,260.4,342.4,169.4,180.4,265.4,16532,9124.74,9298.55,4480,2.80297,1.75186,0.835468
888,24766,260.4,342.4,169.4,180.4,265.4,16532,9124.74,9298.55,4480,2.8062,1.75388,0.836418
889,24791,260.4,342.4,169.4,180.4,265.4,16532,9124.74,9298.55,4480,2.80943,1.7559,0.837369
890,24817,260.4,342.4,169.4,180.4,265.4,16532,9124.74,9298.55,4480,2.81266,1.75792,0.838319
891,24840,260.4,342.4,169.4,180.4,265.4,16532,9124.74,9298.55,4480,2.81589,1.75993,0.839269
892,24866,260.4,342.4,169.4,180.4,265.4,16532,9124.74,9298.55,4480,2.81913,1.76195,0.840219
893,24888,260.4,342.4,169.4,180.4,265.4,16532,9124.74,9298.55,4480,2.82236,1.76397,0.841169
894,24909,260.4,342.4,169.4,180.4,265.4,16532,9124.74,9298.55,4480,2.82559,1.76599,0.84212
895,24932,260.4,342.4,169.4,180.4,265.4,16532,9124.74,9298.55,4480,2.82882,1.76801,0.84307
896,24959,260.4,342.4,169.4,180.4,265.4,16532,9124.74,9298.55,4480,2.83205,1.77003,0.84402
897,24984,260.4,342.4,169.4,180.4,265.4,16532,9124.74,9329.69,4480,2.83528,1.77205,0.84497
898,25013,260.4,342.4,169.4,180.4,265.4,16532,9124.74,9329.69,4480,2.83851,1.77407,0.84592
899,25037,260.4,342.4,169.4,180.4,265.4,16532,9124.74,9329.69,4480,2.84174,1.77609,0.846871
900,25063,260.4,342.4,169.4,180.4,265.4,16532,9124.74,9329.69,4480,2.84497,1.77811,0.847821
901,25083,260.4,342.4,169.4,180.4,265.4,16532,9124.74,9329.69,4480,2.8482,1.78013,0.848771
902,25099,260.4,342.4,169.4,180.4,265.4,16532,9124.74,9329.69,4480,2.85143,1.78215,0.849721
903,25129,260.4,342.4,169.4,180.4,265.4,16532,9124.74,9329.69,4480,2.85467,1.78417,0.850671
904,25154,260.4,342.4,169.4,180.4,265.4,16532,9124.74,9329.69,4480,2.8579,1.78619,0.851621
905,25176,260.4,342.4,169.4,180.4,265.4,16532,9124.74,9329.69,4480,2.86113,1.7882,0.852572
906,25203,260.4,342.4,169.4,180.4,265.4,16532,9124.74,9329.69,4480,2.86436,1.79022,0.853522
907,25231,260.4,342.4,169.4,180.4,265.4,16532,9124.74,9329.69,4480,2.86759,1.79224,0.854472
908,25258,260.4,342.4,169.4,180.4,265.4,16532,9124.74,9329.69,4480,2.87082,1.79426,0.855422
909,25283,260.4,342.4,169.4,180.4,265.4,16532,9124.74,9360.83,4480,2.87405,1.79628,0.856372
910,25303,260.4,342.4,169.4,180.4,265.4,16532,9124.74,9360.83,4480,2.87728,1.7983,0.857323
911,25330,260.4,342.4,169.4,180.4,265.4,16532,9124.74,9360.83,4480,2.88051,1.80032,0.858273
912,25354,260.4,342.4,169.4,180.4,265.4,16532,9124.74,9360.83,4480,2.88374,1.80234,0.859223
913,25375,260.4,342.4,169.4,180.4,265.4,16532,9124.74,9360.83,4480,2.88697,1.80436,0.860173
914,25398,260.4,342.4,169.4,180.4,265.4,16532,9124.74,9360.83,4480,2.8902,1.80638,0.861123
915,25420,260.4,342.4,169.4,180.4,265.4,16532,9124.74,9360.83,4480,2.89344,1.8084,0.862074
916,25442,260.4,342.4,169.4,180.4,265.4,16532,9124.74,9360.83,4480,2.89667,1.81042,0.863024
917,25466,260.4,342.4,169.4,180.4,265.4,16532,9124.74,9360.83,4480,2.8999,1.81244,0.863974
918,25486,260.4,342.4,169.4,180.4,265.4,16532,9124.74,9360.83,4480,2.90313,1.81446,0.864924
919,25511,260.4,342.4,169.4,180.4,265.4,16532,9124.74,9360.83,4480,2.90636,1.81647,0.865874
920,25536,260.4,342.4,169.4,180.4,265.4,16532,9124.74,9360.83,4480,2.90959,1.81849,0.866825
921,25558,260.4,342.4,169.4,180.4,265.4,16532,9124.74,9360.83,4480,2.91282,1.82051,0.867775
922,25578,260.4,342.4,169.4,180.4,265.4,16532,9124.74,9360.83,4480,2.91605,1.82253,0.868725
923,25604,260.4,342.4,169.4,180.4,265.4,16532,9124.74,9391.96,4480,2.91928,1.82455,0.869675
924,25628,260.4,342.4,169.4,180.4,265.4,16532,9124.74,9391.96,4480,2.92251,1.82657,0.870625
925,25650,260.4,342.4,169.4,180.4,265.4,16532,9124.74,9391.96,4480,2.92574,1.82859,0.871576
926,25670,260.4,342.4,169.4,180.4,265.4,16532,9124.74,9391.96,4480,2.92898,1.83061,0.872526
927,25691,260.4,342.4,169.4,180.4,265.4,16532,9124.74,9391.96,4480,2.93221,1.83263,0.873476
928,25715,260.4,342.4,169.4,180.4,265.4,16532,9124.74,9391.96,4480,2.93544,1.83465,0.874426
929,25738,260.4,342.4,169.4,180.4,265.4,16532,9124.74,9391.96,4480,2.93867,1.83667,0.875376
930,25764,260.4,342.4,169.4,180.4,265.4,16532,9124.74,9391.96,4480,2.9419,1.83869,0.876327
931,25787,260.4,342.4,169.4,180.4,265.4,16532,9124.74,9391.96,4480,2.94513,1.84071,0.877277
932,25802,260.4,342.4,169.4,180.4,265.4,16532,9124.74,9391.96,4480,2.94836,1.84273,0.878227
933,25823,260.4,342.4,169.4,180.4,265.4,16532,9124.74,9391.96,4480,2.95159,1.84474,0.879177
934,25843,260.4,342.4,169.4,180.4,265.4,16532,9124.74,9391.96,4480,2.95482,1.84676,0.880127
935,25869,260.4,342.4,169.4,180.4,265.4,16532,9124.74,9391.96,4480,2.95805,1.84878,0.881078
936,25891,260.4,342.4,169.4,180.4,265.4,16532,9124.74,9391.96,4480,2.96128,1.8508,0.882028
937,25914,260.4,342.4,169.4,180.4,265.4,16532,9124.74,9391.96,4480,2.96451,1.85282,0.882978
938,25937,260.4,342.4,169.4,180.4,265.4,16532,9124.74,9423.1,4480,2.96775,1.85484,0.883928
939,25957,260.4,342.4,169.4,180.4,265.4,16532,9124.74,9423.1,4480,2.97098,1.85686,0.884878
940,25984,260.4,342.4,169.4,180.4,265.4,16532,9124.74,9423.1,4480,2.97421,1.85888,0.885829
941,26008,260.4,342.4,169.4,180.4,265.4,16532,9124.74,9423.1,4480,2.97744,1.8609,0.886779
942,26031,260.4,342.4,169.4,180.4,265.4,16532,9124.74,9423.1,4480,2.98067,1.86292,0.887729
943,26057,260.4,342.4,169.4,180.4,265.4,16532,9124.74,9423.1,4480,2.9839,1.86494,0.888679
944,26078,260.4,342.4,169.4,180.4,265.4,16532,9124.74,9423.1,4480,2.98713,1.86696,0.889629
945,26104,260.4,342.4,169.4,180.4,265.4,16532,9124.74,9423.1,4480,2.99036,1.86898,0.89058
946,26125,260.4,342.4,169.4,180.4,265.4,16532,9124.74,9423.1,4480,2.99359,1.871,0.89153
947,26149,260.4,342.4,169.4,180.4,265.4,16532,9124.74,9423.1,4480,2.99682,1.87301,0.89248
948,26169,260.4,342.4,169.4,180.4,265.4,16532,9124.74,9423.1,4480,3.00005,1.87503,0.89343
949,26195,260.4,342.4,169.4,180.4,265.4,16532,9124.74,9423.1,4480,3.00329,1.87705,0.89438
950,26216,260.4,342.4,169.4,180.4,265.4,16532,9124.74,9423.1,4480,3.00652,1.87907,0.895331
951,26243,260.4,342.4,169.4,180.4,265.4,16532,9124.74,9423.1,4480,3.00975,1.88109,0.896281
952,26268,260.4,342.4,169.4,180.4,265.4,16532,9124.74,9454.23,4480,3.01298,1.88311,0.897231
953,26294,260.4,342.4,169.4,180.4,265.4,16532,9124.74,9454.23,4480,3.01621,1.88513,0.898181
954,26318,260.4,342.4,169.4,180.4,265.4,16532,9124.74,9454.23,4480,3.01944,1.88715,0.899131
955,26346,260.4,342.4,169.4,180.4,265.4,16532,9124.74,9454.23,4480,3.02267,1.88917,0.900082
956,26368,260.4,342.4,169.4,180.4,265.4,16532,9124.74,9454.23,4480,3.0259,1.89119,0.901032
957,26394,260.4,342.4,169.4,180.4,265.4,16532,9124.74,9454.23,4480,3.02913,1.89321,0.901982
958,26417,260.4,342.4,169.4,180.4,265.4,16532,9124.74,9454.23,4480,3.03236,1.89523,0.902932
959,26446,260.4,342.4,169.4,180.4,265.4,16532,9124.74,9454.23,4480,3.03559,1.89725,0.903882
960,26469,260.4,342.4,169.4,180.4,265.4,16532,9124.74,9454.23,4480,3.03882,1.89927,0.904833
961,26494,260.4,342.4,169.4,180.4,265.4,16532,9124.74,9454.23,4480,3.04206,1.90128,0.905783
962,26517,260.4,342.4,169.4,180.4,265.4,16532,9124.74,9454.23,4480,3.04529,1.9033,0.906733
963,26539,260.4,342.4,169.4,180.4,265.4,16532,9124.74,9454.23,4480,3.04852,1.90532,0.907683
964,26563,260.4,342.4,169.4,180.4,265.4,16532,9124.74,9454.23,4480,3.05175,1.90734,0.908633
965,26587,260.4,342.4,169.4,180.4,265.4,16532,9124.74,9485.37,4480,3.05498,1.90936,0.909584
966,26610,260.4,342.4,169.4,180.4,265.4,16532,9124.74,9485.37,4480,3.05821,1.91138,0.910534
967,26635,260.4,342.4,169.4,180.4,265.4,16532,9124.74,9485.37,4480,3.06144,1.9134,0.911484
968,26660,260.4,342.4,169.4,180.4,265.4,16532,9124.74,9485.37,4480,3.06467,1.91542,0.912434
969,26680,260.4,342.4,169.4,180.4,265.4,16532,9124.74,9485.37,4480,3.0679,1.91744,0.913384
970,26705,260.4,342.4,169.4,180.4,265.4,16532,9124.74,9485.37,4480,3.07113,1.91946,0.914335
971,26726,260.4,342.4,169.4,180.4,265.4,16532,9124.74,9485.37,4480,3.07436,1.92148,0.915285
972,26749,260.4,342.4,169.4,180.4,265.4,16532,9124.74,9485.37,4480,3.0776,1.9235,0.916235
973,26766,260.4,342.4,169.4,180.4,265.4,16532,9124.74,9485.37,4480,3.08083,1.92552,0.917185
974,26792,260.4,342.4,169.4,180.4,265.4,16532,9124.74,9485.37,4480,3.08406,1.92754,0.918135
975,26815,260.4,342.4,169.4,180.4,265.4,16532,9124.74,9485.37,4480,3.08729,1.92955,0.919086
976,26841,260.4,342.4,169.4,180.4,265.4,16532,9124.74,9485.37,4480,3.09052,1.93157,0.920036
977,26866,260.4,342.4,169.4,180.4,265.4,16532,9124.74,9485.37,4480,3.09375,1.93359,0.920986
978,26891,260.4,342.4,169.4,180.4,265.4,16532,9124.74,9485.37,4480,3.09698,1.93561,0.921936
979,26920,260.4,342.4,169.4,180.4,265.4,16532,9124.74,9516.51,4480,3.10021,1.93763,0.922886
980,26943,260.4,342.4,169.4,180.4,265.4,16532,9124.74,9516.51,4480,3.10344,1.93965,0.923837
981,26967,260.4,342.4,169.4,180.4,265.4,16532,9124.74,9516.51,4480,3.10667,1.94167,0.924787
982,26992,260.4,342.4,169.4,180.4,265.4,16532,9124.74,9516.51,4480,3.1099,1.94369,0.925737
983,27010,260.4,342.4,169.4,180.4,265.4,16532,9124.74,9516.51,4480,3.11313,1.94571,0.926687
984,27030,260.4,342.4,169.4,180.4,265.4,16532,9124.74,9516.51,4480,3.11637,1.94773,0.927637
985,27051,260.4,342.4,169.4,180.4,265.4,16532,9124.74,9516.51,4480,3.1196,1.94975,0.928588
986,27077,260.4,342.4,169.4,180.4,265.4,16532,9124.74,9516.51,4480,3.12283,1.95177,0.929538
987,27101,260.4,342.4,169.4,180.4,265.4,16532,9124.74,9516.51,4480,3.12606,1.95379,0.930488
988,27126,260.4,342.4,169.4,180.4,265.4,16532,9124.74,9516.51,4480,3.12929,1.95581,0.931438
989,27152,260.4,342.4,169.4,180.4,265.4,16532,9124.74,9516.51,4480,3.13252,1.95783,0.932388
990,27177,260.4,342.4,169.4,180.4,265.4,16532,9124.74,9516.51,4480,3.13575,1.95984,0.933339
991,27198,260.4,342.4,169.4,180.4,265.4,16532,9124.74,9516.51,4480,3.13898,1.96186,0.934289
992,27224,260.4,342.4,169.4,180.4,265.4,16532,9124.74,9516.51,4480,3.14221,1.96388,0.935239
993,27250,260.4,342.4,169.4,180.4,265.4,16532,9124.74,9547.64,4480,3.14544,1.9659,0.936189
994,27271,260.4,342.4,169.4,180.4,265.4,16532,9124.74,9547.64,4480,3.14867,1.96792,0.937139
995,27293,260.4,342.4,169.4,180.4,265.4,16532,9124.74,9547.64,4480,3.15191,1.96994,0.93809
996,27314,260.4,342.4,169.4,180.4,265.4,16532,9124.74,9547.64,4480,3.15514,1.97196,0.93904
997,27338,260.4,342.4,169.4,180.4,265.4,16532,9124.74,9547.64,4480,3.15837,1.97398,0.93999
998,27361,260.4,342.4,169.4,180.4,265.4,16532,9124.74,9547.64,4480,3.1616,1.976,0.94094
999,27382,260.4,342.4,169.4,180.4,265.4,16532,9124.74,9547.64,4480,3.16483,1.97802,0.94189
1000,27404,260.4,342.4,169.4,180.4,265.4,16532,9124.74,9547.64,4480,3.16806,1.98004,0.942841
1001,27425,260.4,342.4,169.4,180.4,265.4,16532,9124.74,9547.64,4480,3.17129,1.98206,0.943791
1002,27448,260.4,342.4,169.4,180.4,265.4,16532,9124.74,9547.64,4480,3.17452,1.98408,0.944741
1003,27472,260.4,342.4,169.4,180.4,265.4,16532,9124.74,9547.64,4480,3.17775,1.9861,0.945691
1004,27493,260.4,342.4,169.4,180.4,265.4,16532,9124.74,9547.64,4480,3.18098,1.98811,0.946641
1005,27517,260.4,342.4,169.4,180.4,265.4,16532,9124.74,9547.64,4480,3.18421,1.99013,0.947591
1006,27540,260.4,342.4,169.4,180.4,265.4,16532,9124.74,9547.64,4480,3.18744,1.99215,0.948542
1007,27561,260.4,342.4,169.4,180.4,265.4,16532,9124.74,9578.78,4480,3.19068,1.99417,0.949492
1008,27585,260.4,342.4,169.4,180.4,265.4,16532,9124.74,9578.78,4480,3.19391,1.99619,0.950442
1009,27608,260.4,342.4,169.4,180.4,265.4,16532,9124.74,9578.78,4480,3.19714,1.99821,0.951392
1010,27631,260.4,342.4,169.4,180.4,265.4,16532,9124.74,9578.78,4480,3.20037,2.00023,0.952342
1011,27655,260.4,342.4,169.4,180.4,265.4,16532,9124.74,9578.78,4480,3.2036,2.00225,0.953293
1012,27678,260.4,342.4,169.4,180.4,265.4,16532,9124.74,9578.78,4480,3.20683,2.00427,0.954243
1013,27694,260.4,342.4,169.4,180.4,265.4,16532,9124.74,9578.78,4480,3.21006,2.00629,0.955193
1014,27712,260.4,342.4,169.4,180.4,265.4,16532,9124.74,9578.78,4480,3.21329,2.00831,0.956143
1015,27733,260.4,342.4,169.4,180.4,265.4,16532,9124.74,9578.78,4480,3.21652,2.01033,0.957093
1016,27756,260.4,342.4,169.4,180.4,265.4,16532,9124.74,9578.78,4480,3.21975,2.01235,0.958044
1017,27780,260.4,342.4,169.4,180.4,265.4,16532,9124.74,9578.78,4480,3.22298,2.01437,0.958994
1018,27800,260.4,342.4,169.4,180.4,265.4,16532,9124.74,9578.78,4480,3.22622,2.01638,0.959944
1019,27818,260.4,342.4,169.4,180.4,265.4,16532,9124.74,9578.78,4480,3.22945,2.0184,0.960894
1020,27838,260.4,342.4,169.4,180.4,265.4,16532,9124.74,9578.78,4480,3.23268,2.02042,0.961844
1021,27858,260.4,342.4,169.4,180.4,265.4,16532,9124.74,9578.78,4480,3.23591,2.02244,0.962795
1022,27879,260.4,342.4,169.4,180.4,265.4,16532,9124.74,9578.78,4480,3.23914,2.02446,0.963745
1023,27903,260.4,342.4,169.4,180.4,265.4,16532,9124.74,9609.91,4480,3.24237,2.02648,0.964695
1024,27926,260.4,342.4,169.4,180.4,265.4,16532,9124.74,9609.91,4480,3.2456,2.0285,0.965645
1025,27948,260.4,342.4,169.4,180.4,265.4,16532,9124.74,9609.91,4480,3.24883,2.03052,0.966595
1026,27969,260.4,342.4,169.4,180.4,265.4,16532,9124.74,9609.91,4480,3.25206,2.03254,0.967546
1027,27996,260.4,342.4,169.4,180.4,265.4,16532,9124.74,9609.91,4480,3.25529,2.03456,0.968496
1028,28017,260.4,342.4,169.4,180.4,265.4,16532,9124.74,9609.91,4480,3.25852,2.03658,0.969446
1029,28042,260.4,342.4,169.4,180.4,265.4,16532,9124.74,9609.91,4480,3.26175,2.0386,0.970396
1030,28065,260.4,342.4,169.4,180.4,265.4,16532,9124.74,9609.91,4480,3.26499,2.04062,0.971346
1031,28089,260.4,342.4,169.4,180.4,265.4,16532,9124.74,9609.91,4480,3.26822,2.04264,0.972297
1032,28111,260.4,342.4,169.4,180.4,265.4,16532,9124.74,9609.91,4480,3.27145,2.04465,0.973247
1033,28136,260.4,342.4,169.4,180.4,265.4,16532,9124.74,9609.91,4480,3.27468,2.04667,0.974197
1034,28159,260.4,342.4,169.4,180.4,265.4,16532,9124.74,9609.91,4480,3.27791,2.04869,0.975147
1035,28183,260.4,342.4,169.4,180.4,265.4,16532,9124.74,9609.91,4480,3.28114,2.05071,0.976097
1036,28209,260.4,342.4,169.4,180.4,265.4,16532,9124.74,9609.91,4480,3.28437,2.05273,0.977048
1037,28233,260.4,342.4,169.4,180.4,265.4,16532,9124.74,9641.05,4480,3.2876,2.05475,0.977998
1038,28258,260.4,342.4,169.4,180.4,265.4,16532,9124.74,9641.05,4480,3.29083,2.05677,0.978948
1039,28279,260.4,342.4,169.4,180.4,265.4,16532,9124.74,9641.05,4480,3.29406,2.05879,0.979898
1040,28305,260.4,342.4,169.4,180.4,265.4,16532,9124.74,9641.05,4480,3.29729,2.06081,0.980848
1041,28329,260.4,342.4,169.4,180.4,265.4,16532,9124.74,9641.05,4480,3.30053,2.06283,0.981799
1042,28350,260.4,342.4,169.4,180.4,265.4,16532,9124.74,9641.05,4480,3.30376,2.06485,0.982749
1043,28371,260.4,342.4,169.4,180.4,265.4,16532,9124.74,9641.05,4480,3.30699,2.06687,0.983699
1044,28389,260.4,342.4,169.4,180.4,265.4,16532,9124.74,9641.05,4480,3.31022,2.06889,0.984649
1045,28412,260.4,342.4,169.4,180.4,265.4,16532,9124.74,9641.05,4480,3.31345,2.07091,0.985599
1046,28433,260.4,342.4,169.4,180.4,265.4,16532,9124.74,9641.05,4480,3.31668,2.07292,0.98655
1047,28458,260.4,342.4,169.4,180.4,265.4,16532,9124.74,9641.05,4480,3.31991,2.07494,0.9875
1048,28482,260.4,342.4,169.4,180.4,265.4,16532,9124.74,9641.05,4480,3.32314,2.07696,0.98845
1049,28507,260.4,342.4,169.4,180.4,265.4,16532,9124.74,9641.05,4480,3.32637,2.07898,0.9894
1050,28532,260.4,342.4,169.4,180.4,265.4,16532,9124.74,9641.05,4480,3.3296,2.081,0.99035
1051,28557,260.4,342.4,169.4,180.4,265.4,16532,9124.74,9641.05,4480,3.33283,2.08302,0.991301
1052,28579,260.4,342.4,169.4,180.4,265.4,16532,9124.74,9672.19,4480,3.33606,2.08504,0.992251
1053,28606,260.4,342.4,169.4,180.4,265.4,16532,9124.74,9672.19,4480,3.3393,2.08706,0.993201
1054,28623,260.4,342.4,169.4,180.4,265.4,16532,9124.74,9672.19,4480,3.34253,2.08908,0.994151
1055,28645,260.4,342.4,169.4,180.4,265.4,16532,9124.74,9672.19,4480,3.34576,2.0911,0.995101
1056,28667,260.4,342.4,169.4,180.4,265.4,16532,9124.74,9672.19,4480,3.34899,2.09312,0.996052
1057,28685,260.4,342.4,169.4,180.4,265.4,16532,9124.74,9672.19,4480,3.35222,2.09514,0.997002
1058,28705,260.4,342.4,169.4,180.4,265.4,16532,9124.74,9672.19,4480,3.35545,2.09716,0.997952
1059,28726,260.4,342.4,169.4,180.4,265.4,16532,9124.74,9672.19,4480,3.35868,2.09918,0.998902
1060,28750,260.4,342.4,169.4,180.4,265.4,16532,9124.74,9672.19,4480,3.36191,2.10119,0.999852
1061,28772,260.4,342.4,169.4,180.4,265.4,16532,9124.74,9672.19,4480,3.36514,2.10321,1.0008
1062,28797,260.4,342.4,169.4,180.4,265.4,16532,9124.74,9672.19,4480,3.36837,2.10523,1.00175
1063,28824,260.4,342.4,169.4,180.4,265.4,16532,9124.74,9672.19,4480,3.3716,2.10725,1.0027
1064,28848,260.4,342.4,169.4,180.4,265.4,16532,9124.74,9672.19,4480,3.37484,2.10927,1.00365
1065,28874,260.4,342.4,169.4,180.4,265.4,16532,9124.74,9672.19,4480,3.37807,2.11129,1.0046
1066,28897,260.4,342.4,169.4,180.4,265.4,16532,9124.74,9672.19,4480,3.3813,2.11331,1.00555
1067,28916,260.4,342.4,169.4,180.4,265.4,16532,9124.74,9703.32,4480,3.38453,2.11533,1.0065
1068,28936,260.4,342.4,169.4,180.4,265.4,16532,9124.74,9703.32,4480,3.38776,2.11735,1.00745
1069,28962,260.4,342.4,169.4,180.4,265.4,16532,9124.74,9703.32,4480,3.39099,2.11937,1.0084
1070,28983,260.4,342.4,169.4,180.4,265.4,16532,9124.74,9703.32,4480,3.39422,2.12139,1.00935
1071,29000,260.4,342.4,169.4,180.4,265.4,16532,9124.74,9703.32,4480,3.39745,2.12341,1.0103
1072,29024,260.4,342.4,169.4,180.4,265.4,16532,9124.74,9703.32,4480,3.40068,2.12543,1.01125
1073,29048,260.4,342.4,169.4,180.4,265.4,16532,9124.74,9703.32,4480,3.40391,2.12745,1.0122
1074,29069,260.4,342.4,169.4,180.4,265.4,16532,9124.74,9703.32,4480,3.40714,2.12946,1.01316
1075,29093,260.4,342.4,169.4,180.4,265.4,16532,9124.74,9703.32,4480,3.41037,2.13148,1.01411
1076,29117,260.4,342.4,169.4,180.4,265.4,16532,9124.74,9703.32,4480,3.41361,2.1335,1.01506
1077,29142,260.4,342.4,169.4,180.4,265.4,16532,9124.74,9703.32,4480,3.41684,2.13552,1.01601
1078,29160,260.4,342.4,169.4,180.4,265.4,16532,9124.74,9703.32,4480,3.42007,2.13754,1.01696
1079,29180,260.4,342.4,169.4,180.4,265.4,16532,9124.74,9703.32,4480,3.4233,2.13956,1.01791
1080,29200,260.4,342.4,169.4,180.4,265.4,16532,9124.74,9703.32,4480,3.42653,2.14158,1.01886
1081,29219,260.4,342.4,169.4,180.4,265.4,16532,9124.74,9703.32,4480,3.42976,2.1436,1.01981
1082,29242,260.4,342.4,169.4,180.4,265.4,16532,9124.74,9734.46,4480,3.43299,2.14562,1.02076
1083,29266,260.4,342.4,169.4,180.4,265.4,16532,9124.74,9734.46,4480,3.43622,2.14764,1.02171
1084,29282,260.4,342.4,169.4,180.4,265.4,16532,9124.74,9734.46,4480,3.43945,2.14966,1.02266
1085,29307,260.4,342.4,169.4,180.4,265.4,16532,9124.74,9734.46,4480,3.44268,2.15168,1.02361
1086,29333,260.4,342.4,169.4,180.4,265.4,16532,9124.74,9734.46,4480,3.44591,2.1537,1.02456
1087,29355,260.4,342.4,169.4,180.4,265.4,16532,9124.74,9734.46,4480,3.44915,2.15572,1.02551
1088,29379,260.4,342.4,169.4,180.4,265.4,16532,9124.74,9734.46,4480,3.45238,2.15774,1.02646
1089,29396,260.4,342.4,169.4,180.4,265.4,16532,9124.74,9734.46,4480,3.45561,2.15975,1.02741
1090,29418,260.4,342.4,169.4,180.4,265.4,16532,9124.74,9734.46,4480,3.45884,2.16177,1.02836
1091,29444,260.4,342.4,169.4,180.4,265.4,16532,9124.74,9734.46,4480,3.46207,2.16379,1.02931
1092,29467,260.4,342.4,169.4,180.4,265.4,16532,9124.74,9734.46,4480,3.4653,2.16581,1.03026
1093,29488,260.4,342.4,169.4,180.4,265.4,16532,9124.74,9734.46,4480,3.46853,2.16783,1.03121
1094,29509,260.4,342.4,169.4,180.4,265.4,16532,9124.74,9734.46,4480,3.47176,2.16985,1.03216
1095,29531,260.4,342.4,169.4,180.4,265.4,16532,9124.74,9734.46,4480,3.47499,2.17187,1.03311
1096,29555,260.4,342.4,169.4,180.4,265.4,16532,9124.74,9734.46,4480,3.47822,2.17389,1.03406
1097,29574,260.4,342.4,169.4,180.4,265.4,16532,9124.74,9734.46,4480,3.48145,2.17591,1.03501
1098,29600,260.4,342.4,169.4,180.4,265.4,16532,9124.74,9765.6,4480,3.48468,2.17793,1.03596
1099,29622,260.4,342.4,169.4,180.4,265.4,16532,9124.74,9765.6,4480,3.48792,2.17995,1.03691
1100,29644,260.4,342.4,169.4,180.4,265.4,16532,9124.74,9765.6,4480,3.49115,2.18197,1.03786
1101,29670,260.4,342.4,169.4,180.4,265.4,16532,9124.74,9765.6,4480,3.49438,2.18399,1.03881
1102,29688,260.4,342.4,169.4,180.4,265.4,16532,9124.74,9765.6,4480,3.49761,2.18601,1.03976
1103,29710,260.4,342.4,169.4,180.4,265.4,16532,9124.74,9765.6,4480,3.50084,2.18802,1.04071
1104,29731,260.4,342.4,169.4,180.4,265.4,16532,9124.74,9765.6,4480,3.50407,2.19004,1.04166
1105,29747,260.4,342.4,169.4,180.4,265.4,16532,9124.74,9765.6,4480,3.5073,2.19206,1.04261
1106,29769,260.4,342.4,169.4,180.4,265.4,16532,9124.74,9765.6,4480,3.51053,2.19408,1.04356
1107,29796,260.4,342.4,169.4,180.4,265.4,16532,9124.74,9765.6,4480,3.51376,2.1961,1.04451
1108,29817,260.4,342.4,169.4,180.4,265.4,16532,9124.74,9765.6,4480,3.51699,2.19812,1.04546
1109,29842,260.4,342.4,169.4,180.4,265.4,16532,9124.74,9765.6,4480,3.52022,2.20014,1.04641
1110,29868,260.4,342.4,169.4,180.4,265.4,16532,9124.74,9765.6,4480,3.52346,2.20216,1.04736
1111,29892,260.4,342.4,169.4,180.4,265.4,16532,9124.74,9765.6,4480,3.52669,2.20418,1.04831
1112,29913,260.4,342.4,169.4,180.4,265.4,16532,9124.74,9765.6,4480,3.52992,2.2062,1.04926
1113,29935,260.4,342.4,169.4,180.4,265.4,16532,9124.74,9796.73,4480,3.53315,2.20822,1.05021
1114,29956,260.4,342.4,169.4,180.4,265.4,16532,9124.74,9796.73,4480,3.53638,2.21024,1.05116
1115,29980,260.4,342.4,169.4,180.4,265.4,16532,9124.74,9796.73,4480,3.53961,2.21226,1.05211
1116,30000,260.4,342.4,169.4,180.4,265.4,16532,9124.74,9796.73,4480,3.54284,2.21428,1.05306
1117,30019,260.4,342.4,169.4,180.4,265.4,16532,9124.74,9796.73,4480,3.54607,2.21629,1.05401
1118,30043,260.4,342.4,169.4,180.4,265.4,16532,9124.74,9796.73,4480,3.5493,2.21831,1.05496
1119,30065,260.4,342.4,169.4,180.4,265.4,16532,9124.74,9796.73,4480,3.55253,2.22033,1.05591
1120,30089,260.4,342.4,169.4,180.4,265.4,16532,9124.74,9796.73,4480,3.55576,2.22235,1.05686
1121,30110,260.4,342.4,169.4,180.4,265.4,16532,9124.74,9796.73,4480,3.55899,2.22437,1.05781
1122,30131,260.4,342.4,169.4,180.4,265.4,16532,9124.74,9796.73,4480,3.56223,2.22639,1.05876
1123,30154,260.4,342.4,169.4,180.4,265.4,16532,9124.74,9796.73,4480,3.56546,2.22841,1.05971
1124,30175,260.4,342.4,169.4,180.4,265.4,16532,9124.74,9796.73,4480,3.56869,2.23043,1.06067
1125,30201,260.4,342.4,169.4,180.4,265.4,16532,9124.74,9796.73,4480,3.57192,2.23245,1.06162
1126,30221,260.4,342.4,169.4,180.4,265.4,16532,9124.74,9796.73,4480,3.57515,2.23447,1.06257
1127,30243,260.4,342.4,169.4,180.4,265.4,16532,9124.74,9796.73,4480,3.57838,2.23649,1.06352
1128,30271,260.4,342.4,169.4,180.4,265.4,16532,9124.74,9796.73,4480,3.58161,2.23851,1.06447
1129,30293,260.4,342.4,169.4,180.4,265.4,16532,9124.74,9827.87,4480,3.58484,2.24053,1.06542
1130,30320,260.4,342.4,169.4,180.4,265.4,16532,9124.74,9827.87,4480,3.58807,2.24255,1.06637
1131,30342,260.4,342.4,169.4,180.4,265.4,16532,9124.74,9827.87,4480,3.5913,2.24456,1.06732
1132,30365,260.4,342.4,169.4,180.4,265.4,16532,9124.74,9827.87,4480,3.59453,2.24658,1.06827
1133,30385,260.4,342.4,169.4,180.4,265.4,16532,9124.74,9827.87,4480,3.59777,2.2486,1.06922
1134,30406,260.4,342.4,169.4,180.4,265.4,16532,9124.74,9827.87,4480,3.601,2.25062,1.07017
1135,30431,260.4,342.4,169.4,180.4,265.4,16532,9124.74,9827.87,4480,3.60423,2.25264,1.07112
1136,30454,260.4,342.4,169.4,180.4,265.4,16532,9124.74,9827.87,4480,3.60746,2.25466,1.07207
1137,30477,260.4,342.4,169.4,180.4,265.4,16532,9124.74,9827.87,4480,3.61069,2.25668,1.07302
1138,30502,260.4,342.4,169.4,180.4,265.4,16532,9124.74,9827.87,4480,3.61392,2.2587,1.07397
1139,30526,260.4,342.4,169.4,180.4,265.4,16532,9124.74,9827.87,4480,3.61715,2.26072,1.07492
1140,30542,260.4,342.4,169.4,180.4,265.4,16532,9124.74,9827.87,4480,3.62038,2.26274,1.07587
1141,30566,260.4,342.4,169.4,180.4,265.4,16532,9124.74,9827.87,4480,3.62361,2.26476,1.07682
1142,30588,260.4,342.4,169.4,180.4,265.4,16532,9124.74,9827.87,4480,3.62684,2.26678,1.07777
1143,30611,260.4,342.4,169.4,180.4,265.4,16532,9124.74,9827.87,4480,3.63007,2.2688,1.07872
1144,30635,260.4,342.4,169.4,180.4,265.4,16532,9124.74,9859,4480,3.6333,2.27082,1.07967
1145,30661,260.4,342.4,169.4,180.4,265.4,16532,9124.74,9859,4480,3.63654,2.27283,1.08062
1146,30684,260.4,342.4,169.4,180.4,265.4,16532,9124.74,9859,4480,3.63977,2.27485,1.08157
1147,30706,260.4,342.4,169.4,180.4,265.4,16532,9124.74,9859,4480,3.643,2.27687,1.08252
1148,30722,260.4,342.4,169.4,180.4,265.4,16532,9124.74,9859,4480,3.64623,2.27889,1.08347
1149,30745,260.4,342.4,169.4,180.4,265.4,16532,9124.74,9859,4480,3.64946,2.28091,1.08442
1150,30763,260.4,342.4,169.4,180.4,265.4,16532,9124.74,9859,4480,3.65269,2.28293,1.08537
1151,30784,260.4,342.4,169.4,180.4,265.4,16532,9124.74,9859,4480,3.65592,2.28495,1.08632
1152,30807,260.4,342.4,169.4,180.4,265.4,16532,9124.74,9859,4480,3.65915,2.28697,1.08727
1153,30832,260.4,342.4,169.4,180.4,265.4,16532,9124.74,9859,4480,3.66238,2.28899,1.08822
1154,30851,260.4,342.4,169.4,180.4,265.4,16532,9124.74,9859,4480,3.66561,2.29101,1.08917
1155,30876,260.4,342.4,169.4,180.4,265.4,16532,9124.74,9859,4480,3.66884,2.29303,1.09012
1156,30890,260.4,342.4,169.4,180.4,265.4,16532,9124.74,9859,4480,3.67208,2.29505,1.09107
1157,30914,260.4,342.4,169.4,180.4,265.4,16532,9124.74,9859,4480,3.67531,2.29707,1.09202
1158,30935,260.4,342.4,169.4,180.4,265.4,16532,9124.74,9859,4480,3.67854,2.29909,1.09297
1159,30959,260.4,342.4,169.4,180.4,265.4,16532,9124.74,9859,4480,3.68177,2.3011,1.09392
1160,30980,260.4,342.4,169.4,180.4,265.4,16532,9124.74,9890.14,4480,3.685,2.30312,1.09487
1161,31005,260.4,342.4,169.4,180.4,265.4,16532,9124.74,9890.14,4480,3.68823,2.30514,1.09582
1162,31028,260.4,342.4,169.4,180.4,265.4,16532,9124.74,9890.14,4480,3.69146,2.30716,1.09677
1163,31051,260.4,342.4,169.4,180.4,265.4,16532,9124.74,9890.14,4480,3.69469,2.30918,1.09772
1164,31076,260.4,342.4,169.4,180.4,265.4,16532,9124.74,9890.14,4480,3.69792,2.3112,1.09867
1165,31097,260.4,342.4,169.4,180.4,265.4,16532,9124.74,9890.14,4480,3.70115,2.31322,1.09962
1166,31116,260.4,342.4,169.4,180.4,265.4,16532,9124.74,9890.14,4480,3.70438,2.31524,1.10057
1167,31145,260.4,342.4,169.4,180.4,265.4,16532,9124.74,9890.14,4480,3.70761,2.31726,1.10152
1168,31170,260.4,342.4,169.4,180.4,265.4,16532,9124.74,9890.14,4480,3.71085,2.31928,1.10247
1169,31193,260.4,342.4,169.4,180.4,265.4,16532,9124.74,9890.14,4480,3.71408,2.3213,1.10342
1170,31217,260.4,342.4,169.4,180.4,265.4,16532,9124.74,9890.14,4480,3.71731,2.32332,1.10437
1171,31237,260.4,342.4,169.4,180.4,265.4,16532,9124.74,9890.14,4480,3.72054,2.32534,1.10532
1172,31262,260.4,342.4,169.4,180.4,265.4,16532,9124.74,9890.14,4480,3.72377,2.32736,1.10627
1173,31284,260.4,342.4,169.4,180.4,265.4,16532,9124.74,9890.14,4480,3.727,2.32937,1.10722
1174,31301,260.4,342.4,169.4,180.4,265.4,16532,9124.74,9890.14,4480,3.73023,2.33139,1.10817
1175,31321,260.4,342.4,169.4,180.4,265.4,16532,9124.74,9890.14,4480,3.73346,2.33341,1.10913
1176,31341,260.4,342.4,169.4,180.4,265.4,16532,9124.74,9921.28,4480,3.73669,2.33543,1.11008
1177,31360,260.4,342.4,169.4,180.4,265.4,16532,9124.74,9921.28,4480,3.73992,2.33745,1.11103
1178,31380,260.4,342.4,169.4,180.4,265.4,16532,9124.74,9921.28,4480,3.74315,2.33947,1.11198
1179,31405,260.4,342.4,169.4,180.4,265.4,16532,9124.74,9921.28,4480,3.74639,2.34149,1.11293
1180,31425,260.4,342.4,169.4,180.4,265.4,16532,9124.74,9921.28,4480,3.74962,2.34351,1.11388
1181,31448,260.4,342.4,169.4,180.4,265.4,16532,9124.74,9921.28,4480,3.75285,2.34553,1.11483
1182,31464,260.4,342.4,169.4,180.4,265.4,16532,9124.74,9921.28,4480,3.75608,2.34755,1.11578
1183,31483,260.4,342.4,169.4,180.4,265.4,16532,9124.74,9921.28,4480,3.75931,2.34957,1.11673
1184,31505,260.4,342.4,169.4,180.4,265.4,16532,9124.74,9921.28,4480,3.76254,2.35159,1.11768
1185,31527,260.4,342.4,169.4,180.4,265.4,16532,9124.74,9921.28,4480,3.76577,2.35361,1.11863
1186,31550,260.4,342.4,169.4,180.4,265.4,16532,9124.74,9921.28,4480,3.769,2.35563,1.11958
1187,31569,260.4,342.4,169.4,180.4,265.4,16532,9124.74,9921.28,4480,3.77223,2.35765,1.12053
1188,31591,260.4,342.4,169.4,180.4,265.4,16532,9124.74,9921.28,4480,3.77546,2.35966,1.12148
1189,31614,260.4,342.4,169.4,180.4,265.4,16532,9124.74,9921.28,4480,3.77869,2.36168,1.12243
1190,31631,260.4,342.4,169.4,180.4,265.4,16532,9124.74,9921.28,4480,3.78192,2.3637,1.12338
1191,31649,260.4,342.4,169.4,180.4,265.4,16532,9124.74,9921.28,4480,3.78516,2.36572,1.12433
1192,31673,260.4,342.4,169.4,180.4,265.4,16532,9124.74,9921.28,4480,3.78839,2.36774,1.12528
1193,31694,260.4,342.4,169.4,180.4,265.4,16532,9124.74,9952.41,4480,3.79162,2.36976,1.12623
1194,31715,260.4,342.4,169.4,180.4,265.4,16532,9124.74,9952.41,4480,3.79485,2.37178,1.12718
1195,31741,260.4,342.4,169.4,180.4,265.4,16532,9124.74,9952.41,4480,3.79808,2.3738,1.12813
1196,31759,260.4,342.4,169.4,180.4,265.4,16532,9124.74,9952.41,4480,3.80131,2.37582,1.12908
1197,31779,260.4,342.4,169.4,180.4,265.4,16532,9124.74,9952.41,4480,3.80454,2.37784,1.13003
1198,31801,260.4,342.4,169.4,180.4,265.4,16532,9124.74,9952.41,4480,3.80777,2.37986,1.13098
1199,31818,260.4,342.4,169.4,180.4,265.4,16532,9124.74,9952.41,4480,3.811,2.38188,1.13193
1200,31843,260.4,342.4,169.4,180.4,265.4,16532,9124.74,9952.41,4480,3.81423,2.3839,1.13288
1201,31863,260.4,342.4,169.4,180.4,265.4,16532,9124.74,9952.41,4480,3.81746,2.38592,1.13383
1202,31889,260.4,342.4,169.4,180.4,265.4,16532,9124.74,9952.41,4480,3.8207,2.38793,1.13478
1203,31908,260.4,342.4,169.4,180.4,265.4,16532,9124.74,9952.41,4480,3.82393,2.38995,1.13573
1204,31930,260.4,342.4,169.4,180.4,265.4,16532,9124.74,9952.41,4480,3.82716,2.39197,1.13668
1205,31957,260.4,342.4,169.4,180.4,265.4,16532,9124.74,9952.41,4480,3.83039,2.39399,1.13763
1206,31979,260.4,342.4,169.4,180.4,265.4,16532,9124.74,9952.41,4480,3.83362,2.39601,1.13858
1207,32005,260.4,342.4,169.4,180.4,265.4,16532,9124.74,9952.41,4480,3.83685,2.39803,1.13953
1208,32028,260.4,342.4,169.4,180.4,265.4,16532,9124.74,9952.41,4480,3.84008,2.40005,1.14048
1209,32048,260.4,342.4,169.4,180.4,265.4,16532,9124.74,9983.55,4480,3.84331,2.40207,1.14143
1210,32073,260.4,342.4,169.4,180.4,265.4,16532,9124.74,9983.55,4480,3.84654,2.40409,1.14238
1211,32094,260.4,342.4,169.4,180.4,265.4,16532,9124.74,9983.55,4480,3.84977,2.40611,1.14333
1212,32118,260.4,342.4,169.4,180.4,265.4,16532,9124.74,9983.55,4480,3.853,2.40813,1.14428
1213,32144,260.4,342.4,169.4,180.4,265.4,16532,9124.74,9983.55,4480,3.85623,2.41015,1.14523
1214,32168,260.4,342.4,169.4,180.4,265.4,16532,9124.74,9983.55,4480,3.85947,2.41217,1.14618
1215,32188,260.4,342.4,169.4,180.4,265.4,16532,9124.74,9983.55,4480,3.8627,2.41419,1.14713
1216,32210,260.4,342.4,169.4,180.4,265.4,16532,9124.74,9983.55,4480,3.86593,2.4162,1.14808
1217,32228,260.4,342.4,169.4,180.4,265.4,16532,9124.74,9983.55,4480,3.86916,2.41822,1.14903
1218,32256,260.4,342.4,169.4,180.4,265.4,16532,9124.74,9983.55,4480,3.87239,2.42024,1.14998
1219,32280,260.4,342.4,169.4,180.4,265.4,16532,9124.74,9983.55,4480,3.87562,2.42226,1.15093
1220,32301,260.4,342.4,169.4,180.4,265.4,16532,9124.74,9983.55,4480,3.87885,2.42428,1.15188
1221,32327,260.4,342.4,169.4,180.4,265.4,16532,9124.74,9983.55,4480,3.88208,2.4263,1.15283
1222,32347,260.4,342.4,169.4,180.4,265.4,16532,9124.74,9983.55,4480,3.88531,2.42832,1.15378
1223,32371,260.4,342.4,169.4,180.4,265.4,16532,9124.74,9983.55,4480,3.88854,2.43034,1.15473
1224,32393,260.4,342.4,169.4,180.4,265.4,16532,9124.74,9983.55,4480,3.89177,2.43236,1.15568
1225,32418,260.4,342.4,169.4,180.4,265.4,16532,9124.74,10014.7,4480,3.89501,2.43438,1.15664
1226,32438,260.4,342.4,169.4,180.4,265.4,16532,9124.74,10014.7,4480,3.89824,2.4364,1.15759
1227,32458,260.4,342.4,169.4,180.4,265.4,16532,9124.74,10014.7,4480,3.90147,2.43842,1.15854
1228,32481,260.4,342.4,169.4,180.4,265.4,16532,9124.74,10014.7,4480,3.9047,2.44044,1.15949
1229,32506,260.4,342.4,169.4,180.4,265.4,16532,9124.74,10014.7,4480,3.90793,2.44246,1.16044
1230,32530,260.4,342.4,169.4,180.4,265.4,16532,9124.74,10014.7,4480,3.91116,2.44447,1.16139
1231,32550,260.4,342.4,169.4,180.4,265.4,16532,9124.74,10014.7,4480,3.91439,2.44649,1.16234
1232,32572,260.4,342.4,169.4,180.4,265.4,16532,9124.74,10014.7,4480,3.91762,2.44851,1.16329
1233,32595,260.4,342.4,169.4,180.4,265.4,16532,9124.74,10014.7,4480,3.92085,2.45053,1.16424
1234,32618,260.4,342.4,169.4,180.4,265.4,16532,9124.74,10014.7,4480,3.92408,2.45255,1.16519
1235,32641,260.4,342.4,169.4,180.4,265.4,16532,9124.74,10014.7,4480,3.92731,2.45457,1.16614
1236,32661,260.4,342.4,169.4,180.4,265.4,16532,9124.74,10014.7,4480,3.93054,2.45659,1.16709
1237,32681,260.4,342.4,169.4,180.4,265.4,16532,9124.74,10014.7,4480,3.93378,2.45861,1.16804
1238,32706,260.4,342.4,169.4,180.4,265.4,16532,9124.74,10014.7,4480,3.93701,2.46063,1.16899
1239,32726,260.4,342.4,169.4,180.4,265.4,16532,9124.74,10014.7,4480,3.94024,2.46265,1.16994
1240,32751,260.4,342.4,169.4,180.4,265.4,16532,9124.74,10014.7,4480,3.94347,2.46467,1.17089
1241,32774,340.4,422.4,169.4,180.4,265.4,22036,14626.1,10045.8,4480,3.94865,2.46791,1.17184
1242,32795,340.4,422.4,169.4,180.4,265.4,22036,14626.1,10045.8,4480,3.95383,2.47115,1.17279
1243,32820,340.4,422.4,169.4,180.4,265.4,22036,14626.1,10045.8,4480,3.95902,2.47439,1.17374
1244,32841,340.4,422.4,169.4,180.4,265.4,22036,14626.1,10045.8,4480,3.9642,2.47763,1.17469
1245,32860,340.4,422.4,169.4,180.4,265.4,22036,14626.1,10045.8,4480,3.96938,2.48086,1.17564
1246,32879,340.4,422.4,169.4,180.4,265.4,22036,14626.1,10045.8,4480,3.97457,2.4841,1.17659
1247,32904,340.4,422.4,169.4,180.4,265.4,22036,14626.1,10045.8,4480,3.97975,2.48734,1.17754
1248,32927,340.4,422.4,169.4,180.4,265.4,22036,14626.1,10045.8,4480,3.98493,2.49058,1.17849
1249,32945,340.4,422.4,169.4,180.4,265.4,22036,14626.1,10045.8,4480,3.99012,2.49382,1.17944
1250,32965,340.4,422.4,169.4,180.4,265.4,22036,14626.1,10045.8,4480,3.9953,2.49706,1.18039
1251,32991,340.4,422.4,169.4,180.4,265.4,22036,14626.1,10045.8,4480,4.00048,2.5003,1.18134
1252,33012,340.4,422.4,169.4,180.4,265.4,22036,14626.1,10045.8,4480,4.00566,2.50354,1.18229
1253,33036,340.4,422.4,169.4,180.4,265.4,22036,14626.1,10045.8,4480,4.01085,2.50678,1.18324
1254,33056,340.4,422.4,169.4,180.4,265.4,22036,14626.1,10045.8,4480,4.01603,2.51002,1.18419
1255,33084,340.4,422.4,169.4,180.4,265.4,22036,14626.1,10045.8,4480,4.02121,2.51326,1.18514
1256,33103,340.4,422.4,169.4,180.4,265.4,22036,14626.1,10045.8,4480,4.0264,2.5165,1.18609
1257,33121,340.4,422.4,169.4,180.4,265.4,22036,14626.1,10045.8,4480,4.03158,2.51974,1.18704
1258,33146,340.4,422.4,169.4,180.4,265.4,22036,14626.1,10077,4480,4.03676,2.52298,1.18799
1259,33168,340.4,422.4,169.4,180.4,265.4,22036,14626.1,10077,4480,4.04195,2.52622,1.18894
1260,33188,340.4,422.4,169.4,180.4,265.4,22036,14626.1,10077,4480,4.04713,2.52946,1.18989
1261,33209,340.4,422.4,169.4,180.4,265.4,22036,14626.1,10077,4480,4.05231,2.5327,1.19084
1262,33231,340.4,422.4,169.4,180.4,265.4,22036,14626.1,10077,4480,4.0575,2.53593,1.19179
1263,33259,340.4,422.4,169.4,180.4,265.4,22036,14626.1,10077,4480,4.06268,2.53917,1.19274
1264,33281,340.4,422.4,169.4,180.4,265.4,22036,14626.1,10077,4480,4.06786,2.54241,1.19369
1265,33302,340.4,422.4,169.4,180.4,265.4,22036,14626.1,10077,4480,4.07304,2.54565,1.19464
1266,33331,340.4,422.4,169.4,180.4,265.4,22036,14626.1,10077,4480,4.07823,2.54889,1.19559
1267,33352,340.4,422.4,169.4,180.4,265.4,22036,14626.1,10077,4480,4.08341,2.55213,1.19654
1268,33378,340.4,422.4,169.4,180.4,265.4,22036,14626.1,10077,4480,4.08859,2.55537,1.19749
1269,33398,340.4,422.4,169.4,180.4,265.4,22036,14626.1,10077,4480,4.09378,2.55861,1.19844
1270,33419,340.4,422.4,169.4,180.4,265.4,22036,14626.1,10077,4480,4.09896,2.56185,1.19939
1271,33439,340.4,422.4,169.4,180.4,265.4,22036,14626.1,10077,4480,4.10414,2.56509,1.20034
1272,33460,340.4,422.4,169.4,180.4,265.4,22036,14626.1,10077,4480,4.10933,2.56833,1.20129
1273,33478,340.4,422.4,169.4,180.4,265.4,22036,14626.1,10077,4480,4.11451,2.57157,1.20224
1274,33498,340.4,422.4,169.4,180.4,265.4,22036,14626.1,10108.1,4480,4.11969,2.57481,1.20319
1275,33522,340.4,422.4,169.4,180.4,265.4,22036,14626.1,10108.1,4480,4.12488,2.57805,1.20414
1276,33547,340.4,422.4,169.4,180.4,265.4,22036,14626.1,10108.1,4480,4.13006,2.58129,1.2051
1277,33571,340.4,422.4,169.4,180.4,265.4,22036,14626.1,10108.1,4480,4.13524,2.58453,1.20605
1278,33591,340.4,422.4,169.4,180.4,265.4,22036,14626.1,10108.1,4480,4.14042,2.58777,1.207
1279,33612,340.4,422.4,169.4,180.4,265.4,22036,14626.1,10108.1,4480,4.14561,2.591,1.20795
1280,33639,340.4,422.4,169.4,180.4,265.4,22036,14626.1,10108.1,4480,4.15079,2.59424,1.2089
1281,33663,340.4,422.4,169.4,180.4,265.4,22036,14626.1,10108.1,4480,4.15597,2.59748,1.20985
1282,33684,340.4,422.4,169.4,180.4,265.4,22036,14626.1,10108.1,4480,4.16116,2.60072,1.2108
1283,33703,340.4,422.4,169.4,180.4,265.4,22036,14626.1,10108.1,4480,4.16634,2.60396,1.21175
1284,33727,340.4,422.4,169.4,180.4,265.4,22036,14626.1,10108.1,4480,4.17152,2.6072,1.2127
1285,33748,340.4,422.4,169.4,180.4,265.4,22036,14626.1,10108.1,4480,4.17671,2.61044,1.21365
1286,33768,340.4,422.4,169.4,180.4,265.4,22036,14626.1,10108.1,4480,4.18189,2.61368,1.2146
1287,33792,340.4,422.4,169.4,180.4,265.4,22036,14626.1,10108.1,4480,4.18707,2.61692,1.21555
1288,33814,340.4,422.4,169.4,180.4,265.4,22036,14626.1,10108.1,4480,4.19226,2.62016,1.2165
1289,33830,340.4,422.4,169.4,180.4,265.4,22036,14626.1,10108.1,4480,4.19744,2.6234,1.21745
1290,33848,340.4,422.4,169.4,180.4,265.4,22036,14626.1,10108.1,4480,4.20262,2.62664,1.2184
1291,33868,340.4,422.4,169.4,180.4,265.4,22036,14626.1,10139.2,4480,4.2078,2.62988,1.21935
1292,33892,340.4,422.4,169.4,180.4,265.4,22036,14626.1,10139.2,4480,4.21299,2.63312,1.2203
1293,33914,340.4,422.4,169.4,180.4,265.4,22036,14626.1,10139.2,4480,4.21817,2.63636,1.22125
1294,33938,340.4,422.4,169.4,180.4,265.4,22036,14626.1,10139.2,4480,4.22335,2.6396,1.2222
1295,33962,340.4,422.4,169.4,180.4,265.4,22036,14626.1,10139.2,4480,4.22854,2.64284,1.22315
1296,33985,340.4,422.4,169.4,180.4,265.4,22036,14626.1,10139.2,4480,4.23372,2.64607,1.2241
1297,34009,340.4,422.4,169.4,180.4,265.4,22036,14626.1,10139.2,4480,4.2389,2.64931,1.22505
1298,34025,340.4,422.4,169.4,180.4,265.4,22036,14626.1,10139.2,4480,4.24409,2.65255,1.226
1299,34046,340.4,422.4,169.4,180.4,265.4,22036,14626.1,10139.2,4480,4.24927,2.65579,1.22695
1300,34070,340.4,422.4,169.4,180.4,265.4,22036,14626.1,10139.2,4480,4.25445,2.65903,1.2279
1301,34087,340.4,422.4,169.4,180.4,265.4,22036,14626.1,10139.2,4480,4.25964,2.66227,1.22885
1302,34111,340.4,422.4,169.4,180.4,265.4,22036,14626.1,10139.2,4480,4.26482,2.66551,1.2298
1303,34135,340.4,422.4,169.4,180.4,265.4,22036,14626.1,10139.2,4480,4.27,2.66875,1.23075
1304,34161,340.4,422.4,169.4,180.4,265.4,22036,14626.1,10139.2,4480,4.27518,2.67199,1.2317
1305,34181,340.4,422.4,169.4,180.4,265.4,22036,14626.1,10139.2,4480,4.28037,2.67523,1.23265
1306,34198,340.4,422.4,169.4,180.4,265.4,22036,14626.1,10139.2,4480,4.28555,2.67847,1.2336
1307,34218,340.4,422.4,169.4,180.4,265.4,22036,14626.1,10139.2,4480,4.29073,2.68171,1.23455
1308,34234,340.4,422.4,169.4,180.4,265.4,22036,14626.1,10170.4,4480,4.29592,2.68495,1.2355
1309,34253,340.4,422.4,169.4,180.4,265.4,22036,14626.1,10170.4,4480,4.3011,2.68819,1.23645
1310,34277,340.4,422.4,169.4,180.4,265.4,22036,14626.1,10170.4,4480,4.30628,2.69143,1.2374
1311,34297,340.4,422.4,169.4,180.4,265.4,22036,14626.1,10170.4,4480,4.31147,2.69467,1.23835
1312,34314,340.4,422.4,169.4,180.4,265.4,22036,14626.1,10170.4,4480,4.31665,2.69791,1.2393
1313,34335,340.4,422.4,169.4,180.4,265.4,22036,14626.1,10170.4,4480,4.32183,2.70115,1.24025
1314,34355,340.4,422.4,169.4,180.4,265.4,22036,14626.1,10170.4,4480,4.32702,2.70438,1.2412
1315,34373,340.4,422.4,169.4,180.4,265.4,22036,14626.1,10170.4,4480,4.3322,2.70762,1.24215
1316,34396,340.4,422.4,169.4,180.4,265.4,22036,14626.1,10170.4,4480,4.33738,2.71086,1.2431
1317,34418,340.4,422.4,169.4,180.4,265.4,22036,14626.1,10170.4,4480,4.34256,2.7141,1.24405
1318,34438,340.4,422.4,169.4,180.4,265.4,22036,14626.1,10170.4,4480,4.34775,2.71734,1.245
1319,34460,340.4,422.4,169.4,180.4,265.4,22036,14626.1,10170.4,4480,4.35293,2.72058,1.24595
1320,34483,340.4,422.4,169.4,180.4,265.4,22036,14626.1,10170.4,4480,4.35811,2.72382,1.2469
1321,34506,340.4,422.4,169.4,180.4,265.4,22036,14626.1,10170.4,4480,4.3633,2.72706,1.24785
1322,34526,340.4,422.4,169.4,180.4,265.4,22036,14626.1,10170.4,4480,4.36848,2.7303,1.2488
1323,34545,340.4,422.4,169.4,180.4,265.4,22036,14626.1,10170.4,4480,4.37366,2.73354,1.24975
1324,34567,340.4,422.4,169.4,180.4,265.4,22036,14626.1,10170.4,4480,4.37885,2.73678,1.2507
1325,34588,340.4,422.4,169.4,180.4,265.4,22036,14626.1,10170.4,4480,4.38403,2.74002,1.25165
1326,34603,340.4,422.4,169.4,180.4,265.4,22036,14626.1,10201.5,4480,4.38921,2.74326,1.25261
1327,34625,340.4,422.4,169.4,180.4,265.4,22036,14626.1,10201.5,4480,4.3944,2.7465,1.25356
1328,34653,340.4,422.4,169.4,180.4,265.4,22036,14626.1,10201.5,4480,4.39958,2.74974,1.25451
1329,34672,340.4,422.4,169.4,180.4,265.4,22036,14626.1,10201.5,4480,4.40476,2.75298,1.25546
1330,34692,340.4,422.4,169.4,180.4,265.4,22036,14626.1,10201.5,4480,4.40994,2.75622,1.25641
1331,34708,340.4,422.4,169.4,180.4,265.4,22036,14626.1,10201.5,4480,4.41513,2.75945,1.25736
1332,34720,340.4,422.4,169.4,180.4,265.4,22036,14626.1,10201.5,4480,4.42031,2.76269,1.25831
1333,34744,340.4,422.4,169.4,180.4,265.4,22036,14626.1,10201.5,4480,4.42549,2.76593,1.25926
1334,34764,340.4,422.4,169.4,180.4,265.4,22036,14626.1,10201.5,4480,4.43068,2.76917,1.26021
1335,34786,340.4,422.4,169.4,180.4,265.4,22036,14626.1,10201.5,4480,4.43586,2.77241,1.26116
1336,34809,340.4,422.4,169.4,180.4,265.4,22036,14626.1,10201.5,4480,4.44104,2.77565,1.26211
1337,34826,340.4,422.4,169.4,180.4,265.4,22036,14626.1,10201.5,4480,4.44623,2.77889,1.26306
1338,34843,340.4,422.4,169.4,180.4,265.4,22036,14626.1,10201.5,4480,4.45141,2.78213,1.26401
1339,34862,340.4,422.4,169.4,180.4,265.4,22036,14626.1,10201.5,4480,4.45659,2.78537,1.26496
1340,34879,340.4,422.4,169.4,180.4,265.4,22036,14626.1,10201.5,4480,4.46178,2.78861,1.26591
1341,34899,340.4,422.4,169.4,180.4,265.4,22036,14626.1,10201.5,4480,4.46696,2.79185,1.26686
1342,34919,340.4,422.4,169.4,180.4,265.4,22036,14626.1,10201.5,4480,4.47214,2.79509,1.26781
1343,34939,340.4,422.4,169.4,180.4,265.4,22036,14626.1,10201.5,4480,4.47732,2.79833,1.26876
1344,34963,340.4,422.4,169.4,180.4,265.4,22036,14626.1,10201.5,4480,4.48251,2.80157,1.26971
1345,34982,340.4,422.4,169.4,180.4,265.4,22036,14626.1,10232.6,4480,4.48769,2.80481,1.27066
1346,35001,340.4,422.4,169.4,180.4,265.4,22036,14626.1,10232.6,4480,4.49287,2.80805,1.27161
1347,35023,340.4,422.4,169.4,180.4,265.4,22036,14626.1,10232.6,4480,4.49806,2.81129,1.27256
1348,35042,340.4,422.4,169.4,180.4,265.4,22036,14626.1,10232.6,4480,4.50324,2.81452,1.27351
1349,35059,340.4,422.4,169.4,180.4,265.4,22036,14626.1,10232.6,4480,4.50842,2.81776,1.27446
1350,35078,340.4,422.4,169.4,180.4,265.4,22036,14626.1,10232.6,4480,4.51361,2.821,1.27541
1351,35099,340.4,422.4,169.4,180.4,265.4,22036,14626.1,10232.6,4480,4.51879,2.82424,1.27636
1352,35118,340.4,422.4,169.4,180.4,265.4,22036,14626.1,10232.6,4480,4.52397,2.82748,1.27731
1353,35138,340.4,422.4,169.4,180.4,265.4,22036,14626.1,10232.6,4480,4.52915,2.83072,1.27826
1354,35159,340.4,422.4,169.4,180.4,265.4,22036,14626.1,10232.6,4480,4.53434,2.83396,1.27921
1355,35180,340.4,422.4,169.4,180.4,265.4,22036,14626.1,10232.6,4480,4.53952,2.8372,1.28016
1356,35198,340.4,422.4,169.4,180.4,265.4,22036,14626.1,10232.6,4480,4.5447,2.84044,1.28111
1357,35218,340.4,422.4,169.4,180.4,265.4,22036,14626.1,10232.6,4480,4.54989,2.84368,1.28206
1358,35235,340.4,422.4,169.4,180.4,265.4,22036,14626.1,10232.6,4480,4.55507,2.84692,1.28301
1359,35260,340.4,422.4,169.4,180.4,265.4,22036,14626.1,10232.6,4480,4.56025,2.85016,1.28396
1360,35276,340.4,422.4,169.4,180.4,265.4,22036,14626.1,10232.6,4480,4.56544,2.8534,1.28491
1361,35297,340.4,422.4,169.4,180.4,265.4,22036,14626.1,10232.6,4480,4.57062,2.85664,1.28586
1362,35320,340.4,422.4,169.4,180.4,265.4,22036,14626.1,10232.6,4480,4.5758,2.85988,1.28681
1363,35343,340.4,422.4,169.4,180.4,265.4,22036,14626.1,10232.6,4480,4.58099,2.86312,1.28776
1364,35367,340.4,422.4,169.4,180.4,265.4,22036,14626.1,10263.8,4480,4.58617,2.86636,1.28871
1365,35389,340.4,422.4,169.4,180.4,265.4,22036,14626.1,10263.8,4480,4.59135,2.86959,1.28966
1366,35407,340.4,422.4,169.4,180.4,265.4,22036,14626.1,10263.8,4480,4.59653,2.87283,1.29061
1367,35429,340.4,422.4,169.4,180.4,265.4,22036,14626.1,10263.8,4480,4.60172,2.87607,1.29156
1368,35448,340.4,422.4,169.4,180.4,265.4,22036,14626.1,10263.8,4480,4.6069,2.87931,1.29251
1369,35471,340.4,422.4,169.4,180.4,265.4,22036,14626.1,10263.8,4480,4.61208,2.88255,1.29346
1370,35492,340.4,422.4,169.4,180.4,265.4,22036,14626.1,10263.8,4480,4.61727,2.88579,1.29441
1371,35513,340.4,422.4,169.4,180.4,265.4,22036,14626.1,10263.8,4480,4.62245,2.88903,1.29536
1372,35537,340.4,422.4,169.4,180.4,265.4,22036,14626.1,10263.8,4480,4.62763,2.89227,1.29631
1373,35554,340.4,422.4,169.4,180.4,265.4,22036,14626.1,10263.8,4480,4.63282,2.89551,1.29726
1374,35575,340.4,422.4,169.4,180.4,265.4,22036,14626.1,10263.8,4480,4.638,2.89875,1.29821
1375,35598,340.4,422.4,169.4,180.4,265.4,22036,14626.1,10263.8,4480,4.64318,2.90199,1.29916
1376,35619,340.4,422.4,169.4,180.4,265.4,22036,14626.1,10263.8,4480,4.64837,2.90523,1.30011
1377,35638,340.4,422.4,169.4,180.4,265.4,22036,14626.1,10263.8,4480,4.65355,2.90847,1.30107
1378,35656,340.4,422.4,169.4,180.4,265.4,22036,14626.1,10263.8,4480,4.65873,2.91171,1.30202
1379,35674,340.4,422.4,169.4,180.4,265.4,22036,14626.1,10263.8,4480,4.66391,2.91495,1.30297
1380,35696,340.4,422.4,169.4,180.4,265.4,22036,14626.1,10263.8,4480,4.6691,2.91819,1.30392
1381,35715,340.4,422.4,169.4,180.4,265.4,22036,14626.1,10263.8,4480,4.67428,2.92143,1.30487
1382,35734,340.4,422.4,169.4,180.4,265.4,22036,14626.1,10294.9,4480,4.67946,2.92467,1.30582
1383,35750,340.4,422.4,169.4,180.4,265.4,22036,14626.1,10294.9,4480,4.68465,2.9279,1.30677
1384,35772,340.4,422.4,169.4,180.4,265.4,22036,14626.1,10294.9,4480,4.68983,2.93114,1.30772
1385,35789,340.4,422.4,169.4,180.4,265.4,22036,14626.1,10294.9,4480,4.69501,2.93438,1.30867
1386,35803,340.4,422.4,169.4,180.4,265.4,22036,14626.1,10294.9,4480,4.7002,2.93762,1.30962
1387,35822,340.4,422.4,169.4,180.4,265.4,22036,14626.1,10294.9,4480,4.70538,2.94086,1.31057
1388,35840,340.4,422.4,169.4,180.4,265.4,22036,14626.1,10294.9,4480,4.71056,2.9441,1.31152
1389,35862,340.4,422.4,169.4,180.4,265.4,22036,14626.1,10294.9,4480,4.71575,2.94734,1.31247
1390,35883,340.4,422.4,169.4,180.4,265.4,22036,14626.1,10294.9,4480,4.72093,2.95058,1.31342
1391,35902,340.4,422.4,169.4,180.4,265.4,22036,14626.1,10294.9,4480,4.72611,2.95382,1.31437
1392,35923,340.4,422.4,169.4,180.4,265.4,22036,14626.1,10294.9,4480,4.73129,2.95706,1.31532
1393,35948,340.4,422.4,169.4,180.4,265.4,22036,14626.1,10294.9,4480,4.73648,2.9603,1.31627
1394,35965,340.4,422.4,169.4,180.4,265.4,22036,14626.1,10294.9,4480,4.74166,2.96354,1.31722
1395,35985,340.4,422.4,169.4,180.4,265.4,22036,14626.1,10294.9,4480,4.74684,2.96678,1.31817
1396,36007,340.4,422.4,169.4,180.4,265.4,22036,14626.1,10294.9,4480,4.75203,2.97002,1.31912
1397,36030,340.4,422.4,169.4,180.4,265.4,22036,14626.1,10294.9,4480,4.75721,2.97326,1.32007
1398,36048,340.4,422.4,169.4,180.4,265.4,22036,14626.1,10294.9,4480,4.76239,2.9765,1.32102
1399,36071,340.4,422.4,169.4,180.4,265.4,22036,14626.1,10294.9,4480,4.76758,2.97974,1.32197
1400,36093,340.4,422.4,169.4,180.4,265.4,22036,14626.1,10294.9,4480,4.77276,2.98297,1.32292
1401,36114,340.4,422.4,169.4,180.4,265.4,22036,14626.1,10326,4480,4.77794,2.98621,1.32387
1402,36137,340.4,422.4,169.4,180.4,265.4,22036,14626.1,10326,4480,4.78313,2.98945,1.32482
1403,36161,340.4,422.4,169.4,180.4,265.4,22036,14626.1,10326,4480,4.78831,2.99269,1.32577
1404,36180,340.4,422.4,169.4,180.4,265.4,22036,14626.1,10326,4480,4.79349,2.99593,1.32672
1405,36202,340.4,422.4,169.4,180.4,265.4,22036,14626.1,10326,4480,4.79867,2.99917,1.32767
1406,36217,340.4,422.4,169.4,180.4,265.4,22036,14626.1,10326,4480,4.80386,3.00241,1.32862
1407,36234,340.4,422.4,169.4,180.4,265.4,22036,14626.1,10326,4480,4.80904,3.00565,1.32957
1408,36255,340.4,422.4,169.4,180.4,265.4,22036,14626.1,10326,4480,4.81422,3.00889,1.33052
1409,36276,340.4,422.4,169.4,180.4,265.4,22036,14626.1,10326,4480,4.81941,3.01213,1.33147
1410,36292,340.4,422.4,169.4,180.4,265.4,22036,14626.1,10326,4480,4.82459,3.01537,1.33242
1411,36312,340.4,422.4,169.4,180.4,265.4,22036,14626.1,10326,4480,4.82977,3.01861,1.33337
1412,36333,340.4,422.4,169.4,180.4,265.4,22036,14626.1,10326,4480,4.83496,3.02185,1.33432
1413,36355,340.4,422.4,169.4,180.4,265.4,22036,14626.1,10326,4480,4.84014,3.02509,1.33527
1414,36379,340.4,422.4,169.4,180.4,265.4,22036,14626.1,10326,4480,4.84532,3.02833,1.33622
1415,36402,340.4,422.4,169.4,180.4,265.4,22036,14626.1,10326,4480,4.85051,3.03157,1.33717
1416,36423,340.4,422.4,169.4,180.4,265.4,22036,14626.1,10326,4480,4.85569,3.03481,1.33812
1417,36442,340.4,422.4,169.4,180.4,265.4,22036,14626.1,10326,4480,4.86087,3.03804,1.33907
1418,36467,340.4,422.4,169.4,180.4,265.4,22036,14626.1,10326,4480,4.86605,3.04128,1.34002
1419,36490,340.4,422.4,169.4,180.4,265.4,22036,14626.1,10357.2,4480,4.87124,3.04452,1.34097
1420,36509,340.4,422.4,169.4,180.4,265.4,22036,14626.1,10357.2,4480,4.87642,3.04776,1.34192
1421,36530,340.4,422.4,169.4,180.4,265.4,22036,14626.1,10357.2,4480,4.8816,3.051,1.34287
1422,36546,340.4,422.4,169.4,180.4,265.4,22036,14626.1,10357.2,4480,4.88679,3.05424,1.34382
1423,36567,340.4,422.4,169.4,180.4,265.4,22036,14626.1,10357.2,4480,4.89197,3.05748,1.34477
1424,36587,340.4,422.4,169.4,180.4,265.4,22036,14626.1,10357.2,4480,4.89715,3.06072,1.34572
1425,36609,340.4,422.4,169.4,180.4,265.4,22036,14626.1,10357.2,4480,4.90234,3.06396,1.34667
1426,36629,340.4,422.4,169.4,180.4,265.4,22036,14626.1,10357.2,4480,4.90752,3.0672,1.34762
1427,36652,340.4,422.4,169.4,180.4,265.4,22036,14626.1,10357.2,4480,4.9127,3.07044,1.34858
1428,36670,340.4,422.4,169.4,180.4,265.4,22036,14626.1,10357.2,4480,4.91789,3.07368,1.34953
1429,36689,340.4,422.4,169.4,180.4,265.4,22036,14626.1,10357.2,4480,4.92307,3.07692,1.35048
1430,36714,340.4,422.4,169.4,180.4,265.4,22036,14626.1,10357.2,4480,4.92825,3.08016,1.35143
1431,36735,340.4,422.4,169.4,180.4,265.4,22036,14626.1,10357.2,4480,4.93343,3.0834,1.35238
1432,36754,340.4,422.4,169.4,180.4,265.4,22036,14626.1,10357.2,4480,4.93862,3.08664,1.35333
1433,36768,340.4,422.4,169.4,180.4,265.4,22036,14626.1,10357.2,4480,4.9438,3.08988,1.35428
1434,36792,340.4,422.4,169.4,180.4,265.4,22036,14626.1,10357.2,4480,4.94898,3.09311,1.35523
1435,36811,340.4,422.4,169.4,180.4,265.4,22036,14626.1,10357.2,4480,4.95417,3.09635,1.35618
1436,36830,340.4,422.4,169.4,180.4,265.4,22036,14626.1,10357.2,4480,4.95935,3.09959,1.35713
1437,36846,340.4,422.4,169.4,180.4,265.4,22036,14626.1,10357.2,4480,4.96453,3.10283,1.35808
1438,36870,340.4,422.4,169.4,180.4,265.4,22036,14626.1,10388.3,4480,4.96972,3.10607,1.35903
1439,36892,340.4,422.4,169.4,180.4,265.4,22036,14626.1,10388.3,4480,4.9749,3.10931,1.35998
1440,36911,340.4,422.4,169.4,180.4,265.4,22036,14626.1,10388.3,4480,4.98008,3.11255,1.36093
1441,36935,340.4,422.4,169.4,180.4,265.4,22036,14626.1,10388.3,4480,4.98527,3.11579,1.36188
1442,36952,340.4,422.4,169.4,180.4,265.4,22036,14626.1,10388.3,4480,4.99045,3.11903,1.36283
1443,36972,340.4,422.4,169.4,180.4,265.4,22036,14626.1,10388.3,4480,4.99563,3.12227,1.36378
1444,36994,340.4,422.4,169.4,180.4,265.4,22036,14626.1,10388.3,4480,5.00081,3.12551,1.36473
1445,37013,340.4,422.4,169.4,180.4,265.4,22036,14626.1,10388.3,4480,5.006,3.12875,1.36568
1446,37035,340.4,422.4,169.4,180.4,265.4,22036,14626.1,10388.3,4480,5.01118,3.13199,1.36663
1447,37054,340.4,422.4,169.4,180.4,265.4,22036,14626.1,10388.3,4480,5.01636,3.13523,1.36758
1448,37073,340.4,422.4,169.4,180.4,265.4,22036,14626.1,10388.3,4480,5.02155,3.13847,1.36853
1449,37092,340.4,422.4,169.4,180.4,265.4,22036,14626.1,10388.3,4480,5.02673,3.14171,1.36948
1450,37112,340.4,422.4,169.4,180.4,265.4,22036,14626.1,10388.3,4480,5.03191,3.14495,1.37043
1451,37133,340.4,422.4,169.4,180.4,265.4,22036,14626.1,10388.3,4480,5.0371,3.14818,1.37138
1452,37154,340.4,422.4,169.4,180.4,265.4,22036,14626.1,10388.3,4480,5.04228,3.15142,1.37233
1453,37176,340.4,422.4,169.4,180.4,265.4,22036,14626.1,10388.3,4480,5.04746,3.15466,1.37328
1454,37194,340.4,422.4,169.4,180.4,265.4,22036,14626.1,10388.3,4480,5.05265,3.1579,1.37423
1455,37213,340.4,422.4,169.4,180.4,265.4,22036,14626.1,10388.3,4480,5.05783,3.16114,1.37518
1456,37235,340.4,422.4,169.4,180.4,265.4,22036,14626.1,10388.3,4480,5.06301,3.16438,1.37613
1457,37254,340.4,422.4,169.4,180.4,265.4,22036,14626.1,10419.5,4480,5.06819,3.16762,1.37708
1458,37273,340.4,422.4,169.4,180.4,265.4,22036,14626.1,10419.5,4480,5.07338,3.17086,1.37803
1459,37297,340.4,422.4,169.4,180.4,265.4,22036,14626.1,10419.5,4480,5.07856,3.1741,1.37898
1460,37317,340.4,422.4,169.4,180.4,265.4,22036,14626.1,10419.5,4480,5.08374,3.17734,1.37993
1461,37338,340.4,422.4,169.4,180.4,265.4,22036,14626.1,10419.5,4480,5.08893,3.18058,1.38088
1462,37354,340.4,422.4,169.4,180.4,265.4,22036,14626.1,10419.5,4480,5.09411,3.18382,1.38183
1463,37367,340.4,422.4,169.4,180.4,265.4,22036,14626.1,10419.5,4480,5.09929,3.18706,1.38278
1464,37385,340.4,422.4,169.4,180.4,265.4,22036,14626.1,10419.5,4480,5.10448,3.1903,1.38373
1465,37406,340.4,422.4,169.4,180.4,265.4,22036,14626.1,10419.5,4480,5.10966,3.19354,1.38468
1466,37424,340.4,422.4,169.4,180.4,265.4,22036,14626.1,10419.5,4480,5.11484,3.19678,1.38563
1467,37436,340.4,422.4,169.4,180.4,265.4,22036,14626.1,10419.5,4480,5.12002,3.20002,1.38658
1468,37457,340.4,422.4,169.4,180.4,265.4,22036,14626.1,10419.5,4480,5.12521,3.20326,1.38753
1469,37474,340.4,422.4,169.4,180.4,265.4,22036,14626.1,10419.5,4480,5.13039,3.20649,1.38848
1470,37494,340.4,422.4,169.4,180.4,265.4,22036,14626.1,10419.5,4480,5.13557,3.20973,1.38943
1471,37508,340.4,422.4,169.4,180.4,265.4,22036,14626.1,10419.5,4480,5.14076,3.21297,1.39038
1472,37525,340.4,422.4,169.4,180.4,265.4,22036,14626.1,10419.5,4480,5.14594,3.21621,1.39133
1473,37542,340.4,422.4,169.4,180.4,265.4,22036,14626.1,10419.5,4480,5.15112,3.21945,1.39228
1474,37566,340.4,422.4,169.4,180.4,265.4,22036,14626.1,10419.5,4480,5.15631,3.22269,1.39323
1475,37581,340.4,422.4,169.4,180.4,265.4,22036,14626.1,10419.5,4480,5.16149,3.22593,1.39418
1476,37602,340.4,422.4,169.4,180.4,265.4,22036,14626.1,10419.5,4480,5.16667,3.22917,1.39513
1477,37623,340.4,422.4,169.4,180.4,265.4,22036,14626.1,10419.5,4480,5.17186,3.23241,1.39608
1478,37647,340.4,422.4,169.4,180.4,265.4,22036,14626.1,10450.6,4480,5.17704,3.23565,1.39704
1479,37671,340.4,422.4,169.4,180.4,265.4,22036,14626.1,10450.6,4480,5.18222,3.23889,1.39799
1480,37692,340.4,422.4,169.4,180.4,265.4,22036,14626.1,10450.6,4480,5.1874,3.24213,1.39894
1481,37710,340.4,422.4,169.4,180.4,265.4,22036,14626.1,10450.6,4480,5.19259,3.24537,1.39989
1482,37730,340.4,422.4,169.4,180.4,265.4,22036,14626.1,10450.6,4480,5.19777,3.24861,1.40084
1483,37751,340.4,422.4,169.4,180.4,265.4,22036,14626.1,10450.6,4480,5.20295,3.25185,1.40179
1484,37773,340.4,422.4,169.4,180.4,265.4,22036,14626.1,10450.6,4480,5.20814,3.25509,1.40274
1485,37790,340.4,422.4,169.4,180.4,265.4,22036,14626.1,10450.6,4480,5.21332,3.25833,1.40369
1486,37803,340.4,422.4,169.4,180.4,265.4,22036,14626.1,10450.6,4480,5.2185,3.26156,1.40464
1487,37820,340.4,422.4,169.4,180.4,265.4,22036,14626.1,10450.6,4480,5.22369,3.2648,1.40559
1488,37838,340.4,422.4,169.4,180.4,265.4,22036,14626.1,10450.6,4480,5.22887,3.26804,1.40654
1489,37858,340.4,422.4,169.4,180.4,265.4,22036,14626.1,10450.6,4480,5.23405,3.27128,1.40749
1490,37881,340.4,422.4,169.4,180.4,265.4,22036,14626.1,10450.6,4480,5.23924,3.27452,1.40844
1491,37897,340.4,422.4,169.4,180.4,265.4,22036,14626.1,10450.6,4480,5.24442,3.27776,1.40939
1492,37916,340.4,422.4,169.4,180.4,265.4,22036,14626.1,10450.6,4480,5.2496,3.281,1.41034
1493,37936,340.4,422.4,169.4,180.4,265.4,22036,14626.1,10450.6,4480,5.25478,3.28424,1.41129
1494,37952,340.4,422.4,169.4,180.4,265.4,22036,14626.1,10450.6,4480,5.25997,3.28748,1.41224
1495,37970,340.4,422.4,169.4,180.4,265.4,22036,14626.1,10450.6,4480,5.26515,3.29072,1.41319
1496,37990,340.4,422.4,169.4,180.4,265.4,22036,14626.1,10450.6,4480,5.27033,3.29396,1.41414
1497,38006,340.4,422.4,169.4,180.4,265.4,22036,14626.1,10450.6,4480,5.27552,3.2972,1.41509
1498,38025,340.4,422.4,169.4,180.4,265.4,22036,14626.1,10450.6,4480,5.2807,3.30044,1.41604
1499,38049,340.4,422.4,169.4,180.4,265.4,22036,14626.1,10481.7,4480,5.28588,3.30368,1.41699
1500,38073,340.4,422.4,169.4,180.4,265.4,22036,14626.1,10481.7,4480,5.29107,3.30692,1.41794
1501,38089,340.4,422.4,169.4,180.4,265.4,22036,14626.1,10481.7,4480,5.29625,3.31016,1.41889
1502,38112,340.4,422.4,169.4,180.4,265.4,22036,14626.1,10481.7,4480,5.30143,3.3134,1.41984
1503,38129,340.4,422.4,169.4,180.4,265.4,22036,14626.1,10481.7,4480,5.30662,3.31663,1.42079
1504,38152,340.4,422.4,169.4,180.4,265.4,22036,14626.1,10481.7,4480,5.3118,3.31987,1.42174
1505,38172,340.4,422.4,169.4,180.4,265.4,22036,14626.1,10481.7,4480,5.31698,3.32311,1.42269
1506,38191,340.4,422.4,169.4,180.4,265.4,22036,14626.1,10481.7,4480,5.32216,3.32635,1.42364
1507,38214,340.4,422.4,169.4,180.4,265.4,22036,14626.1,10481.7,4480,5.32735,3.32959,1.42459
1508,38236,340.4,422.4,169.4,180.4,265.4,22036,14626.1,10481.7,4480,5.33253,3.33283,1.42554
1509,38255,340.4,422.4,169.4,180.4,265.4,22036,14626.1,10481.7,4480,5.33771,3.33607,1.42649
1510,38273,340.4,422.4,169.4,180.4,265.4,22036,14626.1,10481.7,4480,5.3429,3.33931,1.42744
1511,38294,340.4,422.4,169.4,180.4,265.4,22036,14626.1,10481.7,4480,5.34808,3.34255,1.42839
1512,38318,340.4,422.4,169.4,180.4,265.4,22036,14626.1,10481.7,4480,5.35326,3.34579,1.42934
1513,38340,340.4,422.4,169.4,180.4,265.4,22036,14626.1,10481.7,4480,5.35845,3.34903,1.43029
1514,38357,340.4,422.4,169.4,180.4,265.4,22036,14626.1,10481.7,4480,5.36363,3.35227,1.43124
1515,38384,340.4,422.4,169.4,180.4,265.4,22036,14626.1,10481.7,4480,5.36881,3.35551,1.43219
1516,38406,340.4,422.4,169.4,180.4,265.4,22036,14626.1,10481.7,4480,5.374,3.35875,1.43314
1517,38429,340.4,422.4,169.4,180.4,265.4,22036,14626.1,10512.9,4480,5.37918,3.36199,1.43409
1518,38445,340.4,422.4,169.4,180.4,265.4,22036,14626.1,10512.9,4480,5.38436,3.36523,1.43504
1519,38464,340.4,422.4,169.4,180.4,265.4,22036,14626.1,10512.9,4480,5.38954,3.36847,1.43599
1520,38480,340.4,422.4,169.4,180.4,265.4,22036,14626.1,10512.9,4480,5.39473,3.3717,1.43694
1521,38505,340.4,422.4,169.4,180.4,265.4,22036,14626.1,10512.9,4480,5.39991,3.37494,1.43789
1522,38525,340.4,422.4,169.4,180.4,265.4,22036,14626.1,10512.9,4480,5.40509,3.37818,1.43884
1523,38544,340.4,422.4,169.4,180.4,265.4,22036,14626.1,10512.9,4480,5.41028,3.38142,1.43979
1524,38565,340.4,422.4,169.4,180.4,265.4,22036,14626.1,10512.9,4480,5.41546,3.38466,1.44074
1525,38583,340.4,422.4,169.4,180.4,265.4,22036,14626.1,10512.9,4480,5.42064,3.3879,1.44169
1526,38604,340.4,422.4,169.4,180.4,265.4,22036,14626.1,10512.9,4480,5.42583,3.39114,1.44264
1527,38622,340.4,422.4,169.4,180.4,265.4,22036,14626.1,10512.9,4480,5.43101,3.39438,1.44359
1528,38642,340.4,422.4,169.4,180.4,265.4,22036,14626.1,10512.9,4480,5.43619,3.39762,1.44455
1529,38658,340.4,422.4,169.4,180.4,265.4,22036,14626.1,10512.9,4480,5.44138,3.40086,1.4455
1530,38683,340.4,422.4,169.4,180.4,265.4,22036,14626.1,10512.9,4480,5.44656,3.4041,1.44645
1531,38702,340.4,422.4,169.4,180.4,265.4,22036,14626.1,10512.9,4480,5.45174,3.40734,1.4474
1532,38724,340.4,422.4,169.4,180.4,265.4,22036,14626.1,10512.9,4480,5.45692,3.41058,1.44835
1533,38741,340.4,422.4,169.4,180.4,265.4,22036,14626.1,10512.9,4480,5.46211,3.41382,1.4493
1534,38762,340.4,422.4,169.4,180.4,265.4,22036,14626.1,10512.9,4480,5.46729,3.41706,1.45025
1535,38780,340.4,422.4,169.4,180.4,265.4,22036,14626.1,10512.9,4480,5.47247,3.4203,1.4512
1536,38798,340.4,422.4,169.4,180.4,265.4,22036,14626.1,10512.9,4480,5.47766,3.42354,1.45215
1537,38818,340.4,422.4,169.4,180.4,265.4,22036,14626.1,10544,4480,5.48284,3.42677,1.4531
1538,38835,340.4,422.4,169.4,180.4,265.4,22036,14626.1,10544,4480,5.48802,3.43001,1.45405
1539,38856,340.4,422.4,169.4,180.4,265.4,22036,14626.1,10544,4480,5.49321,3.43325,1.455
1540,38878,340.4,422.4,169.4,180.4,265.4,22036,14626.1,10544,4480,5.49839,3.43649,1.45595
1541,38896,340.4,422.4,169.4,180.4,265.4,22036,14626.1,10544,4480,5.50357,3.43973,1.4569
1542,38917,340.4,422.4,169.4,180.4,265.4,22036,14626.1,10544,4480,5.50876,3.44297,1.45785
1543,38936,340.4,422.4,169.4,180.4,265.4,22036,14626.1,10544,4480,5.51394,3.44621,1.4588
1544,38959,340.4,422.4,169.4,180.4,265.4,22036,14626.1,10544,4480,5.51912,3.44945,1.45975
1545,38976,340.4,422.4,169.4,180.4,265.4,22036,14626.1,10544,4480,5.5243,3.45269,1.4607
1546,38999,340.4,422.4,169.4,180.4,265.4,22036,14626.1,10544,4480,5.52949,3.45593,1.46165
1547,39018,340.4,422.4,169.4,180.4,265.4,22036,14626.1,10544,4480,5.53467,3.45917,1.4626
1548,39038,340.4,422.4,169.4,180.4,265.4,22036,14626.1,10544,4480,5.53985,3.46241,1.46355
1549,39057,340.4,422.4,169.4,180.4,265.4,22036,14626.1,10544,4480,5.54504,3.46565,1.4645
1550,39082,340.4,422.4,169.4,180.4,265.4,22036,14626.1,10544,4480,5.55022,3.46889,1.46545
1551,39103,340.4,422.4,169.4,180.4,265.4,22036,14626.1,10544,4480,5.5554,3.47213,1.4664
1552,39125,340.4,422.4,169.4,180.4,265.4,22036,14626.1,10544,4480,5.56059,3.47537,1.46735
1553,39143,340.4,422.4,169.4,180.4,265.4,22036,14626.1,10544,4480,5.56577,3.47861,1.4683
1554,39163,340.4,422.4,169.4,180.4,265.4,22036,14626.1,10544,4480,5.57095,3.48185,1.46925
1555,39184,340.4,422.4,169.4,180.4,265.4,22036,14626.1,10544,4480,5.57614,3.48508,1.4702
1556,39200,340.4,422.4,169.4,180.4,265.4,22036,14626.1,10544,4480,5.58132,3.48832,1.47115
1557,39220,340.4,422.4,169.4,180.4,265.4,22036,14626.1,10575.1,4480,5.5865,3.49156,1.4721
1558,39240,340.4,422.4,169.4,180.4,265.4,22036,14626.1,10575.1,4480,5.59168,3.4948,1.47305
1559,39261,340.4,422.4,169.4,180.4,265.4,22036,14626.1,10575.1,4480,5.59687,3.49804,1.474
1560,39282,340.4,422.4,169.4,180.4,265.4,22036,14626.1,10575.1,4480,5.60205,3.50128,1.47495
1561,39302,340.4,422.4,169.4,180.4,265.4,22036,14626.1,10575.1,4480,5.60723,3.50452,1.4759
1562,39319,340.4,422.4,169.4,180.4,265.4,22036,14626.1,10575.1,4480,5.61242,3.50776,1.47685
1563,39336,340.4,422.4,169.4,180.4,265.4,22036,14626.1,10575.1,4480,5.6176,3.511,1.4778
1564,39355,340.4,422.4,169.4,180.4,265.4,22036,14626.1,10575.1,4480,5.62278,3.51424,1.47875
1565,39376,340.4,422.4,169.4,180.4,265.4,22036,14626.1,10575.1,4480,5.62797,3.51748,1.4797
1566,39395,340.4,422.4,169.4,180.4,265.4,22036,14626.1,10575.1,4480,5.63315,3.52072,1.48065
1567,39411,340.4,422.4,169.4,180.4,265.4,22036,14626.1,10575.1,4480,5.63833,3.52396,1.4816
1568,39432,340.4,422.4,169.4,180.4,265.4,22036,14626.1,10575.1,4480,5.64352,3.5272,1.48255
1569,39453,340.4,422.4,169.4,180.4,265.4,22036,14626.1,10575.1,4480,5.6487,3.53044,1.4835
1570,39471,340.4,422.4,169.4,180.4,265.4,22036,14626.1,10575.1,4480,5.65388,3.53368,1.48445
1571,39488,340.4,422.4,169.4,180.4,265.4,22036,14626.1,10575.1,4480,5.65906,3.53692,1.4854
1572,39507,340.4,422.4,169.4,180.4,265.4,22036,14626.1,10575.1,4480,5.66425,3.54015,1.48635
1573,39531,340.4,422.4,169.4,180.4,265.4,22036,14626.1,10575.1,4480,5.66943,3.54339,1.4873
1574,39547,340.4,422.4,169.4,180.4,265.4,22036,14626.1,10575.1,4480,5.67461,3.54663,1.48825
1575,39572,340.4,422.4,169.4,180.4,265.4,22036,14626.1,10575.1,4480,5.6798,3.54987,1.4892
1576,39596,340.4,422.4,169.4,180.4,265.4,22036,14626.1,10575.1,4480,5.68498,3.55311,1.49015
1577,39619,340.4,422.4,169.4,180.4,265.4,22036,14626.1,10606.3,4480,5.69016,3.55635,1.4911
1578,39639,340.4,422.4,169.4,180.4,265.4,22036,14626.1,10606.3,4480,5.69535,3.55959,1.49205
1579,39662,340.4,422.4,169.4,180.4,265.4,22036,14626.1,10606.3,4480,5.70053,3.56283,1.49301
1580,39680,340.4,422.4,169.4,180.4,265.4,22036,14626.1,10606.3,4480,5.70571,3.56607,1.49396
1581,39699,340.4,422.4,169.4,180.4,265.4,22036,14626.1,10606.3,4480,5.71089,3.56931,1.49491
1582,39722,340.4,422.4,169.4,180.4,265.4,22036,14626.1,10606.3,4480,5.71608,3.57255,1.49586
1583,39744,340.4,422.4,169.4,180.4,265.4,22036,14626.1,10606.3,4480,5.72126,3.57579,1.49681
1584,39761,340.4,422.4,169.4,180.4,265.4,22036,14626.1,10606.3,4480,5.72644,3.57903,1.49776
1585,39784,340.4,422.4,169.4,180.4,265.4,22036,14626.1,10606.3,4480,5.73163,3.58227,1.49871
1586,39806,340.4,422.4,169.4,180.4,265.4,22036,14626.1,10606.3,4480,5.73681,3.58551,1.49966
1587,39824,340.4,422.4,169.4,180.4,265.4,22036,14626.1,10606.3,4480,5.74199,3.58875,1.50061
1588,39845,340.4,422.4,169.4,180.4,265.4,22036,14626.1,10606.3,4480,5.74718,3.59199,1.50156
1589,39865,340.4,422.4,169.4,180.4,265.4,22036,14626.1,10606.3,4480,5.75236,3.59522,1.50251
1590,39882,340.4,422.4,169.4,180.4,265.4,22036,14626.1,10606.3,4480,5.75754,3.59846,1.50346
1591,39897,340.4,422.4,169.4,180.4,265.4,22036,14626.1,10606.3,4480,5.76273,3.6017,1.50441
1592,39918,340.4,422.4,169.4,180.4,265.4,22036,14626.1,10606.3,4480,5.76791,3.60494,1.50536
1593,39938,340.4,422.4,169.4,180.4,265.4,22036,14626.1,10606.3,4480,5.77309,3.60818,1.50631
1594,39954,340.4,422.4,169.4,180.4,265.4,22036,14626.1,10606.3,4480,5.77827,3.61142,1.50726
1595,39973,340.4,422.4,169.4,180.4,265.4,22036,14626.1,10606.3,4480,5.78346,3.61466,1.50821
1596,39992,340.4,422.4,169.4,180.4,265.4,22036,14626.1,10606.3,4480,5.78864,3.6179,1.50916
1597,40009,340.4,422.4,169.4,180.4,265.4,22036,14626.1,10637.4,4480,5.79382,3.62114,1.51011
1598,40030,340.4,422.4,169.4,180.4,265.4,22036,14626.1,10637.4,4480,5.79901,3.62438,1.51106
1599,40049,340.4,422.4,169.4,180.4,265.4,22036,14626.1,10637.4,4480,5.80419,3.62762,1.51201
1600,40072,340.4,422.4,169.4,180.4,265.4,22036,14626.1,10637.4,4480,5.80937,3.63086,1.51296
1601,40090,340.4,422.4,169.4,180.4,265.4,22036,14626.1,10637.4,4480,5.81456,3.6341,1.51391
1602,40112,340.4,422.4,169.4,180.4,265.4,22036,14626.1,10637.4,4480,5.81974,3.63734,1.51486
1603,40131,340.4,422.4,169.4,180.4,265.4,22036,14626.1,10637.4,4480,5.82492,3.64058,1.51581
1604,40149,340.4,422.4,169.4,180.4,265.4,22036,14626.1,10637.4,4480,5.83011,3.64382,1.51676
1605,40164,340.4,422.4,169.4,180.4,265.4,22036,14626.1,10637.4,4480,5.83529,3.64706,1.51771
1606,40189,340.4,422.4,169.4,180.4,265.4,22036,14626.1,10637.4,4480,5.84047,3.65029,1.51866
1607,40211,340.4,422.4,169.4,180.4,265.4,22036,14626.1,10637.4,4480,5.84565,3.65353,1.51961
1608,40226,340.4,422.4,169.4,180.4,265.4,22036,14626.1,10637.4,4480,5.85084,3.65677,1.52056
1609,40244,340.4,422.4,169.4,180.4,265.4,22036,14626.1,10637.4,4480,5.85602,3.66001,1.52151
1610,40262,340.4,422.4,169.4,180.4,265.4,22036,14626.1,10637.4,4480,5.8612,3.66325,1.52246
1611,40284,340.4,422.4,169.4,180.4,265.4,22036,14626.1,10637.4,4480,5.86639,3.66649,1.52341
1612,40303,340.4,422.4,169.4,180.4,265.4,22036,14626.1,10637.4,4480,5.87157,3.66973,1.52436
1613,40327,340.4,422.4,169.4,180.4,265.4,22036,14626.1,10637.4,4480,5.87675,3.67297,1.52531
1614,40342,340.4,422.4,169.4,180.4,265.4,22036,14626.1,10637.4,4480,5.88194,3.67621,1.52626
1615,40361,340.4,422.4,169.4,180.4,265.4,22036,14626.1,10637.4,4480,5.88712,3.67945,1.52721
1616,40382,340.4,422.4,169.4,180.4,265.4,22036,14626.1,10637.4,4480,5.8923,3.68269,1.52816
1617,40401,340.4,422.4,169.4,180.4,265.4,22036,14626.1,10637.4,4480,5.89749,3.68593,1.52911
1618,40424,340.4,422.4,169.4,180.4,265.4,22036,14626.1,10668.5,4480,5.90267,3.68917,1.53006
1619,40443,340.4,422.4,169.4,180.4,265.4,22036,14626.1,10668.5,4480,5.90785,3.69241,1.53101
1620,40456,340.4,422.4,169.4,180.4,265.4,22036,14626.1,10668.5,4480,5.91303,3.69565,1.53196
1621,40471,340.4,422.4,169.4,180.4,265.4,22036,14626.1,10668.5,4480,5.91822,3.69889,1.53291
1622,40492,340.4,422.4,169.4,180.4,265.4,22036,14626.1,10668.5,4480,5.9234,3.70213,1.53386
1623,40514,340.4,422.4,169.4,180.4,265.4,22036,14626.1,10668.5,4480,5.92858,3.70536,1.53481
1624,40538,340.4,422.4,169.4,180.4,265.4,22036,14626.1,10668.5,4480,5.93377,3.7086,1.53576
1625,40557,340.4,422.4,169.4,180.4,265.4,22036,14626.1,10668.5,4480,5.93895,3.71184,1.53671
1626,40574,340.4,422.4,169.4,180.4,265.4,22036,14626.1,10668.5,4480,5.94413,3.71508,1.53766
1627,40592,340.4,422.4,169.4,180.4,265.4,22036,14626.1,10668.5,4480,5.94932,3.71832,1.53861
1628,40611,340.4,422.4,169.4,180.4,265.4,22036,14626.1,10668.5,4480,5.9545,3.72156,1.53956
1629,40629,340.4,422.4,169.4,180.4,265.4,22036,14626.1,10668.5,4480,5.95968,3.7248,1.54052
1630,40653,340.4,422.4,169.4,180.4,265.4,22036,14626.1,10668.5,4480,5.96487,3.72804,1.54147
1631,40674,340.4,422.4,169.4,180.4,265.4,22036,14626.1,10668.5,4480,5.97005,3.73128,1.54242
1632,40695,340.4,422.4,169.4,180.4,265.4,22036,14626.1,10668.5,4480,5.97523,3.73452,1.54337
1633,40713,340.4,422.4,169.4,180.4,265.4,22036,14626.1,10668.5,4480,5.98041,3.73776,1.54432
1634,40731,340.4,422.4,169.4,180.4,265.4,22036,14626.1,10668.5,4480,5.9856,3.741,1.54527
1635,40751,340.4,422.4,169.4,180.4,265.4,22036,14626.1,10668.5,4480,5.99078,3.74424,1.54622
1636,40768,340.4,422.4,169.4,180.4,265.4,22036,14626.1,10668.5,4480,5.99596,3.74748,1.54717
1637,40788,340.4,422.4,169.4,180.4,265.4,22036,14626.1,10668.5,4480,6.00115,3.75072,1.54812
1638,40804,340.4,422.4,169.4,180.4,265.4,22036,14626.1,10668.5,4480,6.00633,3.75396,1.54907
1639,40823,340.4,422.4,169.4,180.4,265.4,22036,14626.1,10699.7,4480,6.01151,3.7572,1.55002
1640,40840,340.4,422.4,169.4,180.4,265.4,22036,14626.1,10699.7,4480,6.0167,3.76044,1.55097
1641,40864,340.4,422.4,169.4,180.4,265.4,22036,14626.1,10699.7,4480,6.02188,3.76367,1.55192
1642,40883,340.4,422.4,169.4,180.4,265.4,22036,14626.1,10699.7,4480,6.02706,3.76691,1.55287
1643,40907,340.4,422.4,169.4,180.4,265.4,22036,14626.1,10699.7,4480,6.03225,3.77015,1.55382
1644,40921,340.4,422.4,169.4,180.4,265.4,22036,14626.1,10699.7,4480,6.03743,3.77339,1.55477
1645,40944,340.4,422.4,169.4,180.4,265.4,22036,14626.1,10699.7,4480,6.04261,3.77663,1.55572
1646,40962,340.4,422.4,169.4,180.4,265.4,22036,14626.1,10699.7,4480,6.04779,3.77987,1.55667
1647,40978,340.4,422.4,169.4,180.4,265.4,22036,14626.1,10699.7,4480,6.05298,3.78311,1.55762
1648,40995,340.4,422.4,169.4,180.4,265.4,22036,14626.1,10699.7,4480,6.05816,3.78635,1.55857
1649,41011,340.4,422.4,169.4,180.4,265.4,22036,14626.1,10699.7,4480,6.06334,3.78959,1.55952
1650,41032,340.4,422.4,169.4,180.4,265.4,22036,14626.1,10699.7,4480,6.06853,3.79283,1.56047
1651,41050,340.4,422.4,169.4,180.4,265.4,22036,14626.1,10699.7,4480,6.07371,3.79607,1.56142
1652,41072,340.4,422.4,169.4,180.4,265.4,22036,14626.1,10699.7,4480,6.07889,3.79931,1.56237
1653,41088,340.4,422.4,169.4,180.4,265.4,22036,14626.1,10699.7,4480,6.08408,3.80255,1.56332
1654,41106,340.4,422.4,169.4,180.4,265.4,22036,14626.1,10699.7,4480,6.08926,3.80579,1.56427
1655,41124,340.4,422.4,169.4,180.4,265.4,22036,14626.1,10699.7,4480,6.09444,3.80903,1.56522
1656,41139,340.4,422.4,169.4,180.4,265.4,22036,14626.1,10699.7,4480,6.09963,3.81227,1.56617
1657,41150,340.4,422.4,169.4,180.4,265.4,22036,14626.1,10699.7,4480,6.10481,3.81551,1.56712
1658,41171,340.4,422.4,169.4,180.4,265.4,22036,14626.1,10699.7,4480,6.10999,3.81874,1.56807
1659,41191,340.4,422.4,169.4,180.4,265.4,22036,14626.1,10699.7,4480,6.11517,3.82198,1.56902
1660,41205,340.4,422.4,169.4,180.4,265.4,22036,14626.1,10699.7,4480,6.12036,3.82522,1.56997
1661,41227,340.4,422.4,169.4,180.4,265.4,22036,14626.1,10730.8,4480,6.12554,3.82846,1.57092
1662,41251,340.4,422.4,169.4,180.4,265.4,22036,14626.1,10730.8,4480,6.13072,3.8317,1.57187
1663,41264,340.4,422.4,169.4,180.4,265.4,22036,14626.1,10730.8,4480,6.13591,3.83494,1.57282
1664,41286,340.4,422.4,169.4,180.4,265.4,22036,14626.1,10730.8,4480,6.14109,3.83818,1.57377
1665,41304,340.4,422.4,169.4,180.4,265.4,22036,14626.1,10730.8,4480,6.14627,3.84142,1.57472
1666,41320,340.4,422.4,169.4,180.4,265.4,22036,14626.1,10730.8,4480,6.15146,3.84466,1.57567
1667,41337,340.4,422.4,169.4,180.4,265.4,22036,14626.1,10730.8,4480,6.15664,3.8479,1.57662
1668,41359,340.4,422.4,169.4,180.4,265.4,22036,14626.1,10730.8,4480,6.16182,3.85114,1.57757
1669,41381,340.4,422.4,169.4,180.4,265.4,22036,14626.1,10730.8,4480,6.16701,3.85438,1.57852
1670,41402,340.4,422.4,169.4,180.4,265.4,22036,14626.1,10730.8,4480,6.17219,3.85762,1.57947
1671,41420,340.4,422.4,169.4,180.4,265.4,22036,14626.1,10730.8,4480,6.17737,3.86086,1.58042
1672,41439,340.4,422.4,169.4,180.4,265.4,22036,14626.1,10730.8,4480,6.18255,3.8641,1.58137
1673,41455,340.4,422.4,169.4,180.4,265.4,22036,14626.1,10730.8,4480,6.18774,3.86734,1.58232
1674,41478,340.4,422.4,169.4,180.4,265.4,22036,14626.1,10730.8,4480,6.19292,3.87058,1.58327
1675,41498,340.4,422.4,169.4,180.4,265.4,22036,14626.1,10730.8,4480,6.1981,3.87381,1.58422
1676,41518,340.4,422.4,169.4,180.4,265.4,22036,14626.1,10730.8,4480,6.20329,3.87705,1.58517
1677,41535,340.4,422.4,169.4,180.4,265.4,22036,14626.1,10730.8,4480,6.20847,3.88029,1.58612
1678,41557,340.4,422.4,169.4,180.4,265.4,22036,14626.1,10730.8,4480,6.21365,3.88353,1.58707
1679,41574,340.4,422.4,169.4,180.4,265.4,22036,14626.1,10730.8,4480,6.21884,3.88677,1.58802
1680,41591,340.4,422.4,169.4,180.4,265.4,22036,14626.1,10730.8,4480,6.22402,3.89001,1.58898
1681,41612,340.4,422.4,169.4,180.4,265.4,22036,14626.1,10730.8,4480,6.2292,3.89325,1.58993
1682,41629,340.4,422.4,169.4,180.4,265.4,22036,14626.1,10761.9,4480,6.23439,3.89649,1.59088
1683,41652,340.4,422.4,169.4,180.4,265.4,22036,14626.1,10761.9,4480,6.23957,3.89973,1.59183
1684,41680,340.4,422.4,169.4,180.4,265.4,22036,14626.1,10761.9,4480,6.24475,3.90297,1.59278
1685,41694,340.4,422.4,169.4,180.4,265.4,22036,14626.1,10761.9,4480,6.24993,3.90621,1.59373
1686,41712,340.4,422.4,169.4,180.4,265.4,22036,14626.1,10761.9,4480,6.25512,3.90945,1.59468
1687,41726,340.4,422.4,169.4,180.4,265.4,22036,14626.1,10761.9,4480,6.2603,3.91269,1.59563
1688,41747,340.4,422.4,169.4,180.4,265.4,22036,14626.1,10761.9,4480,6.26548,3.91593,1.59658
1689,41765,340.4,422.4,169.4,180.4,265.4,22036,14626.1,10761.9,4480,6.27067,3.91917,1.59753
1690,41784,340.4,422.4,169.4,180.4,265.4,22036,14626.1,10761.9,4480,6.27585,3.92241,1.59848
1691,41807,340.4,422.4,169.4,180.4,265.4,22036,14626.1,10761.9,4480,6.28103,3.92565,1.59943
1692,41831,340.4,422.4,169.4,180.4,265.4,22036,14626.1,10761.9,4480,6.28622,3.92888,1.60038
1693,41852,340.4,422.4,169.4,180.4,265.4,22036,14626.1,10761.9,4480,6.2914,3.93212,1.60133
1694,41872,340.4,422.4,169.4,180.4,265.4,22036,14626.1,10761.9,4480,6.29658,3.93536,1.60228
1695,41883,340.4,422.4,169.4,180.4,265.4,22036,14626.1,10761.9,4480,6.30176,3.9386,1.60323
1696,41907,340.4,422.4,169.4,180.4,265.4,22036,14626.1,10761.9,4480,6.30695,3.94184,1.60418
1697,41928,340.4,422.4,169.4,180.4,265.4,22036,14626.1,10761.9,4480,6.31213,3.94508,1.60513
1698,41947,340.4,422.4,169.4,180.4,265.4,22036,14626.1,10761.9,4480,6.31731,3.94832,1.60608
1699,41969,340.4,422.4,169.4,180.4,265.4,22036,14626.1,10761.9,4480,6.3225,3.95156,1.60703
1700,41988,340.4,422.4,169.4,180.4,265.4,22036,14626.1,10761.9,4480,6.32768,3.9548,1.60798
1701,42003,340.4,422.4,169.4,180.4,265.4,22036,14626.1,10761.9,4480,6.33286,3.95804,1.60893
1702,42023,340.4,422.4,169.4,180.4,265.4,22036,14626.1,10761.9,4480,6.33805,3.96128,1.60988
1703,42040,340.4,422.4,169.4,180.4,265.4,22036,14626.1,10793.1,4480,6.34323,3.96452,1.61083
1704,42062,340.4,422.4,169.4,180.4,265.4,22036,14626.1,10793.1,4480,6.34841,3.96776,1.61178
1705,42079,340.4,422.4,169.4,180.4,265.4,22036,14626.1,10793.1,4480,6.3536,3.971,1.61273
1706,42098,340.4,422.4,169.4,180.4,265.4,22036,14626.1,10793.1,4480,6.35878,3.97424,1.61368
1707,42116,340.4,422.4,169.4,180.4,265.4,22036,14626.1,10793.1,4480,6.36396,3.97748,1.61463
1708,42131,340.4,422.4,169.4,180.4,265.4,22036,14626.1,10793.1,4480,6.36914,3.98072,1.61558
1709,42148,340.4,422.4,169.4,180.4,265.4,22036,14626.1,10793.1,4480,6.37433,3.98395,1.61653
1710,42171,340.4,422.4,169.4,180.4,265.4,22036,14626.1,10793.1,4480,6.37951,3.98719,1.61748
1711,42188,340.4,422.4,169.4,180.4,265.4,22036,14626.1,10793.1,4480,6.38469,3.99043,1.61843
1712,42212,340.4,422.4,169.4,180.4,265.4,22036,14626.1,10793.1,4480,6.38988,3.99367,1.61938
1713,42230,340.4,422.4,169.4,180.4,265.4,22036,14626.1,10793.1,4480,6.39506,3.99691,1.62033
1714,42250,340.4,422.4,169.4,180.4,265.4,22036,14626.1,10793.1,4480,6.40024,4.00015,1.62128
1715,42265,340.4,422.4,169.4,180.4,265.4,22036,14626.1,10793.1,4480,6.40543,4.00339,1.62223
1716,42282,340.4,422.4,169.4,180.4,265.4,22036,14626.1,10793.1,4480,6.41061,4.00663,1.62318
1717,42300,340.4,422.4,169.4,180.4,265.4,22036,14626.1,10793.1,4480,6.41579,4.00987,1.62413
1718,42318,340.4,422.4,169.4,180.4,265.4,22036,14626.1,10793.1,4480,6.42098,4.01311,1.62508
1719,42340,340.4,422.4,169.4,180.4,265.4,22036,14626.1,10793.1,4480,6.42616,4.01635,1.62603
1720,42361,340.4,422.4,169.4,180.4,265.4,22036,14626.1,10793.1,4480,6.43134,4.01959,1.62698
1721,42378,340.4,422.4,169.4,180.4,265.4,22036,14626.1,10793.1,4480,6.43652,4.02283,1.62793
1722,42395,340.4,422.4,169.4,180.4,265.4,22036,14626.1,10793.1,4480,6.44171,4.02607,1.62888
1723,42415,340.4,422.4,169.4,180.4,265.4,22036,14626.1,10793.1,4480,6.44689,4.02931,1.62983
1724,42432,340.4,422.4,169.4,180.4,265.4,22036,14626.1,10793.1,4480,6.45207,4.03255,1.63078
1725,42449,340.4,422.4,169.4,180.4,265.4,22036,14626.1,10824.2,4480,6.45726,4.03579,1.63173
1726,42467,340.4,422.4,169.4,180.4,265.4,22036,14626.1,10824.2,4480,6.46244,4.03903,1.63268
1727,42486,340.4,422.4,169.4,180.4,265.4,22036,14626.1,10824.2,4480,6.46762,4.04226,1.63363
1728,42505,340.4,422.4,169.4,180.4,265.4,22036,14626.1,10824.2,4480,6.47281,4.0455,1.63458
1729,42522,340.4,422.4,169.4,180.4,265.4,22036,14626.1,10824.2,4480,6.47799,4.04874,1.63553
1730,42538,340.4,422.4,169.4,180.4,265.4,22036,14626.1,10824.2,4480,6.48317,4.05198,1.63649
1731,42556,340.4,422.4,169.4,180.4,265.4,22036,14626.1,10824.2,4480,6.48836,4.05522,1.63744
1732,42575,340.4,422.4,169.4,180.4,265.4,22036,14626.1,10824.2,4480,6.49354,4.05846,1.63839
1733,42594,340.4,422.4,169.4,180.4,265.4,22036,14626.1,10824.2,4480,6.49872,4.0617,1.63934
1734,42608,340.4,422.4,169.4,180.4,265.4,22036,14626.1,10824.2,4480,6.5039,4.06494,1.64029
1735,42626,340.4,422.4,169.4,180.4,265.4,22036,14626.1,10824.2,4480,6.50909,4.06818,1.64124
1736,42648,340.4,422.4,169.4,180.4,265.4,22036,14626.1,10824.2,4480,6.51427,4.07142,1.64219
1737,42670,340.4,422.4,169.4,180.4,265.4,22036,14626.1,10824.2,4480,6.51945,4.07466,1.64314
1738,42686,340.4,422.4,169.4,180.4,265.4,22036,14626.1,10824.2,4480,6.52464,4.0779,1.64409
1739,42702,340.4,422.4,169.4,180.4,265.4,22036,14626.1,10824.2,4480,6.52982,4.08114,1.64504
1740,42715,340.4,422.4,169.4,180.4,265.4,22036,14626.1,10824.2,4480,6.535,4.08438,1.64599
1741,42733,340.4,422.4,169.4,180.4,265.4,22036,14626.1,10824.2,4480,6.54019,4.08762,1.64694
1742,42751,340.4,422.4,169.4,180.4,265.4,22036,14626.1,10824.2,4480,6.54537,4.09086,1.64789
1743,42768,340.4,422.4,169.4,180.4,265.4,22036,14626.1,10824.2,4480,6.55055,4.0941,1.64884
1744,42787,340.4,422.4,169.4,180.4,265.4,22036,14626.1,10824.2,4480,6.55574,4.09733,1.64979
1745,42807,340.4,422.4,169.4,180.4,265.4,22036,14626.1,10824.2,4480,6.56092,4.10057,1.65074
1746,42827,340.4,422.4,169.4,180.4,265.4,22036,14626.1,10824.2,4480,6.5661,4.10381,1.65169
1747,42847,340.4,422.4,169.4,180.4,265.4,22036,14626.1,10824.2,4480,6.57128,4.10705,1.65264
1748,42862,340.4,422.4,169.4,180.4,265.4,22036,14626.1,10855.4,4480,6.57647,4.11029,1.65359
1749,42877,340.4,422.4,169.4,180.4,265.4,22036,14626.1,10855.4,4480,6.58165,4.11353,1.65454
1750,42896,340.4,422.4,169.4,180.4,265.4,22036,14626.1,10855.4,4480,6.58683,4.11677,1.65549
1751,42914,340.4,422.4,169.4,180.4,265.4,22036,14626.1,10855.4,4480,6.59202,4.12001,1.65644
1752,42931,340.4,422.4,169.4,180.4,265.4,22036,14626.1,10855.4,4480,6.5972,4.12325,1.65739
1753,42949,340.4,422.4,169.4,180.4,265.4,22036,14626.1,10855.4,4480,6.60238,4.12649,1.65834
1754,42969,340.4,422.4,169.4,180.4,265.4,22036,14626.1,10855.4,4480,6.60757,4.12973,1.65929
1755,42988,340.4,422.4,169.4,180.4,265.4,22036,14626.1,10855.4,4480,6.61275,4.13297,1.66024
1756,43005,340.4,422.4,169.4,180.4,265.4,22036,14626.1,10855.4,4480,6.61793,4.13621,1.66119
1757,43028,340.4,422.4,169.4,180.4,265.4,22036,14626.1,10855.4,4480,6.62312,4.13945,1.66214
1758,43042,340.4,422.4,169.4,180.4,265.4,22036,14626.1,10855.4,4480,6.6283,4.14269,1.66309
1759,43063,340.4,422.4,169.4,180.4,265.4,22036,14626.1,10855.4,4480,6.63348,4.14593,1.66404
1760,43076,340.4,422.4,169.4,180.4,265.4,22036,14626.1,10855.4,4480,6.63866,4.14917,1.66499
1761,43099,340.4,422.4,169.4,180.4,265.4,22036,14626.1,10855.4,4480,6.64385,4.1524,1.66594
1762,43117,340.4,422.4,169.4,180.4,265.4,22036,14626.1,10855.4,4480,6.64903,4.15564,1.66689
1763,43137,340.4,422.4,169.4,180.4,265.4,22036,14626.1,10855.4,4480,6.65421,4.15888,1.66784
1764,43160,340.4,422.4,169.4,180.4,265.4,22036,14626.1,10855.4,4480,6.6594,4.16212,1.66879
1765,43182,340.4,422.4,169.4,180.4,265.4,22036,14626.1,10855.4,4480,6.66458,4.16536,1.66974
1766,43201,340.4,422.4,169.4,180.4,265.4,22036,14626.1,10855.4,4480,6.66976,4.1686,1.67069
1767,43215,340.4,422.4,169.4,180.4,265.4,22036,14626.1,10855.4,4480,6.67495,4.17184,1.67164
1768,43229,340.4,422.4,169.4,180.4,265.4,22036,14626.1,10855.4,4480,6.68013,4.17508,1.67259
1769,43248,340.4,422.4,169.4,180.4,265.4,22036,14626.1,10855.4,4480,6.68531,4.17832,1.67354
1770,43262,340.4,422.4,169.4,180.4,265.4,22036,14626.1,10855.4,4480,6.6905,4.18156,1.67449
1771,43275,340.4,422.4,169.4,180.4,265.4,22036,14626.1,10886.5,4480,6.69568,4.1848,1.67544
1772,43294,340.4,422.4,169.4,180.4,265.4,22036,14626.1,10886.5,4480,6.70086,4.18804,1.67639
1773,43310,340.4,422.4,169.4,180.4,265.4,22036,14626.1,10886.5,4480,6.70604,4.19128,1.67734
1774,43329,340.4,422.4,169.4,180.4,265.4,22036,14626.1,10886.5,4480,6.71123,4.19452,1.67829
1775,43347,340.4,422.4,169.4,180.4,265.4,22036,14626.1,10886.5,4480,6.71641,4.19776,1.67924
1776,43362,340.4,422.4,169.4,180.4,265.4,22036,14626.1,10886.5,4480,6.72159,4.201,1.68019
1777,43381,340.4,422.4,169.4,180.4,265.4,22036,14626.1,10886.5,4480,6.72678,4.20424,1.68114
1778,43398,340.4,422.4,169.4,180.4,265.4,22036,14626.1,10886.5,4480,6.73196,4.20747,1.68209
1779,43422,340.4,422.4,169.4,180.4,265.4,22036,14626.1,10886.5,4480,6.73714,4.21071,1.68304
1780,43436,340.4,422.4,169.4,180.4,265.4,22036,14626.1,10886.5,4480,6.74233,4.21395,1.68399
1781,43449,340.4,422.4,169.4,180.4,265.4,22036,14626.1,10886.5,4480,6.74751,4.21719,1.68495
1782,43462,340.4,422.4,169.4,180.4,265.4,22036,14626.1,10886.5,4480,6.75269,4.22043,1.6859
1783,43479,340.4,422.4,169.4,180.4,265.4,22036,14626.1,10886.5,4480,6.75788,4.22367,1.68685
1784,43496,340.4,422.4,169.4,180.4,265.4,22036,14626.1,10886.5,4480,6.76306,4.22691,1.6878
1785,43516,340.4,422.4,169.4,180.4,265.4,22036,14626.1,10886.5,4480,6.76824,4.23015,1.68875
1786,43534,340.4,422.4,169.4,180.4,265.4,22036,14626.1,10886.5,4480,6.77342,4.23339,1.6897
1787,43548,340.4,422.4,169.4,180.4,265.4,22036,14626.1,10886.5,4480,6.77861,4.23663,1.69065
1788,43567,340.4,422.4,169.4,180.4,265.4,22036,14626.1,10886.5,4480,6.78379,4.23987,1.6916
1789,43582,340.4,422.4,169.4,180.4,265.4,22036,14626.1,10886.5,4480,6.78897,4.24311,1.69255
1790,43603,340.4,422.4,169.4,180.4,265.4,22036,14626.1,10886.5,4480,6.79416,4.24635,1.6935
1791,43613,340.4,422.4,169.4,180.4,265.4,22036,14626.1,10886.5,4480,6.79934,4.24959,1.69445
1792,43635,340.4,422.4,169.4,180.4,265.4,22036,14626.1,10886.5,4480,6.80452,4.25283,1.6954
1793,43649,340.4,422.4,169.4,180.4,265.4,22036,14626.1,10886.5,4480,6.80971,4.25607,1.69635
1794,43668,340.4,422.4,169.4,180.4,265.4,22036,14626.1,10886.5,4480,6.81489,4.25931,1.6973
1795,43683,340.4,422.4,169.4,180.4,265.4,22036,14626.1,10917.6,4480,6.82007,4.26254,1.69825
1796,43700,340.4,422.4,169.4,180.4,265.4,22036,14626.1,10917.6,4480,6.82526,4.26578,1.6992
1797,43716,340.4,422.4,169.4,180.4,265.4,22036,14626.1,10917.6,4480,6.83044,4.26902,1.70015
1798,43730,340.4,422.4,169.4,180.4,265.4,22036,14626.1,10917.6,4480,6.83562,4.27226,1.7011
1799,43747,340.4,422.4,169.4,180.4,265.4,22036,14626.1,10917.6,4480,6.8408,4.2755,1.70205
1800,43765,340.4,422.4,169.4,180.4,265.4,22036,14626.1,10917.6,4480,6.84599,4.27874,1.703
1801,43784,340.4,422.4,169.4,180.4,265.4,22036,14626.1,10917.6,4480,6.85117,4.28198,1.70395
1802,43801,340.4,422.4,169.4,180.4,265.4,22036,14626.1,10917.6,4480,6.85635,4.28522,1.7049
1803,43820,340.4,422.4,169.4,180.4,265.4,22036,14626.1,10917.6,4480,6.86154,4.28846,1.70585
1804,43838,340.4,422.4,169.4,180.4,265.4,22036,14626.1,10917.6,4480,6.86672,4.2917,1.7068
1805,43851,340.4,422.4,169.4,180.4,265.4,22036,14626.1,10917.6,4480,6.8719,4.29494,1.70775
1806,43870,340.4,422.4,169.4,180.4,265.4,22036,14626.1,10917.6,4480,6.87709,4.29818,1.7087
1807,43885,340.4,422.4,169.4,180.4,265.4,22036,14626.1,10917.6,4480,6.88227,4.30142,1.70965
1808,43901,340.4,422.4,169.4,180.4,265.4,22036,14626.1,10917.6,4480,6.88745,4.30466,1.7106
1809,43920,340.4,422.4,169.4,180.4,265.4,22036,14626.1,10917.6,4480,6.89263,4.3079,1.71155
1810,43939,340.4,422.4,169.4,180.4,265.4,22036,14626.1,10917.6,4480,6.89782,4.31114,1.7125
1811,43960,340.4,422.4,169.4,180.4,265.4,22036,14626.1,10917.6,4480,6.903,4.31438,1.71345
1812,43978,340.4,422.4,169.4,180.4,265.4,22036,14626.1,10917.6,4480,6.90818,4.31762,1.7144
1813,43998,340.4,422.4,169.4,180.4,265.4,22036,14626.1,10917.6,4480,6.91337,4.32085,1.71535
1814,44013,340.4,422.4,169.4,180.4,265.4,22036,14626.1,10917.6,4480,6.91855,4.32409,1.7163
1815,44035,340.4,422.4,169.4,180.4,265.4,22036,14626.1,10917.6,4480,6.92373,4.32733,1.71725
1816,44052,340.4,422.4,169.4,180.4,265.4,22036,14626.1,10917.6,4480,6.92892,4.33057,1.7182
1817,44065,340.4,422.4,169.4,180.4,265.4,22036,14626.1,10917.6,4480,6.9341,4.33381,1.71915
1818,44084,340.4,422.4,169.4,180.4,265.4,22036,14626.1,10917.6,4480,6.93928,4.33705,1.7201
1819,44105,340.4,422.4,169.4,180.4,265.4,22036,14626.1,10948.8,4480,6.94447,4.34029,1.72105
1820,44124,340.4,422.4,169.4,180.4,265.4,22036,14626.1,10948.8,4480,6.94965,4.34353,1.722
1821,44143,340.4,422.4,169.4,180.4,265.4,22036,14626.1,10948.8,4480,6.95483,4.34677,1.72295
1822,44163,340.4,422.4,169.4,180.4,265.4,22036,14626.1,10948.8,4480,6.96001,4.35001,1.7239
1823,44175,340.4,422.4,169.4,180.4,265.4,22036,14626.1,10948.8,4480,6.9652,4.35325,1.72485
1824,44193,340.4,422.4,169.4,180.4,265.4,22036,14626.1,10948.8,4480,6.97038,4.35649,1.7258
1825,44212,340.4,422.4,169.4,180.4,265.4,22036,14626.1,10948.8,4480,6.97556,4.35973,1.72675
1826,44230,340.4,422.4,169.4,180.4,265.4,22036,14626.1,10948.8,4480,6.98075,4.36297,1.7277
1827,44249,340.4,422.4,169.4,180.4,265.4,22036,14626.1,10948.8,4480,6.98593,4.36621,1.72865
1828,44265,340.4,422.4,169.4,180.4,265.4,22036,14626.1,10948.8,4480,6.99111,4.36945,1.7296
1829,44287,340.4,422.4,169.4,180.4,265.4,22036,14626.1,10948.8,4480,6.9963,4.37269,1.73055
1830,44302,340.4,422.4,169.4,180.4,265.4,22036,14626.1,10948.8,4480,7.00148,4.37592,1.7315
1831,44316,340.4,422.4,169.4,180.4,265.4,22036,14626.1,10948.8,4480,7.00666,4.37916,1.73245
1832,44330,340.4,422.4,169.4,180.4,265.4,22036,14626.1,10948.8,4480,7.01185,4.3824,1.73341
1833,44340,340.4,422.4,169.4,180.4,265.4,22036,14626.1,10948.8,4480,7.01703,4.38564,1.73436
1834,44359,340.4,422.4,169.4,180.4,265.4,22036,14626.1,10948.8,4480,7.02221,4.38888,1.73531
1835,44378,340.4,422.4,169.4,180.4,265.4,22036,14626.1,10948.8,4480,7.02739,4.39212,1.73626
1836,44394,340.4,422.4,169.4,180.4,265.4,22036,14626.1,10948.8,4480,7.03258,4.39536,1.73721
1837,44414,340.4,422.4,169.4,180.4,265.4,22036,14626.1,10948.8,4480,7.03776,4.3986,1.73816
1838,44429,340.4,422.4,169.4,180.4,265.4,22036,14626.1,10948.8,4480,7.04294,4.40184,1.73911
1839,44447,340.4,422.4,169.4,180.4,265.4,22036,14626.1,10948.8,4480,7.04813,4.40508,1.74006
1840,44462,340.4,422.4,169.4,180.4,265.4,22036,14626.1,10948.8,4480,7.05331,4.40832,1.74101
1841,44478,340.4,422.4,169.4,180.4,265.4,22036,14626.1,10948.8,4480,7.05849,4.41156,1.74196
1842,44498,340.4,422.4,169.4,180.4,265.4,22036,14626.1,10948.8,4480,7.06368,4.4148,1.74291
1843,44513,340.4,422.4,169.4,180.4,265.4,22036,14626.1,10948.8,4480,7.06886,4.41804,1.74386
1844,44530,340.4,422.4,169.4,180.4,265.4,22036,14626.1,10979.9,4480,7.07404,4.42128,1.74481
1845,44542,340.4,422.4,169.4,180.4,265.4,22036,14626.1,10979.9,4480,7.07923,4.42452,1.74576
1846,44561,340.4,422.4,169.4,180.4,265.4,22036,14626.1,10979.9,4480,7.08441,4.42776,1.74671
1847,44575,340.4,422.4,169.4,180.4,265.4,22036,14626.1,10979.9,4480,7.08959,4.43099,1.74766
1848,44594,340.4,422.4,169.4,180.4,265.4,22036,14626.1,10979.9,4480,7.09477,4.43423,1.74861
1849,44614,340.4,422.4,169.4,180.4,265.4,22036,14626.1,10979.9,4480,7.09996,4.43747,1.74956
1850,44630,340.4,422.4,169.4,180.4,265.4,22036,14626.1,10979.9,4480,7.10514,4.44071,1.75051
1851,44646,340.4,422.4,169.4,180.4,265.4,22036,14626.1,10979.9,4480,7.11032,4.44395,1.75146
1852,44665,340.4,422.4,169.4,180.4,265.4,22036,14626.1,10979.9,4480,7.11551,4.44719,1.75241
1853,44682,340.4,422.4,169.4,180.4,265.4,22036,14626.1,10979.9,4480,7.12069,4.45043,1.75336
1854,44704,340.4,422.4,169.4,180.4,265.4,22036,14626.1,10979.9,4480,7.12587,4.45367,1.75431
1855,44719,340.4,422.4,169.4,180.4,265.4,22036,14626.1,10979.9,4480,7.13106,4.45691,1.75526
1856,44734,340.4,422.4,169.4,180.4,265.4,22036,14626.1,10979.9,4480,7.13624,4.46015,1.75621
1857,44751,340.4,422.4,169.4,180.4,265.4,22036,14626.1,10979.9,4480,7.14142,4.46339,1.75716
1858,44769,340.4,422.4,169.4,180.4,265.4,22036,14626.1,10979.9,4480,7.14661,4.46663,1.75811
1859,44786,340.4,422.4,169.4,180.4,265.4,22036,14626.1,10979.9,4480,7.15179,4.46987,1.75906
1860,44806,340.4,422.4,169.4,180.4,265.4,22036,14626.1,10979.9,4480,7.15697,4.47311,1.76001
1861,44826,340.4,422.4,169.4,180.4,265.4,22036,14626.1,10979.9,4480,7.16215,4.47635,1.76096
1862,44843,340.4,422.4,169.4,180.4,265.4,22036,14626.1,10979.9,4480,7.16734,4.47959,1.76191
1863,44859,340.4,422.4,169.4,180.4,265.4,22036,14626.1,10979.9,4480,7.17252,4.48283,1.76286
1864,44875,340.4,422.4,169.4,180.4,265.4,22036,14626.1,10979.9,4480,7.1777,4.48606,1.76381
1865,44892,340.4,422.4,169.4,180.4,265.4,22036,14626.1,10979.9,4480,7.18289,4.4893,1.76476
1866,44903,340.4,422.4,169.4,180.4,265.4,22036,14626.1,10979.9,4480,7.18807,4.49254,1.76571
1867,44923,340.4,422.4,169.4,180.4,265.4,22036,14626.1,10979.9,4480,7.19325,4.49578,1.76666
1868,44946,340.4,422.4,169.4,180.4,265.4,22036,14626.1,11011,4480,7.19844,4.49902,1.76761
1869,44962,340.4,422.4,169.4,180.4,265.4,22036,14626.1,11011,4480,7.20362,4.50226,1.76856
1870,44982,340.4,422.4,169.4,180.4,265.4,22036,14626.1,11011,4480,7.2088,4.5055,1.76951
1871,45000,340.4,422.4,169.4,180.4,265.4,22036,14626.1,11011,4480,7.21399,4.50874,1.77046
1872,45020,340.4,422.4,169.4,180.4,265.4,22036,14626.1,11011,4480,7.21917,4.51198,1.77141
1873,45036,340.4,422.4,169.4,180.4,265.4,22036,14626.1,11011,4480,7.22435,4.51522,1.77236
1874,45055,340.4,422.4,169.4,180.4,265.4,22036,14626.1,11011,4480,7.22953,4.51846,1.77331
1875,45072,340.4,422.4,169.4,180.4,265.4,22036,14626.1,11011,4480,7.23472,4.5217,1.77426
1876,45090,340.4,422.4,169.4,180.4,265.4,22036,14626.1,11011,4480,7.2399,4.52494,1.77521
1877,45111,340.4,422.4,169.4,180.4,265.4,22036,14626.1,11011,4480,7.24508,4.52818,1.77616
1878,45131,340.4,422.4,169.4,180.4,265.4,22036,14626.1,11011,4480,7.25027,4.53142,1.77711
1879,45149,340.4,422.4,169.4,180.4,265.4,22036,14626.1,11011,4480,7.25545,4.53466,1.77806
1880,45163,340.4,422.4,169.4,180.4,265.4,22036,14626.1,11011,4480,7.26063,4.5379,1.77901
1881,45178,340.4,422.4,169.4,180.4,265.4,22036,14626.1,11011,4480,7.26582,4.54114,1.77996
1882,45200,340.4,422.4,169.4,180.4,265.4,22036,14626.1,11011,4480,7.271,4.54437,1.78092
1883,45216,340.4,422.4,169.4,180.4,265.4,22036,14626.1,11011,4480,7.27618,4.54761,1.78187
1884,45237,340.4,422.4,169.4,180.4,265.4,22036,14626.1,11011,4480,7.28137,4.55085,1.78282
1885,45252,340.4,422.4,169.4,180.4,265.4,22036,14626.1,11011,4480,7.28655,4.55409,1.78377
1886,45270,340.4,422.4,169.4,180.4,265.4,22036,14626.1,11011,4480,7.29173,4.55733,1.78472
1887,45287,340.4,422.4,169.4,180.4,265.4,22036,14626.1,11011,4480,7.29691,4.56057,1.78567
1888,45304,340.4,422.4,169.4,180.4,265.4,22036,14626.1,11011,4480,7.3021,4.56381,1.78662
1889,45319,340.4,422.4,169.4,180.4,265.4,22036,14626.1,11011,4480,7.30728,4.56705,1.78757
1890,45332,340.4,422.4,169.4,180.4,265.4,22036,14626.1,11011,4480,7.31246,4.57029,1.78852
1891,45354,340.4,422.4,169.4,180.4,265.4,22036,14626.1,11011,4480,7.31765,4.57353,1.78947
1892,45372,340.4,422.4,169.4,180.4,265.4,22036,14626.1,11042.2,4480,7.32283,4.57677,1.79042
1893,45391,340.4,422.4,169.4,180.4,265.4,22036,14626.1,11042.2,4480,7.32801,4.58001,1.79137
1894,45411,340.4,422.4,169.4,180.4,265.4,22036,14626.1,11042.2,4480,7.3332,4.58325,1.79232
1895,45429,340.4,422.4,169.4,180.4,265.4,22036,14626.1,11042.2,4480,7.33838,4.58649,1.79327
1896,45448,340.4,422.4,169.4,180.4,265.4,22036,14626.1,11042.2,4480,7.34356,4.58973,1.79422
1897,45469,340.4,422.4,169.4,180.4,265.4,22036,14626.1,11042.2,4480,7.34875,4.59297,1.79517
1898,45484,340.4,422.4,169.4,180.4,265.4,22036,14626.1,11042.2,4480,7.35393,4.59621,1.79612
1899,45504,340.4,422.4,169.4,180.4,265.4,22036,14626.1,11042.2,4480,7.35911,4.59944,1.79707
1900,45524,340.4,422.4,169.4,180.4,265.4,22036,14626.1,11042.2,4480,7.36429,4.60268,1.79802
1901,45539,340.4,422.4,169.4,180.4,265.4,22036,14626.1,11042.2,4480,7.36948,4.60592,1.79897
1902,45555,340.4,422.4,169.4,180.4,265.4,22036,14626.1,11042.2,4480,7.37466,4.60916,1.79992
1903,45575,340.4,422.4,169.4,180.4,265.4,22036,14626.1,11042.2,4480,7.37984,4.6124,1.80087
1904,45595,340.4,422.4,169.4,180.4,265.4,22036,14626.1,11042.2,4480,7.38503,4.61564,1.80182
1905,45610,340.4,422.4,169.4,180.4,265.4,22036,14626.1,11042.2,4480,7.39021,4.61888,1.80277
1906,45624,340.4,422.4,169.4,180.4,265.4,22036,14626.1,11042.2,4480,7.39539,4.62212,1.80372
1907,45641,340.4,422.4,169.4,180.4,265.4,22036,14626.1,11042.2,4480,7.40058,4.62536,1.80467
1908,45655,340.4,422.4,169.4,180.4,265.4,22036,14626.1,11042.2,4480,7.40576,4.6286,1.80562
1909,45670,340.4,422.4,169.4,180.4,265.4,22036,14626.1,11042.2,4480,7.41094,4.63184,1.80657
1910,45684,340.4,422.4,169.4,180.4,265.4,22036,14626.1,11042.2,4480,7.41613,4.63508,1.80752
1911,45698,340.4,422.4,169.4,180.4,265.4,22036,14626.1,11042.2,4480,7.42131,4.63832,1.80847
1912,45711,340.4,422.4,169.4,180.4,265.4,22036,14626.1,11042.2,4480,7.42649,4.64156,1.80942
1913,45734,340.4,422.4,169.4,180.4,265.4,22036,14626.1,11042.2,4480,7.43167,4.6448,1.81037
1914,45746,340.4,422.4,169.4,180.4,265.4,22036,14626.1,11042.2,4480,7.43686,4.64804,1.81132
1915,45766,340.4,422.4,169.4,180.4,265.4,22036,14626.1,11042.2,4480,7.44204,4.65128,1.81227
1916,45778,340.4,422.4,169.4,180.4,265.4,22036,14626.1,11042.2,4480,7.44722,4.65451,1.81322
1917,45796,340.4,422.4,169.4,180.4,265.4,22036,14626.1,11042.2,4480,7.45241,4.65775,1.81417
1918,45811,340.4,422.4,169.4,180.4,265.4,22036,14626.1,11073.3,4480,7.45759,4.66099,1.81512
1919,45828,340.4,422.4,169.4,180.4,265.4,22036,14626.1,11073.3,4480,7.46277,4.66423,1.81607
1920,45844,340.4,422.4,169.4,180.4,265.4,22036,14626.1,11073.3,4480,7.46796,4.66747,1.81702
1921,45860,340.4,422.4,169.4,180.4,265.4,22036,14626.1,11073.3,4480,7.47314,4.67071,1.81797
1922,45879,340.4,422.4,169.4,180.4,265.4,22036,14626.1,11073.3,4480,7.47832,4.67395,1.81892
1923,45889,340.4,422.4,169.4,180.4,265.4,22036,14626.1,11073.3,4480,7.4835,4.67719,1.81987
1924,45902,340.4,422.4,169.4,180.4,265.4,22036,14626.1,11073.3,4480,7.48869,4.68043,1.82082
1925,45916,340.4,422.4,169.4,180.4,265.4,22036,14626.1,11073.3,4480,7.49387,4.68367,1.82177
1926,45933,340.4,422.4,169.4,180.4,265.4,22036,14626.1,11073.3,4480,7.49905,4.68691,1.82272
1927,45951,340.4,422.4,169.4,180.4,265.4,22036,14626.1,11073.3,4480,7.50424,4.69015,1.82367
1928,45967,340.4,422.4,169.4,180.4,265.4,22036,14626.1,11073.3,4480,7.50942,4.69339,1.82462
1929,45982,340.4,422.4,169.4,180.4,265.4,22036,14626.1,11073.3,4480,7.5146,4.69663,1.82557
1930,46001,340.4,422.4,169.4,180.4,265.4,22036,14626.1,11073.3,4480,7.51979,4.69987,1.82652
1931,46019,340.4,422.4,169.4,180.4,265.4,22036,14626.1,11073.3,4480,7.52497,4.70311,1.82747
1932,46037,340.4,422.4,169.4,180.4,265.4,22036,14626.1,11073.3,4480,7.53015,4.70635,1.82842
1933,46054,340.4,422.4,169.4,180.4,265.4,22036,14626.1,11073.3,4480,7.53534,4.70958,1.82938
1934,46072,340.4,422.4,169.4,180.4,265.4,22036,14626.1,11073.3,4480,7.54052,4.71282,1.83033
1935,46086,340.4,422.4,169.4,180.4,265.4,22036,14626.1,11073.3,4480,7.5457,4.71606,1.83128
1936,46107,340.4,422.4,169.4,180.4,265.4,22036,14626.1,11073.3,4480,7.55088,4.7193,1.83223
1937,46129,340.4,422.4,169.4,180.4,265.4,22036,14626.1,11073.3,4480,7.55607,4.72254,1.83318
1938,46145,340.4,422.4,169.4,180.4,265.4,22036,14626.1,11073.3,4480,7.56125,4.72578,1.83413
1939,46164,340.4,422.4,169.4,180.4,265.4,22036,14626.1,11073.3,4480,7.56643,4.72902,1.83508
1940,46174,340.4,422.4,169.4,180.4,265.4,22036,14626.1,11073.3,4480,7.57162,4.73226,1.83603
1941,46191,340.4,422.4,169.4,180.4,265.4,22036,14626.1,11073.3,4480,7.5768,4.7355,1.83698
1942,46211,340.4,422.4,169.4,180.4,265.4,22036,14626.1,11073.3,4480,7.58198,4.73874,1.83793
1943,46226,340.4,422.4,169.4,180.4,265.4,22036,14626.1,11104.4,4480,7.58717,4.74198,1.83888
1944,46243,340.4,422.4,169.4,180.4,265.4,22036,14626.1,11104.4,4480,7.59235,4.74522,1.83983
1945,46255,340.4,422.4,169.4,180.4,265.4,22036,14626.1,11104.4,4480,7.59753,4.74846,1.84078
1946,46271,340.4,422.4,169.4,180.4,265.4,22036,14626.1,11104.4,4480,7.60272,4.7517,1.84173
1947,46290,340.4,422.4,169.4,180.4,265.4,22036,14626.1,11104.4,4480,7.6079,4.75494,1.84268
1948,46310,340.4,422.4,169.4,180.4,265.4,22036,14626.1,11104.4,4480,7.61308,4.75818,1.84363
1949,46326,340.4,422.4,169.4,180.4,265.4,22036,14626.1,11104.4,4480,7.61826,4.76142,1.84458
1950,46347,340.4,422.4,169.4,180.4,265.4,22036,14626.1,11104.4,4480,7.62345,4.76465,1.84553
1951,46361,340.4,422.4,169.4,180.4,265.4,22036,14626.1,11104.4,4480,7.62863,4.76789,1.84648
1952,46379,340.4,422.4,169.4,180.4,265.4,22036,14626.1,11104.4,4480,7.63381,4.77113,1.84743
1953,46399,340.4,422.4,169.4,180.4,265.4,22036,14626.1,11104.4,4480,7.639,4.77437,1.84838
1954,46411,340.4,422.4,169.4,180.4,265.4,22036,14626.1,11104.4,4480,7.64418,4.77761,1.84933
1955,46431,340.4,422.4,169.4,180.4,265.4,22036,14626.1,11104.4,4480,7.64936,4.78085,1.85028
1956,46451,340.4,422.4,169.4,180.4,265.4,22036,14626.1,11104.4,4480,7.65455,4.78409,1.85123
1957,46471,340.4,422.4,169.4,180.4,265.4,22036,14626.1,11104.4,4480,7.65973,4.78733,1.85218
1958,46489,340.4,422.4,169.4,180.4,265.4,22036,14626.1,11104.4,4480,7.66491,4.79057,1.85313
1959,46501,340.4,422.4,169.4,180.4,265.4,22036,14626.1,11104.4,4480,7.6701,4.79381,1.85408
1960,46519,340.4,422.4,169.4,180.4,265.4,22036,14626.1,11104.4,4480,7.67528,4.79705,1.85503
1961,46537,340.4,422.4,169.4,180.4,265.4,22036,14626.1,11104.4,4480,7.68046,4.80029,1.85598
1962,46548,340.4,422.4,169.4,180.4,265.4,22036,14626.1,11104.4,4480,7.68564,4.80353,1.85693
1963,46569,340.4,422.4,169.4,180.4,265.4,22036,14626.1,11104.4,4480,7.69083,4.80677,1.85788
1964,46586,340.4,422.4,169.4,180.4,265.4,22036,14626.1,11104.4,4480,7.69601,4.81001,1.85883
1965,46602,340.4,422.4,169.4,180.4,265.4,22036,14626.1,11104.4,4480,7.70119,4.81325,1.85978
1966,46622,340.4,422.4,169.4,180.4,265.4,22036,14626.1,11104.4,4480,7.70638,4.81649,1.86073
1967,46640,340.4,422.4,169.4,180.4,265.4,22036,14626.1,11104.4,4480,7.71156,4.81973,1.86168
1968,46660,340.4,422.4,169.4,180.4,265.4,22036,14626.1,11135.6,4480,7.71674,4.82296,1.86263
1969,46684,340.4,422.4,169.4,180.4,265.4,22036,14626.1,11135.6,4480,7.72193,4.8262,1.86358
1970,46698,340.4,422.4,169.4,180.4,265.4,22036,14626.1,11135.6,4480,7.72711,4.82944,1.86453
1971,46719,340.4,422.4,169.4,180.4,265.4,22036,14626.1,11135.6,4480,7.73229,4.83268,1.86548
1972,46741,340.4,422.4,169.4,180.4,265.4,22036,14626.1,11135.6,4480,7.73748,4.83592,1.86643
1973,46757,340.4,422.4,169.4,180.4,265.4,22036,14626.1,11135.6,4480,7.74266,4.83916,1.86738
1974,46778,340.4,422.4,169.4,180.4,265.4,22036,14626.1,11135.6,4480,7.74784,4.8424,1.86833
1975,46792,340.4,422.4,169.4,180.4,265.4,22036,14626.1,11135.6,4480,7.75302,4.84564,1.86928
1976,46809,340.4,422.4,169.4,180.4,265.4,22036,14626.1,11135.6,4480,7.75821,4.84888,1.87023
1977,46829,340.4,422.4,169.4,180.4,265.4,22036,14626.1,11135.6,4480,7.76339,4.85212,1.87118
1978,46841,340.4,422.4,169.4,180.4,265.4,22036,14626.1,11135.6,4480,7.76857,4.85536,1.87213
1979,46856,340.4,422.4,169.4,180.4,265.4,22036,14626.1,11135.6,4480,7.77376,4.8586,1.87308
1980,46870,340.4,422.4,169.4,180.4,265.4,22036,14626.1,11135.6,4480,7.77894,4.86184,1.87403
1981,46885,340.4,422.4,169.4,180.4,265.4,22036,14626.1,11135.6,4480,7.78412,4.86508,1.87498
1982,46906,340.4,422.4,169.4,180.4,265.4,22036,14626.1,11135.6,4480,7.78931,4.86832,1.87593
1983,46923,340.4,422.4,169.4,180.4,265.4,22036,14626.1,11135.6,4480,7.79449,4.87156,1.87689
1984,46940,340.4,422.4,169.4,180.4,265.4,22036,14626.1,11135.6,4480,7.79967,4.8748,1.87784
1985,46953,340.4,422.4,169.4,180.4,265.4,22036,14626.1,11135.6,4480,7.80486,4.87803,1.87879
1986,46970,340.4,422.4,169.4,180.4,265.4,22036,14626.1,11135.6,4480,7.81004,4.88127,1.87974
1987,46991,340.4,422.4,169.4,180.4,265.4,22036,14626.1,11135.6,4480,7.81522,4.88451,1.88069
1988,47009,340.4,422.4,169.4,180.4,265.4,22036,14626.1,11135.6,4480,7.8204,4.88775,1.88164
1989,47026,340.4,422.4,169.4,180.4,265.4,22036,14626.1,11135.6,4480,7.82559,4.89099,1.88259
1990,47041,340.4,422.4,169.4,180.4,265.4,22036,14626.1,11135.6,4480,7.83077,4.89423,1.88354
1991,47061,340.4,422.4,169.4,180.4,265.4,22036,14626.1,11135.6,4480,7.83595,4.89747,1.88449
1992,47077,340.4,422.4,169.4,180.4,265.4,22036,14626.1,11135.6,4480,7.84114,4.90071,1.88544
1993,47096,340.4,422.4,169.4,180.4,265.4,22036,14626.1,11166.7,4480,7.84632,4.90395,1.88639
1994,47111,340.4,422.4,169.4,180.4,265.4,22036,14626.1,11166.7,4480,7.8515,4.90719,1.88734
1995,47127,340.4,422.4,169.4,180.4,265.4,22036,14626.1,11166.7,4480,7.85669,4.91043,1.88829
1996,47149,340.4,422.4,169.4,180.4,265.4,22036,14626.1,11166.7,4480,7.86187,4.91367,1.88924
1997,47168,340.4,422.4,169.4,180.4,265.4,22036,14626.1,11166.7,4480,7.86705,4.91691,1.89019
1998,47186,340.4,422.4,169.4,180.4,265.4,22036,14626.1,11166.7,4480,7.87224,4.92015,1.89114
1999,47200,340.4,422.4,169.4,180.4,265.4,22036,14626.1,11166.7,4480,7.87742,4.92339,1.89209
2000,47213,340.4,422.4,169.4,180.4,265.4,22036,14626.1,11166.7,4480,7.8826,4.92663,1.89304
